,en,de,zh,he,ar
en,1.0,0.47010073587197254,0.06758591126670001,0.01571765378295349,0.024433807244409515
de,0.3329285569722728,1.0,0.06243675369358429,0.013256425824731835,0.02200971463266545
zh,0.19030376181854758,0.24823979078656205,1.0,0.04687185676926172,0.06819553409776705
he,0.09657594381035997,0.11501316944688324,0.10228270412642669,1.0,0.10623353819139596
ar,0.09930313588850175,0.12630662020905922,0.09843205574912892,0.070267131242741,1.0
