{"eval_loss": 2.263890027999878, "eval_token_acc": 0.484195596379846, "eval_f1_macro": 0.45717731098027214, "eval_prec_ADJ": 0.6059637912673056, "eval_f1_ADJ": 0.540360873694207, "eval_support_ADJ": 1167.0, "eval_prec_ADP": 0.8728693181818182, "eval_f1_ADP": 0.5480490523968785, "eval_support_ADP": 3077.0, "eval_prec_ADV": 0.03937007874015748, "eval_f1_ADV": 0.052770448548812667, "eval_support_ADV": 125.0, "eval_prec_AUX": 0.7391304347826086, "eval_f1_AUX": 0.038202247191011236, "eval_support_AUX": 867.0, "eval_prec_CCONJ": 0.7887323943661971, "eval_f1_CCONJ": 0.8795811518324608, "eval_support_CCONJ": 338.0, "eval_prec_DET": 0.521311475409836, "eval_f1_DET": 0.5867158671586716, "eval_support_DET": 237.0, "eval_prec_INTJ": 0.0, "eval_f1_INTJ": 0.0, "eval_support_INTJ": 0.0, "eval_prec_NOUN": 0.6665857212238951, "eval_f1_NOUN": 0.703125, "eval_support_NOUN": 3690.0, "eval_prec_NUM": 0.6909722222222222, "eval_f1_NUM": 0.7171171171171171, "eval_support_NUM": 267.0, "eval_prec_PART": 1.0, "eval_f1_PART": 0.3759036144578313, "eval_support_PART": 337.0, "eval_prec_PRON": 0.8846153846153846, "eval_f1_PRON": 0.16696914700544466, "eval_support_PRON": 499.0, "eval_prec_PROPN": 1.0, "eval_f1_PROPN": 0.0010121457489878543, "eval_support_PROPN": 1975.0, "eval_prec_PUNCT": 0.6305555555555555, "eval_f1_PUNCT": 0.7729852440408627, "eval_support_PUNCT": 682.0, "eval_prec_SCONJ": 0.9593908629441624, "eval_f1_SCONJ": 0.849438202247191, "eval_support_SCONJ": 248.0, "eval_prec_SYM": 0.0, "eval_f1_SYM": 0.0, "eval_support_SYM": 0.0, "eval_prec_VERB": 0.5641661500309981, "eval_f1_VERB": 0.6254295532646048, "eval_support_VERB": 1297.0, "eval_prec_X": 0.0, "eval_f1_X": 0.0, "eval_support_X": 0.0, "eval_runtime": 13.0271, "eval_samples_per_second": 41.068, "eval_steps_per_second": 1.305}