{"eval_loss": 1.686203956604004, "eval_token_acc": 0.6795216529861308, "eval_f1_macro": 0.4956504551161746, "eval_prec_ADJ": 0.8652373660030628, "eval_f1_ADJ": 0.8145611821949901, "eval_support_ADJ": 2937.0, "eval_prec_ADP": 0.974239962868415, "eval_f1_ADP": 0.9500961864886274, "eval_support_ADP": 4528.0, "eval_prec_ADV": 0.04289118347895155, "eval_f1_ADV": 0.07923697725605282, "eval_support_ADV": 104.0, "eval_prec_AUX": 0.06060606060606061, "eval_f1_AUX": 0.06542056074766354, "eval_support_AUX": 197.0, "eval_prec_CCONJ": 0.9706877113866967, "eval_f1_CCONJ": 0.9218415417558886, "eval_support_CCONJ": 1962.0, "eval_prec_DET": 0.03850970569818409, "eval_f1_DET": 0.06444851977993188, "eval_support_DET": 623.0, "eval_prec_INTJ": 0.0, "eval_f1_INTJ": 0.0, "eval_support_INTJ": 0.0, "eval_prec_NOUN": 0.9399512103584162, "eval_f1_NOUN": 0.6734337187415972, "eval_support_NOUN": 9547.0, "eval_prec_NUM": 0.9429892141756548, "eval_f1_NUM": 0.8571428571428571, "eval_support_NUM": 779.0, "eval_prec_PART": 0.0, "eval_f1_PART": 0.0, "eval_support_PART": 226.0, "eval_prec_PRON": 0.5142118863049095, "eval_f1_PRON": 0.5204882301656495, "eval_support_PRON": 1133.0, "eval_prec_PROPN": 0.015485407980941036, "eval_f1_PROPN": 0.0304093567251462, "eval_support_PROPN": 31.0, "eval_prec_PUNCT": 0.9828094302554028, "eval_f1_PUNCT": 0.9789628180039139, "eval_support_PUNCT": 2052.0, "eval_prec_SCONJ": 0.8822393822393823, "eval_f1_SCONJ": 0.8679962013295347, "eval_support_SCONJ": 535.0, "eval_prec_SYM": 0.17180616740088106, "eval_f1_SYM": 0.291044776119403, "eval_support_SYM": 41.0, "eval_prec_VERB": 0.6931780366056572, "eval_f1_VERB": 0.8020793222949557, "eval_support_VERB": 2189.0, "eval_prec_X": 0.03914590747330961, "eval_f1_X": 0.013245033112582781, "eval_support_X": 1380.0, "eval_runtime": 31.1268, "eval_samples_per_second": 21.846, "eval_steps_per_second": 0.707}