{"eval_loss": 0.7347988486289978, "eval_token_acc": 0.7885053660962168, "eval_f1_macro": 0.601084402197692, "eval_prec_ADJ": 0.5175219023779725, "eval_f1_ADJ": 0.5089230769230769, "eval_support_ADJ": 1652.0, "eval_prec_ADP": 0.9593874833555259, "eval_f1_ADP": 0.8990797067540165, "eval_support_ADP": 3407.0, "eval_prec_ADV": 0.21937842778793418, "eval_f1_ADV": 0.2577873254564984, "eval_support_ADV": 384.0, "eval_prec_AUX": 0.7638888888888888, "eval_f1_AUX": 0.679431747992588, "eval_support_AUX": 899.0, "eval_prec_CCONJ": 0.9759615384615384, "eval_f1_CCONJ": 0.9825750242013552, "eval_support_CCONJ": 1026.0, "eval_prec_DET": 0.8253638253638254, "eval_f1_DET": 0.8168724279835391, "eval_support_DET": 491.0, "eval_prec_INTJ": 0.0, "eval_f1_INTJ": 0.0, "eval_support_INTJ": 27.0, "eval_prec_NOUN": 0.8771397018221977, "eval_f1_NOUN": 0.8218327620772166, "eval_support_NOUN": 8219.0, "eval_prec_NUM": 0.8068181818181818, "eval_f1_NUM": 0.8806201550387597, "eval_support_NUM": 293.0, "eval_prec_PART": 0.0, "eval_f1_PART": 0.0, "eval_support_PART": 28.0, "eval_prec_PRON": 0.526517571884984, "eval_f1_PRON": 0.6124117428465254, "eval_support_PRON": 1126.0, "eval_prec_PROPN": 0.5088927137119909, "eval_f1_PROPN": 0.6215837421163279, "eval_support_PROPN": 1111.0, "eval_prec_PUNCT": 0.998133457769482, "eval_f1_PUNCT": 0.9985994397759104, "eval_support_PUNCT": 2141.0, "eval_prec_SCONJ": 0.900523560209424, "eval_f1_SCONJ": 0.6785009861932939, "eval_support_SCONJ": 632.0, "eval_prec_SYM": 0.0, "eval_f1_SYM": 0.0, "eval_support_SYM": 0.0, "eval_prec_VERB": 0.8282271944922547, "eval_f1_VERB": 0.8591322978039636, "eval_support_VERB": 2696.0, "eval_prec_X": 0.0, "eval_f1_X": 0.0, "eval_support_X": 1.0, "eval_runtime": 17.9243, "eval_samples_per_second": 81.175, "eval_steps_per_second": 2.566}