{"eval_loss": 2.4621572494506836, "eval_token_acc": 0.32689450222882616, "eval_f1_macro": 0.1206291420162596, "eval_prec_ADJ": 0.15384615384615385, "eval_f1_ADJ": 0.003389830508474576, "eval_support_ADJ": 1167.0, "eval_prec_ADP": 0.0, "eval_f1_ADP": 0.0, "eval_support_ADP": 3077.0, "eval_prec_ADV": 0.0, "eval_f1_ADV": 0.0, "eval_support_ADV": 125.0, "eval_prec_AUX": 0.6382978723404256, "eval_f1_AUX": 0.06564551422319474, "eval_support_AUX": 867.0, "eval_prec_CCONJ": 0.0, "eval_f1_CCONJ": 0.0, "eval_support_CCONJ": 338.0, "eval_prec_DET": 0.0, "eval_f1_DET": 0.0, "eval_support_DET": 237.0, "eval_prec_INTJ": 0.0, "eval_f1_INTJ": 0.0, "eval_support_INTJ": 0.0, "eval_prec_NOUN": 0.36541518894460073, "eval_f1_NOUN": 0.5035813600741552, "eval_support_NOUN": 3690.0, "eval_prec_NUM": 0.5230769230769231, "eval_f1_NUM": 0.20481927710843373, "eval_support_NUM": 267.0, "eval_prec_PART": 0.0, "eval_f1_PART": 0.0, "eval_support_PART": 337.0, "eval_prec_PRON": 0.4444444444444444, "eval_f1_PRON": 0.0867992766726944, "eval_support_PRON": 499.0, "eval_prec_PROPN": 0.0, "eval_f1_PROPN": 0.0, "eval_support_PROPN": 1975.0, "eval_prec_PUNCT": 0.22299306243805747, "eval_f1_PUNCT": 0.3639795093016986, "eval_support_PUNCT": 682.0, "eval_prec_SCONJ": 0.0, "eval_f1_SCONJ": 0.0, "eval_support_SCONJ": 248.0, "eval_prec_SYM": 0.0, "eval_f1_SYM": 0.0, "eval_support_SYM": 0.0, "eval_prec_VERB": 0.3175576979257961, "eval_f1_VERB": 0.46059322033898303, "eval_support_VERB": 1297.0, "eval_prec_X": 0.0, "eval_f1_X": 0.0, "eval_support_X": 0.0, "eval_runtime": 10.7457, "eval_samples_per_second": 49.787, "eval_steps_per_second": 1.582}