{"eval_loss": 1.3235442638397217, "eval_token_acc": 0.717391304347826, "eval_f1_macro": 0.5070412531601036, "eval_prec_ADJ": 0.5765765765765766, "eval_f1_ADJ": 0.7064017660044151, "eval_support_ADJ": 702.0, "eval_prec_ADP": 0.956081081081081, "eval_f1_ADP": 0.9245848080588075, "eval_support_ADP": 1897.0, "eval_prec_ADV": 0.9072847682119205, "eval_f1_ADV": 0.4691780821917808, "eval_support_ADV": 433.0, "eval_prec_AUX": 0.7551020408163265, "eval_f1_AUX": 0.5991902834008097, "eval_support_AUX": 149.0, "eval_prec_CCONJ": 0.8128654970760234, "eval_f1_CCONJ": 0.8825396825396825, "eval_support_CCONJ": 432.0, "eval_prec_DET": 0.5824561403508772, "eval_f1_DET": 0.44385026737967914, "eval_support_DET": 1389.0, "eval_prec_INTJ": 0.0, "eval_f1_INTJ": 0.0, "eval_support_INTJ": 0.0, "eval_prec_NOUN": 0.8310291858678955, "eval_f1_NOUN": 0.8554712207463631, "eval_support_NOUN": 3069.0, "eval_prec_NUM": 0.9315589353612167, "eval_f1_NUM": 0.8909090909090909, "eval_support_NUM": 287.0, "eval_prec_PART": 0.0, "eval_f1_PART": 0.0, "eval_support_PART": 0.0, "eval_prec_PRON": 0.5630252100840336, "eval_f1_PRON": 0.22905982905982905, "eval_support_PRON": 466.0, "eval_prec_PROPN": 0.0, "eval_f1_PROPN": 0.0, "eval_support_PROPN": 579.0, "eval_prec_PUNCT": 0.7647714604236343, "eval_f1_PUNCT": 0.8631645171437559, "eval_support_PUNCT": 1385.0, "eval_prec_SCONJ": 0.9739130434782609, "eval_f1_SCONJ": 0.4226415094339623, "eval_support_SCONJ": 415.0, "eval_prec_SYM": 0.0, "eval_f1_SYM": 0.0, "eval_support_SYM": 0.0, "eval_prec_VERB": 0.8584521384928717, "eval_f1_VERB": 0.8204379562043795, "eval_support_VERB": 1073.0, "eval_prec_X": 0.0026292725679228747, "eval_f1_X": 0.0052310374891020054, "eval_support_X": 6.0, "eval_runtime": 10.2514, "eval_samples_per_second": 47.896, "eval_steps_per_second": 1.561}