{"eval_loss": 1.785636305809021, "eval_token_acc": 0.6069161150884776, "eval_f1_macro": 0.5059820666057667, "eval_prec_ADJ": 0.5415986949429038, "eval_f1_ADJ": 0.5549519431675721, "eval_support_ADJ": 1167.0, "eval_prec_ADP": 0.9815384615384616, "eval_f1_ADP": 0.18753674309229865, "eval_support_ADP": 3077.0, "eval_prec_ADV": 0.06629834254143646, "eval_f1_ADV": 0.1206896551724138, "eval_support_ADV": 125.0, "eval_prec_AUX": 0.41202185792349727, "eval_f1_AUX": 0.42312008978675647, "eval_support_AUX": 867.0, "eval_prec_CCONJ": 0.8879781420765027, "eval_f1_CCONJ": 0.9232954545454546, "eval_support_CCONJ": 338.0, "eval_prec_DET": 0.5340909090909091, "eval_f1_DET": 0.562874251497006, "eval_support_DET": 237.0, "eval_prec_INTJ": 0.0, "eval_f1_INTJ": 0.0, "eval_support_INTJ": 0.0, "eval_prec_NOUN": 0.8140643623361145, "eval_f1_NOUN": 0.775475447062163, "eval_support_NOUN": 3690.0, "eval_prec_NUM": 0.7175572519083969, "eval_f1_NUM": 0.7107750472589792, "eval_support_NUM": 267.0, "eval_prec_PART": 0.0, "eval_f1_PART": 0.0, "eval_support_PART": 337.0, "eval_prec_PRON": 0.9271137026239067, "eval_f1_PRON": 0.7553444180522565, "eval_support_PRON": 499.0, "eval_prec_PROPN": 0.6703513620213186, "eval_f1_PROPN": 0.7533274179236912, "eval_support_PROPN": 1975.0, "eval_prec_PUNCT": 0.5448, "eval_f1_PUNCT": 0.7049689440993789, "eval_support_PUNCT": 682.0, "eval_prec_SCONJ": 0.9156626506024096, "eval_f1_SCONJ": 0.9175050301810865, "eval_support_SCONJ": 248.0, "eval_prec_SYM": 0.0, "eval_f1_SYM": 0.0, "eval_support_SYM": 0.0, "eval_prec_VERB": 0.5618439068918302, "eval_f1_VERB": 0.705848623853211, "eval_support_VERB": 1297.0, "eval_prec_X": 0.0, "eval_f1_X": 0.0, "eval_support_X": 0.0, "eval_runtime": 11.9365, "eval_samples_per_second": 44.821, "eval_steps_per_second": 1.424}