{"eval_loss": 1.4840900897979736, "eval_token_acc": 0.5716495684741899, "eval_f1_macro": 0.4300721104647422, "eval_prec_ADJ": 0.285264483627204, "eval_f1_ADJ": 0.3956331877729258, "eval_support_ADJ": 702.0, "eval_prec_ADP": 0.9704301075268817, "eval_f1_ADP": 0.31820185103569854, "eval_support_ADP": 1897.0, "eval_prec_ADV": 0.33064516129032256, "eval_f1_ADV": 0.24082232011747431, "eval_support_ADV": 433.0, "eval_prec_AUX": 0.0, "eval_f1_AUX": 0.0, "eval_support_AUX": 149.0, "eval_prec_CCONJ": 0.980246913580247, "eval_f1_CCONJ": 0.948626045400239, "eval_support_CCONJ": 432.0, "eval_prec_DET": 0.8732394366197183, "eval_f1_DET": 0.4099173553719008, "eval_support_DET": 1389.0, "eval_prec_INTJ": 0.0, "eval_f1_INTJ": 0.0, "eval_support_INTJ": 0.0, "eval_prec_NOUN": 0.7298127968706343, "eval_f1_NOUN": 0.7858002406738869, "eval_support_NOUN": 3069.0, "eval_prec_NUM": 0.7786259541984732, "eval_f1_NUM": 0.7431693989071039, "eval_support_NUM": 287.0, "eval_prec_PART": 0.0, "eval_f1_PART": 0.0, "eval_support_PART": 0.0, "eval_prec_PRON": 0.2391713747645951, "eval_f1_PRON": 0.2547642928786359, "eval_support_PRON": 466.0, "eval_prec_PROPN": 0.2602805999032414, "eval_f1_PROPN": 0.40665154950869237, "eval_support_PROPN": 579.0, "eval_prec_PUNCT": 0.916133617626155, "eval_f1_PUNCT": 0.923352435530086, "eval_support_PUNCT": 1385.0, "eval_prec_SCONJ": 0.6538461538461539, "eval_f1_SCONJ": 0.4714946070878274, "eval_support_SCONJ": 415.0, "eval_prec_SYM": 0.0, "eval_f1_SYM": 0.0, "eval_support_SYM": 0.0, "eval_prec_VERB": 0.8765182186234818, "eval_f1_VERB": 0.5526483726866624, "eval_support_VERB": 1073.0, "eval_prec_X": 0.0, "eval_f1_X": 0.0, "eval_support_X": 6.0, "eval_runtime": 10.0498, "eval_samples_per_second": 48.857, "eval_steps_per_second": 1.592}