{"eval_loss": 1.6834251880645752, "eval_token_acc": 0.5703014435324087, "eval_f1_macro": 0.4122541050103477, "eval_prec_ADJ": 0.32401656314699795, "eval_f1_ADJ": 0.3218508997429306, "eval_support_ADJ": 2937.0, "eval_prec_ADP": 0.9680792515134837, "eval_f1_ADP": 0.5544523246650906, "eval_support_ADP": 4528.0, "eval_prec_ADV": 0.0069124423963133645, "eval_f1_ADV": 0.012345679012345678, "eval_support_ADV": 104.0, "eval_prec_AUX": 0.0, "eval_f1_AUX": 0.0, "eval_support_AUX": 197.0, "eval_prec_CCONJ": 0.9614093959731543, "eval_f1_CCONJ": 0.9168, "eval_support_CCONJ": 1962.0, "eval_prec_DET": 0.4622356495468278, "eval_f1_DET": 0.32075471698113206, "eval_support_DET": 623.0, "eval_prec_INTJ": 0.0, "eval_f1_INTJ": 0.0, "eval_support_INTJ": 0.0, "eval_prec_NOUN": 0.7559656379255488, "eval_f1_NOUN": 0.7512647554806071, "eval_support_NOUN": 9547.0, "eval_prec_NUM": 0.8249641319942611, "eval_f1_NUM": 0.7791327913279132, "eval_support_NUM": 779.0, "eval_prec_PART": 0.16382252559726962, "eval_f1_PART": 0.26063348416289595, "eval_support_PART": 226.0, "eval_prec_PRON": 0.3757894736842105, "eval_f1_PRON": 0.342774843975036, "eval_support_PRON": 1133.0, "eval_prec_PROPN": 0.0061888600519065685, "eval_f1_PROPN": 0.012301587301587301, "eval_support_PROPN": 31.0, "eval_prec_PUNCT": 0.9940769990128332, "eval_f1_PUNCT": 0.9877390877881315, "eval_support_PUNCT": 2052.0, "eval_prec_SCONJ": 0.7340267459138187, "eval_f1_SCONJ": 0.8178807947019867, "eval_support_SCONJ": 535.0, "eval_prec_SYM": 0.0, "eval_f1_SYM": 0.0, "eval_support_SYM": 41.0, "eval_prec_VERB": 0.8898776418242491, "eval_f1_VERB": 0.5181347150259067, "eval_support_VERB": 2189.0, "eval_prec_X": 0.0, "eval_f1_X": 0.0, "eval_support_X": 1380.0, "eval_runtime": 30.8211, "eval_samples_per_second": 22.063, "eval_steps_per_second": 0.714}