{"eval_loss": 1.0233486890792847, "eval_token_acc": 0.7440970525972969, "eval_f1_macro": 0.5655034467606319, "eval_prec_ADJ": 0.7227036395147314, "eval_f1_ADJ": 0.6520719311962471, "eval_support_ADJ": 702.0, "eval_prec_ADP": 0.9524727039177906, "eval_f1_ADP": 0.8587145338737695, "eval_support_ADP": 1897.0, "eval_prec_ADV": 0.6368286445012787, "eval_f1_ADV": 0.6043689320388349, "eval_support_ADV": 433.0, "eval_prec_AUX": 0.47417840375586856, "eval_f1_AUX": 0.5580110497237569, "eval_support_AUX": 149.0, "eval_prec_CCONJ": 0.9782608695652174, "eval_f1_CCONJ": 0.9574468085106383, "eval_support_CCONJ": 432.0, "eval_prec_DET": 0.8233151183970856, "eval_f1_DET": 0.7269802975472457, "eval_support_DET": 1389.0, "eval_prec_INTJ": 0.0, "eval_f1_INTJ": 0.0, "eval_support_INTJ": 0.0, "eval_prec_NOUN": 0.8933917488134355, "eval_f1_NOUN": 0.8426308539944903, "eval_support_NOUN": 3069.0, "eval_prec_NUM": 0.9714285714285714, "eval_f1_NUM": 0.8947368421052632, "eval_support_NUM": 287.0, "eval_prec_PART": 0.0, "eval_f1_PART": 0.0, "eval_support_PART": 0.0, "eval_prec_PRON": 0.27314814814814814, "eval_f1_PRON": 0.17302052785923755, "eval_support_PRON": 466.0, "eval_prec_PROPN": 0.3743807501769285, "eval_f1_PROPN": 0.5311244979919679, "eval_support_PROPN": 579.0, "eval_prec_PUNCT": 0.7805429864253394, "eval_f1_PUNCT": 0.8753568030447193, "eval_support_PUNCT": 1385.0, "eval_prec_SCONJ": 0.8904761904761904, "eval_f1_SCONJ": 0.5984, "eval_support_SCONJ": 415.0, "eval_prec_SYM": 0.0, "eval_f1_SYM": 0.0, "eval_support_SYM": 0.0, "eval_prec_VERB": 0.8745562130177514, "eval_f1_VERB": 0.7705943691345151, "eval_support_VERB": 1073.0, "eval_prec_X": 0.002331002331002331, "eval_f1_X": 0.004597701149425287, "eval_support_X": 6.0, "eval_runtime": 10.1262, "eval_samples_per_second": 48.488, "eval_steps_per_second": 1.58}