{"eval_loss": 0.08534091711044312, "eval_token_acc": 0.9771261556056804, "eval_f1_macro": 0.8947959678027344, "eval_prec_ADJ": 0.9483344663494222, "eval_f1_ADJ": 0.94640434192673, "eval_support_ADJ": 1477.0, "eval_prec_ADP": 0.9901322281428854, "eval_f1_ADP": 0.9922863924050633, "eval_support_ADP": 5045.0, "eval_prec_ADV": 0.9486125385405961, "eval_f1_ADV": 0.9599583983359334, "eval_support_ADV": 950.0, "eval_prec_AUX": 0.937592867756315, "eval_f1_AUX": 0.9460269865067467, "eval_support_AUX": 661.0, "eval_prec_CCONJ": 0.9414542020774316, "eval_f1_CCONJ": 0.9563549160671463, "eval_support_CCONJ": 1026.0, "eval_prec_DET": 0.9951011714589989, "eval_f1_DET": 0.9949952081780428, "eval_support_DET": 4696.0, "eval_prec_INTJ": 0.0, "eval_f1_INTJ": 0.0, "eval_support_INTJ": 0.0, "eval_prec_NOUN": 0.9790651506948205, "eval_f1_NOUN": 0.9752808988764045, "eval_support_NOUN": 5584.0, "eval_prec_NUM": 0.977751756440281, "eval_f1_NUM": 0.9766081871345029, "eval_support_NUM": 856.0, "eval_prec_PART": 0.6363636363636364, "eval_f1_PART": 0.5316455696202531, "eval_support_PART": 46.0, "eval_prec_PRON": 0.9348958333333334, "eval_f1_PRON": 0.9503639973527466, "eval_support_PRON": 743.0, "eval_prec_PROPN": 0.964644925327644, "eval_f1_PROPN": 0.9724996159164234, "eval_support_PROPN": 3228.0, "eval_prec_PUNCT": 0.9980348808646524, "eval_f1_PUNCT": 0.9976672805402087, "eval_support_PUNCT": 4074.0, "eval_prec_SCONJ": 0.7666666666666667, "eval_f1_SCONJ": 0.5111111111111111, "eval_support_SCONJ": 120.0, "eval_prec_SYM": 1.0, "eval_f1_SYM": 0.9905660377358491, "eval_support_SYM": 107.0, "eval_prec_VERB": 0.9720630372492837, "eval_f1_VERB": 0.9698052528140075, "eval_support_VERB": 2805.0, "eval_prec_X": 0.8823529411764706, "eval_f1_X": 0.6451612903225806, "eval_support_X": 59.0, "eval_runtime": 20.2606, "eval_samples_per_second": 59.228, "eval_steps_per_second": 1.876}