{"eval_loss": 1.4501945972442627, "eval_token_acc": 0.6569633932189652, "eval_f1_macro": 0.561554598759114, "eval_prec_ADJ": 0.6916588566073102, "eval_f1_ADJ": 0.6606982990152194, "eval_support_ADJ": 1167.0, "eval_prec_ADP": 0.9662077596996246, "eval_f1_ADP": 0.39834881320949433, "eval_support_ADP": 3077.0, "eval_prec_ADV": 0.04861693210393965, "eval_f1_ADV": 0.08801213960546282, "eval_support_ADV": 125.0, "eval_prec_AUX": 0.49645390070921985, "eval_f1_AUX": 0.5898876404494382, "eval_support_AUX": 867.0, "eval_prec_CCONJ": 0.8997134670487106, "eval_f1_CCONJ": 0.9141193595342066, "eval_support_CCONJ": 338.0, "eval_prec_DET": 0.31386861313868614, "eval_f1_DET": 0.43821656050955415, "eval_support_DET": 237.0, "eval_prec_INTJ": 0.0, "eval_f1_INTJ": 0.0, "eval_support_INTJ": 0.0, "eval_prec_NOUN": 0.8359449952030701, "eval_f1_NOUN": 0.7669062637523838, "eval_support_NOUN": 3690.0, "eval_prec_NUM": 0.7777777777777778, "eval_f1_NUM": 0.7265469061876247, "eval_support_NUM": 267.0, "eval_prec_PART": 0.9838709677419355, "eval_f1_PART": 0.3057644110275689, "eval_support_PART": 337.0, "eval_prec_PRON": 0.952076677316294, "eval_f1_PRON": 0.7339901477832512, "eval_support_PRON": 499.0, "eval_prec_PROPN": 0.5777777777777777, "eval_f1_PROPN": 0.7102439024390244, "eval_support_PROPN": 1975.0, "eval_prec_PUNCT": 0.9660056657223796, "eval_f1_PUNCT": 0.9827089337175793, "eval_support_PUNCT": 682.0, "eval_prec_SCONJ": 0.9264069264069265, "eval_f1_SCONJ": 0.8935281837160751, "eval_support_SCONJ": 248.0, "eval_prec_SYM": 0.0, "eval_f1_SYM": 0.0, "eval_support_SYM": 0.0, "eval_prec_VERB": 0.679814385150812, "eval_f1_VERB": 0.7759020191989408, "eval_support_VERB": 1297.0, "eval_prec_X": 0.0, "eval_f1_X": 0.0, "eval_support_X": 0.0, "eval_runtime": 12.8951, "eval_samples_per_second": 41.489, "eval_steps_per_second": 1.318}