{"eval_loss": 0.11760050058364868, "eval_token_acc": 0.9682462139716659, "eval_f1_macro": 0.8937888614686316, "eval_prec_ADJ": 0.8558558558558559, "eval_f1_ADJ": 0.8992562542258282, "eval_support_ADJ": 702.0, "eval_prec_ADP": 0.9926393270241851, "eval_f1_ADP": 0.9939457752040011, "eval_support_ADP": 1897.0, "eval_prec_ADV": 0.9588377723970944, "eval_f1_ADV": 0.9361702127659575, "eval_support_ADV": 433.0, "eval_prec_AUX": 0.9602649006622517, "eval_f1_AUX": 0.9666666666666667, "eval_support_AUX": 149.0, "eval_prec_CCONJ": 0.9724137931034482, "eval_f1_CCONJ": 0.9757785467128027, "eval_support_CCONJ": 432.0, "eval_prec_DET": 0.9956553222302679, "eval_f1_DET": 0.9927797833935018, "eval_support_DET": 1389.0, "eval_prec_INTJ": 0.0, "eval_f1_INTJ": 0.0, "eval_support_INTJ": 0.0, "eval_prec_NOUN": 0.9697567389875082, "eval_f1_NOUN": 0.9654720994927181, "eval_support_NOUN": 3069.0, "eval_prec_NUM": 0.9725085910652921, "eval_f1_NUM": 0.9792387543252595, "eval_support_NUM": 287.0, "eval_prec_PART": 0.0, "eval_f1_PART": 0.0, "eval_support_PART": 0.0, "eval_prec_PRON": 0.9831223628691983, "eval_f1_PRON": 0.9914893617021276, "eval_support_PRON": 466.0, "eval_prec_PROPN": 0.8951048951048951, "eval_f1_PROPN": 0.889661164205039, "eval_support_PROPN": 579.0, "eval_prec_PUNCT": 1.0, "eval_f1_PUNCT": 1.0, "eval_support_PUNCT": 1385.0, "eval_prec_SCONJ": 0.9716312056737588, "eval_f1_SCONJ": 0.9809069212410502, "eval_support_SCONJ": 415.0, "eval_prec_SYM": 0.0, "eval_f1_SYM": 0.0, "eval_support_SYM": 0.0, "eval_prec_VERB": 0.9584942084942085, "eval_f1_VERB": 0.9416785206258891, "eval_support_VERB": 1073.0, "eval_prec_X": 0.0, "eval_f1_X": 0.0, "eval_support_X": 6.0, "eval_runtime": 10.2094, "eval_samples_per_second": 48.093, "eval_steps_per_second": 1.567}