{"eval_loss": 0.39579659700393677, "eval_token_acc": 0.8982113924452775, "eval_f1_macro": 0.6803781833573409, "eval_prec_ADJ": 0.7946353730092205, "eval_f1_ADJ": 0.7101123595505618, "eval_support_ADJ": 1477.0, "eval_prec_ADP": 0.9694450218249844, "eval_f1_ADP": 0.9464285714285714, "eval_support_ADP": 5045.0, "eval_prec_ADV": 0.7702349869451697, "eval_f1_ADV": 0.6876456876456877, "eval_support_ADV": 950.0, "eval_prec_AUX": 0.7793367346938775, "eval_f1_AUX": 0.845674740484429, "eval_support_AUX": 661.0, "eval_prec_CCONJ": 0.9699346405228758, "eval_f1_CCONJ": 0.8285873813512005, "eval_support_CCONJ": 1026.0, "eval_prec_DET": 0.9465317919075145, "eval_f1_DET": 0.9612159329140462, "eval_support_DET": 4696.0, "eval_prec_INTJ": 0.0, "eval_f1_INTJ": 0.0, "eval_support_INTJ": 0.0, "eval_prec_NOUN": 0.8721866272383769, "eval_f1_NOUN": 0.9097763687773113, "eval_support_NOUN": 5584.0, "eval_prec_NUM": 0.9598965071151359, "eval_f1_NUM": 0.910988336402701, "eval_support_NUM": 856.0, "eval_prec_PART": 0.0, "eval_f1_PART": 0.0, "eval_support_PART": 46.0, "eval_prec_PRON": 0.889060092449923, "eval_f1_PRON": 0.8290229885057471, "eval_support_PRON": 743.0, "eval_prec_PROPN": 0.8636094674556213, "eval_f1_PROPN": 0.8834745762711864, "eval_support_PROPN": 3228.0, "eval_prec_PUNCT": 0.986758214811182, "eval_f1_PUNCT": 0.9872423945044161, "eval_support_PUNCT": 4074.0, "eval_prec_SCONJ": 0.12311557788944724, "eval_f1_SCONJ": 0.1891891891891892, "eval_support_SCONJ": 120.0, "eval_prec_SYM": 0.12121212121212122, "eval_f1_SYM": 0.05714285714285714, "eval_support_SYM": 107.0, "eval_prec_VERB": 0.9606936416184971, "eval_f1_VERB": 0.9233333333333333, "eval_support_VERB": 2805.0, "eval_prec_X": 0.1797752808988764, "eval_f1_X": 0.21621621621621623, "eval_support_X": 59.0, "eval_runtime": 20.0777, "eval_samples_per_second": 59.768, "eval_steps_per_second": 1.893}