{"eval_loss": 0.1500920206308365, "eval_token_acc": 0.9569525395503747, "eval_f1_macro": 0.8876136915281527, "eval_prec_ADJ": 0.7869415807560137, "eval_f1_ADJ": 0.8134991119005328, "eval_support_ADJ": 272.0, "eval_prec_ADP": 0.92, "eval_f1_ADP": 0.9327188940092166, "eval_support_ADP": 535.0, "eval_prec_ADV": 0.8931034482758621, "eval_f1_ADV": 0.8900343642611683, "eval_support_ADV": 292.0, "eval_prec_AUX": 0.9623529411764706, "eval_f1_AUX": 0.966903073286052, "eval_support_AUX": 421.0, "eval_prec_CCONJ": 0.9523809523809523, "eval_f1_CCONJ": 0.9473684210526315, "eval_support_CCONJ": 191.0, "eval_prec_DET": 0.9246575342465754, "eval_f1_DET": 0.9473684210526315, "eval_support_DET": 139.0, "eval_prec_INTJ": 0.0, "eval_f1_INTJ": 0.0, "eval_support_INTJ": 0.0, "eval_prec_NOUN": 0.9585727245237375, "eval_f1_NOUN": 0.9578486176159541, "eval_support_NOUN": 3312.0, "eval_prec_NUM": 0.9892966360856269, "eval_f1_NUM": 0.990053557765876, "eval_support_NUM": 653.0, "eval_prec_PART": 0.9604863221884499, "eval_f1_PART": 0.9580596260737746, "eval_support_PART": 992.0, "eval_prec_PRON": 0.9938271604938271, "eval_f1_PRON": 0.9757575757575757, "eval_support_PRON": 168.0, "eval_prec_PROPN": 0.9545014520813165, "eval_f1_PROPN": 0.9671407552721922, "eval_support_PROPN": 1006.0, "eval_prec_PUNCT": 0.9988158673771462, "eval_f1_PUNCT": 0.9991116375481196, "eval_support_PUNCT": 1688.0, "eval_prec_SCONJ": 0.96, "eval_f1_SCONJ": 0.9552238805970149, "eval_support_SCONJ": 505.0, "eval_prec_SYM": 0.0, "eval_f1_SYM": 0.0, "eval_support_SYM": 3.0, "eval_prec_VERB": 0.9477085781433607, "eval_f1_VERB": 0.935614849187935, "eval_support_VERB": 1746.0, "eval_prec_X": 0.9764705882352941, "eval_f1_X": 0.9651162790697675, "eval_support_X": 87.0, "eval_runtime": 9.4569, "eval_samples_per_second": 52.871, "eval_steps_per_second": 1.692}