{"eval_loss": 0.9703271389007568, "eval_token_acc": 0.7369141293191926, "eval_f1_macro": 0.5271067782030431, "eval_prec_ADJ": 0.6131578947368421, "eval_f1_ADJ": 0.4240218380345769, "eval_support_ADJ": 719.0, "eval_prec_ADP": 0.6178107606679035, "eval_f1_ADP": 0.5625, "eval_support_ADP": 645.0, "eval_prec_ADV": 0.6811224489795918, "eval_f1_ADV": 0.5920177383592018, "eval_support_ADV": 1020.0, "eval_prec_AUX": 0.6064139941690962, "eval_f1_AUX": 0.7111111111111111, "eval_support_AUX": 242.0, "eval_prec_CCONJ": 0.8598726114649682, "eval_f1_CCONJ": 0.8970099667774086, "eval_support_CCONJ": 144.0, "eval_prec_DET": 0.5344827586206896, "eval_f1_DET": 0.44765342960288806, "eval_support_DET": 161.0, "eval_prec_INTJ": 0.0, "eval_f1_INTJ": 0.0, "eval_support_INTJ": 17.0, "eval_prec_NOUN": 0.8211184439041334, "eval_f1_NOUN": 0.8002708192281652, "eval_support_NOUN": 3029.0, "eval_prec_NUM": 0.6771653543307087, "eval_f1_NUM": 0.7938461538461539, "eval_support_NUM": 269.0, "eval_prec_PART": 0.022535211267605635, "eval_f1_PART": 0.036036036036036036, "eval_support_PART": 89.0, "eval_prec_PRON": 0.5630081300813008, "eval_f1_PRON": 0.541544477028348, "eval_support_PRON": 531.0, "eval_prec_PROPN": 0.7879282218597063, "eval_f1_PROPN": 0.8235294117647058, "eval_support_PROPN": 560.0, "eval_prec_PUNCT": 0.9947368421052631, "eval_f1_PUNCT": 0.9967770290067389, "eval_support_PUNCT": 1703.0, "eval_prec_SCONJ": 0.5706521739130435, "eval_f1_SCONJ": 0.56, "eval_support_SCONJ": 382.0, "eval_prec_SYM": 0.0, "eval_f1_SYM": 0.0, "eval_support_SYM": 7.0, "eval_prec_VERB": 0.7125984251968503, "eval_f1_VERB": 0.7744972186563971, "eval_support_VERB": 2134.0, "eval_prec_X": 0.0, "eval_f1_X": 0.0, "eval_support_X": 40.0, "eval_runtime": 5.8971, "eval_samples_per_second": 135.66, "eval_steps_per_second": 4.239}