{"eval_loss": 3.1089401245117188, "eval_token_acc": 0.24240077444336883, "eval_f1_macro": 0.06633918661088298, "eval_prec_ADJ": 0.375, "eval_f1_ADJ": 0.008522727272727272, "eval_support_ADJ": 696.0, "eval_prec_ADP": 0.0, "eval_f1_ADP": 0.0, "eval_support_ADP": 152.0, "eval_prec_ADV": 0.0, "eval_f1_ADV": 0.0, "eval_support_ADV": 276.0, "eval_prec_AUX": 0.0, "eval_f1_AUX": 0.0, "eval_support_AUX": 254.0, "eval_prec_CCONJ": 0.0, "eval_f1_CCONJ": 0.0, "eval_support_CCONJ": 120.0, "eval_prec_DET": 0.0, "eval_f1_DET": 0.0, "eval_support_DET": 115.0, "eval_prec_INTJ": 0.0, "eval_f1_INTJ": 0.0, "eval_support_INTJ": 30.0, "eval_prec_NOUN": 0.45703125, "eval_f1_NOUN": 0.12114936577789283, "eval_support_NOUN": 3351.0, "eval_prec_NUM": 0.75, "eval_f1_NUM": 0.1258741258741259, "eval_support_NUM": 262.0, "eval_prec_PART": 0.0, "eval_f1_PART": 0.0, "eval_support_PART": 44.0, "eval_prec_PRON": 0.9310344827586207, "eval_f1_PRON": 0.138996138996139, "eval_support_PRON": 719.0, "eval_prec_PROPN": 0.009149828440716736, "eval_f1_PROPN": 0.018072289156626505, "eval_support_PROPN": 33.0, "eval_prec_PUNCT": 0.3664328116567728, "eval_f1_PUNCT": 0.5358411153492043, "eval_support_PUNCT": 2044.0, "eval_prec_SCONJ": 0.0, "eval_f1_SCONJ": 0.0, "eval_support_SCONJ": 16.0, "eval_prec_SYM": 0.0, "eval_f1_SYM": 0.0, "eval_support_SYM": 0.0, "eval_prec_VERB": 0.6328502415458938, "eval_f1_VERB": 0.10830921868540719, "eval_support_VERB": 2212.0, "eval_prec_X": 0.00234192037470726, "eval_f1_X": 0.004662004662004662, "eval_support_X": 6.0, "eval_runtime": 12.6518, "eval_samples_per_second": 71.136, "eval_steps_per_second": 2.292}