{"eval_loss": 1.0532934665679932, "eval_token_acc": 0.6826731489599107, "eval_f1_macro": 0.4858547952440155, "eval_prec_ADJ": 0.7018299246501615, "eval_f1_ADJ": 0.4799411115200589, "eval_support_ADJ": 1788.0, "eval_prec_ADP": 0.8596100278551532, "eval_f1_ADP": 0.8078534031413612, "eval_support_ADP": 2025.0, "eval_prec_ADV": 0.25290957923008056, "eval_f1_ADV": 0.32992700729927005, "eval_support_ADV": 1191.0, "eval_prec_AUX": 0.8802946593001841, "eval_f1_AUX": 0.4582933844678811, "eval_support_AUX": 1543.0, "eval_prec_CCONJ": 0.9871175523349437, "eval_f1_CCONJ": 0.9034635224760501, "eval_support_CCONJ": 736.0, "eval_prec_DET": 0.8447058823529412, "eval_f1_DET": 0.30921619293712316, "eval_support_DET": 1897.0, "eval_prec_INTJ": 0.0, "eval_f1_INTJ": 0.0, "eval_support_INTJ": 121.0, "eval_prec_NOUN": 0.5974435852927252, "eval_f1_NOUN": 0.7239005736137667, "eval_support_NOUN": 4123.0, "eval_prec_NUM": 0.3978930307941653, "eval_f1_NUM": 0.5529279279279279, "eval_support_NUM": 542.0, "eval_prec_PART": 0.0, "eval_f1_PART": 0.0, "eval_support_PART": 649.0, "eval_prec_PRON": 0.7443754848719938, "eval_f1_PRON": 0.809363137916491, "eval_support_PRON": 2164.0, "eval_prec_PROPN": 0.8683602771362586, "eval_f1_PROPN": 0.6686425607587433, "eval_support_PROPN": 2075.0, "eval_prec_PUNCT": 0.8548931383577053, "eval_f1_PUNCT": 0.9140108238123873, "eval_support_PUNCT": 3096.0, "eval_prec_SCONJ": 0.4326086956521739, "eval_f1_SCONJ": 0.471563981042654, "eval_support_SCONJ": 384.0, "eval_prec_SYM": 0.0, "eval_f1_SYM": 0.0, "eval_support_SYM": 113.0, "eval_prec_VERB": 0.7670787247885491, "eval_f1_VERB": 0.8304278922345484, "eval_support_VERB": 2605.0, "eval_prec_X": 0.0, "eval_f1_X": 0.0, "eval_support_X": 42.0, "eval_runtime": 24.6978, "eval_samples_per_second": 84.097, "eval_steps_per_second": 2.632}