{"eval_loss": 2.445368528366089, "eval_token_acc": 0.3868262497964501, "eval_f1_macro": 0.12725485795396826, "eval_prec_ADJ": 0.10526315789473684, "eval_f1_ADJ": 0.005547850208044383, "eval_support_ADJ": 702.0, "eval_prec_ADP": 0.0, "eval_f1_ADP": 0.0, "eval_support_ADP": 1897.0, "eval_prec_ADV": 0.0, "eval_f1_ADV": 0.0, "eval_support_ADV": 433.0, "eval_prec_AUX": 0.0, "eval_f1_AUX": 0.0, "eval_support_AUX": 149.0, "eval_prec_CCONJ": 0.0, "eval_f1_CCONJ": 0.0, "eval_support_CCONJ": 432.0, "eval_prec_DET": 0.0, "eval_f1_DET": 0.0, "eval_support_DET": 1389.0, "eval_prec_INTJ": 0.0, "eval_f1_INTJ": 0.0, "eval_support_INTJ": 0.0, "eval_prec_NOUN": 0.4827649097209557, "eval_f1_NOUN": 0.6190364826941066, "eval_support_NOUN": 3069.0, "eval_prec_NUM": 0.75, "eval_f1_NUM": 0.15047021943573669, "eval_support_NUM": 287.0, "eval_prec_PART": 0.0, "eval_f1_PART": 0.0, "eval_support_PART": 0.0, "eval_prec_PRON": 0.44, "eval_f1_PRON": 0.08527131782945736, "eval_support_PRON": 466.0, "eval_prec_PROPN": 0.0, "eval_f1_PROPN": 0.0, "eval_support_PROPN": 579.0, "eval_prec_PUNCT": 0.2758124228712464, "eval_f1_PUNCT": 0.42932607651672805, "eval_support_PUNCT": 1385.0, "eval_prec_SCONJ": 0.0, "eval_f1_SCONJ": 0.0, "eval_support_SCONJ": 415.0, "eval_prec_SYM": 0.0, "eval_f1_SYM": 0.0, "eval_support_SYM": 0.0, "eval_prec_VERB": 0.3898582333696837, "eval_f1_VERB": 0.49191606467148263, "eval_support_VERB": 1073.0, "eval_prec_X": 0.0, "eval_f1_X": 0.0, "eval_support_X": 6.0, "eval_runtime": 9.9927, "eval_samples_per_second": 49.136, "eval_steps_per_second": 1.601}