{"eval_loss": 0.572386622428894, "eval_token_acc": 0.8585235794034327, "eval_f1_macro": 0.6134479864454576, "eval_prec_ADJ": 0.8664259927797834, "eval_f1_ADJ": 0.7836734693877551, "eval_support_ADJ": 671.0, "eval_prec_ADP": 0.946515397082658, "eval_f1_ADP": 0.9371489703129179, "eval_support_ADP": 1888.0, "eval_prec_ADV": 0.6782945736434108, "eval_f1_ADV": 0.7430997876857749, "eval_support_ADV": 426.0, "eval_prec_AUX": 0.7892976588628763, "eval_f1_AUX": 0.7492063492063492, "eval_support_AUX": 331.0, "eval_prec_CCONJ": 0.8861386138613861, "eval_f1_CCONJ": 0.8938826466916354, "eval_support_CCONJ": 397.0, "eval_prec_DET": 0.9560741249142073, "eval_f1_DET": 0.8822039265357822, "eval_support_DET": 1701.0, "eval_prec_INTJ": 0.0, "eval_f1_INTJ": 0.0, "eval_support_INTJ": 1.0, "eval_prec_NOUN": 0.8690376569037657, "eval_f1_NOUN": 0.8975799481417459, "eval_support_NOUN": 2238.0, "eval_prec_NUM": 0.547911547911548, "eval_f1_NUM": 0.7001569858712716, "eval_support_NUM": 230.0, "eval_prec_PART": 0.0, "eval_f1_PART": 0.0, "eval_support_PART": 1.0, "eval_prec_PRON": 0.4028985507246377, "eval_f1_PRON": 0.34880803011292344, "eval_support_PRON": 452.0, "eval_prec_PROPN": 0.9121813031161473, "eval_f1_PROPN": 0.8451443569553806, "eval_support_PROPN": 818.0, "eval_prec_PUNCT": 0.9541008276899925, "eval_f1_PUNCT": 0.9757599076567911, "eval_support_PUNCT": 1270.0, "eval_prec_SCONJ": 0.7069351230425056, "eval_f1_SCONJ": 0.8061224489795918, "eval_support_SCONJ": 337.0, "eval_prec_SYM": 0.0, "eval_f1_SYM": 0.0, "eval_support_SYM": 25.0, "eval_prec_VERB": 0.8234387047031612, "eval_f1_VERB": 0.8658289420348602, "eval_support_VERB": 1170.0, "eval_prec_X": 0.0, "eval_f1_X": 0.0, "eval_support_X": 46.0, "eval_runtime": 8.7158, "eval_samples_per_second": 48.992, "eval_steps_per_second": 1.606}