{"eval_loss": 1.1007189750671387, "eval_token_acc": 0.7613641072390502, "eval_f1_macro": 0.5713456517041898, "eval_prec_ADJ": 0.6914285714285714, "eval_f1_ADJ": 0.537379718726869, "eval_support_ADJ": 1652.0, "eval_prec_ADP": 0.9698512137823023, "eval_f1_ADP": 0.8310686126488844, "eval_support_ADP": 3407.0, "eval_prec_ADV": 0.4493927125506073, "eval_f1_ADV": 0.592, "eval_support_ADV": 384.0, "eval_prec_AUX": 0.40505548705302097, "eval_f1_AUX": 0.5212217374057914, "eval_support_AUX": 899.0, "eval_prec_CCONJ": 0.9771428571428571, "eval_f1_CCONJ": 0.9884393063583815, "eval_support_CCONJ": 1026.0, "eval_prec_DET": 0.766, "eval_f1_DET": 0.7729566094853683, "eval_support_DET": 491.0, "eval_prec_INTJ": 0.10256410256410256, "eval_f1_INTJ": 0.12121212121212122, "eval_support_INTJ": 27.0, "eval_prec_NOUN": 0.8948737566947207, "eval_f1_NOUN": 0.7927341737833807, "eval_support_NOUN": 8219.0, "eval_prec_NUM": 0.6512345679012346, "eval_f1_NUM": 0.6839546191247974, "eval_support_NUM": 293.0, "eval_prec_PART": 0.0, "eval_f1_PART": 0.0, "eval_support_PART": 28.0, "eval_prec_PRON": 0.7377326565143824, "eval_f1_PRON": 0.755632582322357, "eval_support_PRON": 1126.0, "eval_prec_PROPN": 0.51, "eval_f1_PROPN": 0.6436399867153769, "eval_support_PROPN": 1111.0, "eval_prec_PUNCT": 0.9958120055839925, "eval_f1_PUNCT": 0.9976689976689976, "eval_support_PUNCT": 2141.0, "eval_prec_SCONJ": 0.8144876325088339, "eval_f1_SCONJ": 0.7696160267111853, "eval_support_SCONJ": 632.0, "eval_prec_SYM": 0.0, "eval_f1_SYM": 0.0, "eval_support_SYM": 0.0, "eval_prec_VERB": 0.607449088960343, "eval_f1_VERB": 0.7053515868077163, "eval_support_VERB": 2696.0, "eval_prec_X": 0.0, "eval_f1_X": 0.0, "eval_support_X": 1.0, "eval_runtime": 18.1662, "eval_samples_per_second": 80.094, "eval_steps_per_second": 2.532}