{"eval_loss": 0.08521877974271774, "eval_token_acc": 0.9745162225997597, "eval_f1_macro": 0.9014284204258106, "eval_prec_ADJ": 0.9173157579388855, "eval_f1_ADJ": 0.9220114423366456, "eval_support_ADJ": 1652.0, "eval_prec_ADP": 0.9935351160740523, "eval_f1_ADP": 0.9929515418502203, "eval_support_ADP": 3407.0, "eval_prec_ADV": 0.9389920424403183, "eval_f1_ADV": 0.9303547963206308, "eval_support_ADV": 384.0, "eval_prec_AUX": 0.9944320712694877, "eval_f1_AUX": 0.9938786867000556, "eval_support_AUX": 899.0, "eval_prec_CCONJ": 0.9980544747081712, "eval_f1_CCONJ": 0.9990262901655307, "eval_support_CCONJ": 1026.0, "eval_prec_DET": 0.9656565656565657, "eval_f1_DET": 0.9695740365111561, "eval_support_DET": 491.0, "eval_prec_INTJ": 0.88, "eval_f1_INTJ": 0.8461538461538461, "eval_support_INTJ": 27.0, "eval_prec_NOUN": 0.978583807873236, "eval_f1_NOUN": 0.9701171994845678, "eval_support_NOUN": 8219.0, "eval_prec_NUM": 0.9509803921568627, "eval_f1_NUM": 0.9716193656093489, "eval_support_NUM": 293.0, "eval_prec_PART": 1.0, "eval_f1_PART": 0.9629629629629629, "eval_support_PART": 28.0, "eval_prec_PRON": 0.9858156028368794, "eval_f1_PRON": 0.9866903283052352, "eval_support_PRON": 1126.0, "eval_prec_PROPN": 0.8544562551103843, "eval_f1_PROPN": 0.895458440445587, "eval_support_PROPN": 1111.0, "eval_prec_PUNCT": 1.0, "eval_f1_PUNCT": 1.0, "eval_support_PUNCT": 2141.0, "eval_prec_SCONJ": 0.9857594936708861, "eval_f1_SCONJ": 0.9857594936708861, "eval_support_SCONJ": 632.0, "eval_prec_SYM": 0.0, "eval_f1_SYM": 0.0, "eval_support_SYM": 0.0, "eval_prec_VERB": 0.9948224852071006, "eval_f1_VERB": 0.9962962962962963, "eval_support_VERB": 2696.0, "eval_prec_X": 0.0, "eval_f1_X": 0.0, "eval_support_X": 1.0, "eval_runtime": 15.624, "eval_samples_per_second": 93.126, "eval_steps_per_second": 2.944}