{"eval_loss": 1.1998403072357178, "eval_token_acc": 0.6359564126187375, "eval_f1_macro": 0.4796127411571442, "eval_prec_ADJ": 0.6821428571428572, "eval_f1_ADJ": 0.3750613647520864, "eval_support_ADJ": 1477.0, "eval_prec_ADP": 0.8319079917428487, "eval_f1_ADP": 0.6688003793266951, "eval_support_ADP": 5045.0, "eval_prec_ADV": 0.6819787985865724, "eval_f1_ADV": 0.6436909394107838, "eval_support_ADV": 950.0, "eval_prec_AUX": 0.5589798087141339, "eval_f1_AUX": 0.6566791510611736, "eval_support_AUX": 661.0, "eval_prec_CCONJ": 0.9332321699544764, "eval_f1_CCONJ": 0.7299703264094956, "eval_support_CCONJ": 1026.0, "eval_prec_DET": 0.9193697868396663, "eval_f1_DET": 0.34354978354978355, "eval_support_DET": 4696.0, "eval_prec_INTJ": 0.0, "eval_f1_INTJ": 0.0, "eval_support_INTJ": 0.0, "eval_prec_NOUN": 0.6004153432689958, "eval_f1_NOUN": 0.7138707334785767, "eval_support_NOUN": 5584.0, "eval_prec_NUM": 0.5168612191958496, "eval_f1_NUM": 0.664720600500417, "eval_support_NUM": 856.0, "eval_prec_PART": 0.0004418912947414936, "eval_f1_PART": 0.0008661758336942399, "eval_support_PART": 46.0, "eval_prec_PRON": 0.4858569051580699, "eval_f1_PRON": 0.43452380952380953, "eval_support_PRON": 743.0, "eval_prec_PROPN": 0.8743109151047409, "eval_f1_PROPN": 0.6291154303847679, "eval_support_PROPN": 3228.0, "eval_prec_PUNCT": 0.9870918754745635, "eval_f1_PUNCT": 0.9719626168224299, "eval_support_PUNCT": 4074.0, "eval_prec_SCONJ": 0.030476190476190476, "eval_f1_SCONJ": 0.04961240310077519, "eval_support_SCONJ": 120.0, "eval_prec_SYM": 0.0, "eval_f1_SYM": 0.0, "eval_support_SYM": 107.0, "eval_prec_VERB": 0.6444833625218914, "eval_f1_VERB": 0.7574242869744193, "eval_support_VERB": 2805.0, "eval_prec_X": 0.017873100983020553, "eval_f1_X": 0.03395585738539898, "eval_support_X": 59.0, "eval_runtime": 20.1179, "eval_samples_per_second": 59.649, "eval_steps_per_second": 1.889}