{"eval_loss": 0.5342232584953308, "eval_token_acc": 0.8841968653289408, "eval_f1_macro": 0.7386157579856479, "eval_prec_ADJ": 0.8552380952380952, "eval_f1_ADJ": 0.7918871252204586, "eval_support_ADJ": 609.0, "eval_prec_ADP": 0.9696969696969697, "eval_f1_ADP": 0.9265536723163842, "eval_support_ADP": 1479.0, "eval_prec_ADV": 0.808252427184466, "eval_f1_ADV": 0.7424749163879598, "eval_support_ADV": 485.0, "eval_prec_AUX": 0.7577092511013216, "eval_f1_AUX": 0.8462484624846248, "eval_support_AUX": 359.0, "eval_prec_CCONJ": 0.9959016393442623, "eval_f1_CCONJ": 0.9798387096774194, "eval_support_CCONJ": 252.0, "eval_prec_DET": 0.9864457831325302, "eval_f1_DET": 0.9333808336302102, "eval_support_DET": 1479.0, "eval_prec_INTJ": 0.45454545454545453, "eval_f1_INTJ": 0.5, "eval_support_INTJ": 9.0, "eval_prec_NOUN": 0.942242355605889, "eval_f1_NOUN": 0.9152915291529153, "eval_support_NOUN": 1870.0, "eval_prec_NUM": 0.850187265917603, "eval_f1_NUM": 0.9153225806451613, "eval_support_NUM": 229.0, "eval_prec_PART": 0.0, "eval_f1_PART": 0.0, "eval_support_PART": 0.0, "eval_prec_PRON": 0.7825311942959001, "eval_f1_PRON": 0.7846291331546024, "eval_support_PRON": 558.0, "eval_prec_PROPN": 0.6554621848739496, "eval_f1_PROPN": 0.7793505412156536, "eval_support_PROPN": 487.0, "eval_prec_PUNCT": 0.9883333333333333, "eval_f1_PUNCT": 0.9941324392288349, "eval_support_PUNCT": 1186.0, "eval_prec_SCONJ": 0.5941176470588235, "eval_f1_SCONJ": 0.6778523489932886, "eval_support_SCONJ": 128.0, "eval_prec_SYM": 1.0, "eval_f1_SYM": 0.8529411764705882, "eval_support_SYM": 39.0, "eval_prec_VERB": 0.92336217552534, "eval_f1_VERB": 0.9165644171779141, "eval_support_VERB": 821.0, "eval_prec_X": 0.0, "eval_f1_X": 0.0, "eval_support_X": 27.0, "eval_runtime": 6.8081, "eval_samples_per_second": 61.103, "eval_steps_per_second": 1.909}