{"eval_loss": 2.34833025932312, "eval_token_acc": 0.3576960309777348, "eval_f1_macro": 0.12351325796146895, "eval_prec_ADJ": 0.0, "eval_f1_ADJ": 0.0, "eval_support_ADJ": 696.0, "eval_prec_ADP": 0.017857142857142856, "eval_f1_ADP": 0.01875, "eval_support_ADP": 152.0, "eval_prec_ADV": 0.044911881750994885, "eval_f1_ADV": 0.07764127764127764, "eval_support_ADV": 276.0, "eval_prec_AUX": 0.7, "eval_f1_AUX": 0.05303030303030303, "eval_support_AUX": 254.0, "eval_prec_CCONJ": 0.25, "eval_f1_CCONJ": 0.016129032258064516, "eval_support_CCONJ": 120.0, "eval_prec_DET": 0.020100502512562814, "eval_f1_DET": 0.025477707006369428, "eval_support_DET": 115.0, "eval_prec_INTJ": 0.0, "eval_f1_INTJ": 0.0, "eval_support_INTJ": 30.0, "eval_prec_NOUN": 0.4688076781100037, "eval_f1_NOUN": 0.41914191419141916, "eval_support_NOUN": 3351.0, "eval_prec_NUM": 0.8181818181818182, "eval_f1_NUM": 0.1267605633802817, "eval_support_NUM": 262.0, "eval_prec_PART": 0.0, "eval_f1_PART": 0.0, "eval_support_PART": 44.0, "eval_prec_PRON": 0.10487200660611065, "eval_f1_PRON": 0.1316062176165803, "eval_support_PRON": 719.0, "eval_prec_PROPN": 0.010856453558504222, "eval_f1_PROPN": 0.021289178001182733, "eval_support_PROPN": 33.0, "eval_prec_PUNCT": 0.882752376641014, "eval_f1_PUNCT": 0.9169997648718552, "eval_support_PUNCT": 2044.0, "eval_prec_SCONJ": 0.0, "eval_f1_SCONJ": 0.0, "eval_support_SCONJ": 16.0, "eval_prec_SYM": 0.0, "eval_f1_SYM": 0.0, "eval_support_SYM": 0.0, "eval_prec_VERB": 0.6022099447513812, "eval_f1_VERB": 0.16938616938616938, "eval_support_VERB": 2212.0, "eval_prec_X": 0.0, "eval_f1_X": 0.0, "eval_support_X": 6.0, "eval_runtime": 12.5815, "eval_samples_per_second": 71.534, "eval_steps_per_second": 2.305}