{"eval_loss": 0.7076320648193359, "eval_token_acc": 0.8489055500841884, "eval_f1_macro": 0.5996421258577318, "eval_prec_ADJ": 0.781010719754977, "eval_f1_ADJ": 0.7330219187926698, "eval_support_ADJ": 1477.0, "eval_prec_ADP": 0.9353253390996659, "eval_f1_ADP": 0.9392025266482432, "eval_support_ADP": 5045.0, "eval_prec_ADV": 0.7532210109018831, "eval_f1_ADV": 0.7759060745278203, "eval_support_ADV": 950.0, "eval_prec_AUX": 0.6876750700280112, "eval_f1_AUX": 0.7141818181818181, "eval_support_AUX": 661.0, "eval_prec_CCONJ": 0.9283065512978986, "eval_f1_CCONJ": 0.8185286103542234, "eval_support_CCONJ": 1026.0, "eval_prec_DET": 0.9690011481056258, "eval_f1_DET": 0.9324936471108165, "eval_support_DET": 4696.0, "eval_prec_INTJ": 0.0, "eval_f1_INTJ": 0.0, "eval_support_INTJ": 0.0, "eval_prec_NOUN": 0.7920374000904841, "eval_f1_NOUN": 0.8599263200982399, "eval_support_NOUN": 5584.0, "eval_prec_NUM": 0.6645718774548312, "eval_f1_NUM": 0.7947393142320338, "eval_support_NUM": 856.0, "eval_prec_PART": 0.0, "eval_f1_PART": 0.0, "eval_support_PART": 46.0, "eval_prec_PRON": 0.36142625607779577, "eval_f1_PRON": 0.32794117647058824, "eval_support_PRON": 743.0, "eval_prec_PROPN": 0.9379134860050891, "eval_f1_PROPN": 0.7098016560754863, "eval_support_PROPN": 3228.0, "eval_prec_PUNCT": 0.9555397051830719, "eval_f1_PUNCT": 0.9707729468599033, "eval_support_PUNCT": 4074.0, "eval_prec_SCONJ": 0.07152317880794702, "eval_f1_SCONJ": 0.12342857142857143, "eval_support_SCONJ": 120.0, "eval_prec_SYM": 0.0, "eval_f1_SYM": 0.0, "eval_support_SYM": 107.0, "eval_prec_VERB": 0.9032727272727272, "eval_f1_VERB": 0.8943294329432944, "eval_support_VERB": 2805.0, "eval_prec_X": 0.0, "eval_f1_X": 0.0, "eval_support_X": 59.0, "eval_runtime": 20.0672, "eval_samples_per_second": 59.799, "eval_steps_per_second": 1.894}