{"eval_loss": 1.6725932359695435, "eval_token_acc": 0.5296419650291424, "eval_f1_macro": 0.38417815371511455, "eval_prec_ADJ": 0.14018691588785046, "eval_f1_ADJ": 0.23728813559322035, "eval_support_ADJ": 272.0, "eval_prec_ADP": 0.28144458281444584, "eval_f1_ADP": 0.33781763826606875, "eval_support_ADP": 535.0, "eval_prec_ADV": 0.3975409836065574, "eval_f1_ADV": 0.3619402985074627, "eval_support_ADV": 292.0, "eval_prec_AUX": 0.75, "eval_f1_AUX": 0.2085889570552147, "eval_support_AUX": 421.0, "eval_prec_CCONJ": 0.6680672268907563, "eval_f1_CCONJ": 0.7412587412587412, "eval_support_CCONJ": 191.0, "eval_prec_DET": 0.5157232704402516, "eval_f1_DET": 0.5503355704697986, "eval_support_DET": 139.0, "eval_prec_INTJ": 0.0, "eval_f1_INTJ": 0.0, "eval_support_INTJ": 0.0, "eval_prec_NOUN": 0.7320574162679426, "eval_f1_NOUN": 0.6867585764668163, "eval_support_NOUN": 3312.0, "eval_prec_NUM": 0.7947214076246334, "eval_f1_NUM": 0.545271629778672, "eval_support_NUM": 653.0, "eval_prec_PART": 0.014947683109118086, "eval_f1_PART": 0.012040939193257074, "eval_support_PART": 992.0, "eval_prec_PRON": 0.4695121951219512, "eval_f1_PRON": 0.6209677419354839, "eval_support_PRON": 168.0, "eval_prec_PROPN": 0.4240534521158129, "eval_f1_PROPN": 0.5856659489387881, "eval_support_PROPN": 1006.0, "eval_prec_PUNCT": 0.8202469135802469, "eval_f1_PUNCT": 0.8946943172636682, "eval_support_PUNCT": 1688.0, "eval_prec_SCONJ": 0.1282051282051282, "eval_f1_SCONJ": 0.04823151125401929, "eval_support_SCONJ": 505.0, "eval_prec_SYM": 0.0, "eval_f1_SYM": 0.0, "eval_support_SYM": 3.0, "eval_prec_VERB": 0.9484240687679083, "eval_f1_VERB": 0.31599045346062055, "eval_support_VERB": 1746.0, "eval_prec_X": 0.0, "eval_f1_X": 0.0, "eval_support_X": 87.0, "eval_runtime": 9.6095, "eval_samples_per_second": 52.032, "eval_steps_per_second": 1.665}