{"eval_loss": 1.7767579555511475, "eval_token_acc": 0.6378850957535387, "eval_f1_macro": 0.47578652812805233, "eval_prec_ADJ": 0.28651685393258425, "eval_f1_ADJ": 0.4146341463414634, "eval_support_ADJ": 272.0, "eval_prec_ADP": 0.4580265095729013, "eval_f1_ADP": 0.5123558484349259, "eval_support_ADP": 535.0, "eval_prec_ADV": 0.25513196480938416, "eval_f1_ADV": 0.35728952772073924, "eval_support_ADV": 292.0, "eval_prec_AUX": 0.7932489451476793, "eval_f1_AUX": 0.5714285714285714, "eval_support_AUX": 421.0, "eval_prec_CCONJ": 0.6958333333333333, "eval_f1_CCONJ": 0.7749419953596288, "eval_support_CCONJ": 191.0, "eval_prec_DET": 0.25968109339407747, "eval_f1_DET": 0.3944636678200692, "eval_support_DET": 139.0, "eval_prec_INTJ": 0.0, "eval_f1_INTJ": 0.0, "eval_support_INTJ": 0.0, "eval_prec_NOUN": 0.7853641456582633, "eval_f1_NOUN": 0.727302204928664, "eval_support_NOUN": 3312.0, "eval_prec_NUM": 0.8516483516483516, "eval_f1_NUM": 0.7756463719766472, "eval_support_NUM": 653.0, "eval_prec_PART": 0.0, "eval_f1_PART": 0.0, "eval_support_PART": 992.0, "eval_prec_PRON": 0.9324324324324325, "eval_f1_PRON": 0.8734177215189873, "eval_support_PRON": 168.0, "eval_prec_PROPN": 0.496468213925328, "eval_f1_PROPN": 0.6586345381526104, "eval_support_PROPN": 1006.0, "eval_prec_PUNCT": 0.7260569456427955, "eval_f1_PUNCT": 0.8402396405391912, "eval_support_PUNCT": 1688.0, "eval_prec_SCONJ": 0.0, "eval_f1_SCONJ": 0.0, "eval_support_SCONJ": 505.0, "eval_prec_SYM": 0.0, "eval_f1_SYM": 0.0, "eval_support_SYM": 3.0, "eval_prec_VERB": 0.9574468085106383, "eval_f1_VERB": 0.7122302158273381, "eval_support_VERB": 1746.0, "eval_prec_X": 0.0, "eval_f1_X": 0.0, "eval_support_X": 87.0, "eval_runtime": 9.4381, "eval_samples_per_second": 52.977, "eval_steps_per_second": 1.695}