{"eval_loss": 1.6574409008026123, "eval_token_acc": 0.5775744098528909, "eval_f1_macro": 0.31527600869026673, "eval_prec_ADJ": 0.54510556621881, "eval_f1_ADJ": 0.45806451612903226, "eval_support_ADJ": 719.0, "eval_prec_ADP": 0.5580524344569289, "eval_f1_ADP": 0.6958552247518972, "eval_support_ADP": 645.0, "eval_prec_ADV": 0.455012853470437, "eval_f1_ADV": 0.2512420156139106, "eval_support_ADV": 1020.0, "eval_prec_AUX": 0.210727969348659, "eval_f1_AUX": 0.21868787276341947, "eval_support_AUX": 242.0, "eval_prec_CCONJ": 0.3103448275862069, "eval_f1_CCONJ": 0.47368421052631576, "eval_support_CCONJ": 144.0, "eval_prec_DET": 0.0, "eval_f1_DET": 0.0, "eval_support_DET": 161.0, "eval_prec_INTJ": 0.0, "eval_f1_INTJ": 0.0, "eval_support_INTJ": 17.0, "eval_prec_NOUN": 0.6335540838852097, "eval_f1_NOUN": 0.726991274978891, "eval_support_NOUN": 3029.0, "eval_prec_NUM": 0.8536585365853658, "eval_f1_NUM": 0.7383966244725738, "eval_support_NUM": 269.0, "eval_prec_PART": 0.013368983957219251, "eval_f1_PART": 0.02159827213822894, "eval_support_PART": 89.0, "eval_prec_PRON": 0.3767123287671233, "eval_f1_PRON": 0.16248153618906944, "eval_support_PRON": 531.0, "eval_prec_PROPN": 0.0, "eval_f1_PROPN": 0.0, "eval_support_PROPN": 560.0, "eval_prec_PUNCT": 0.9801864801864801, "eval_f1_PUNCT": 0.9839134249780638, "eval_support_PUNCT": 1703.0, "eval_prec_SCONJ": 0.5263157894736842, "eval_f1_SCONJ": 0.04987531172069826, "eval_support_SCONJ": 382.0, "eval_prec_SYM": 0.0, "eval_f1_SYM": 0.0, "eval_support_SYM": 7.0, "eval_prec_VERB": 0.7623839009287926, "eval_f1_VERB": 0.5750145942790427, "eval_support_VERB": 2134.0, "eval_prec_X": 0.0020222446916076846, "eval_f1_X": 0.003887269193391642, "eval_support_X": 40.0, "eval_runtime": 5.8405, "eval_samples_per_second": 136.974, "eval_steps_per_second": 4.28}