{"eval_loss": 0.28156185150146484, "eval_token_acc": 0.9331257743749405, "eval_f1_macro": 0.7510651054770052, "eval_prec_ADJ": 0.8842105263157894, "eval_f1_ADJ": 0.8968968968968969, "eval_support_ADJ": 1477.0, "eval_prec_ADP": 0.980276134122288, "eval_f1_ADP": 0.9826989619377162, "eval_support_ADP": 5045.0, "eval_prec_ADV": 0.9412393162393162, "eval_f1_ADV": 0.9342523860021209, "eval_support_ADV": 950.0, "eval_prec_AUX": 0.8110236220472441, "eval_f1_AUX": 0.8685874912157414, "eval_support_AUX": 661.0, "eval_prec_CCONJ": 0.972972972972973, "eval_f1_CCONJ": 0.8386023294509152, "eval_support_CCONJ": 1026.0, "eval_prec_DET": 0.9869880546075085, "eval_f1_DET": 0.9861466325660699, "eval_support_DET": 4696.0, "eval_prec_INTJ": 0.0, "eval_f1_INTJ": 0.0, "eval_support_INTJ": 0.0, "eval_prec_NOUN": 0.9222717913520934, "eval_f1_NOUN": 0.9419908867858394, "eval_support_NOUN": 5584.0, "eval_prec_NUM": 0.9667487684729064, "eval_f1_NUM": 0.9412470023980816, "eval_support_NUM": 856.0, "eval_prec_PART": 0.0, "eval_f1_PART": 0.0, "eval_support_PART": 46.0, "eval_prec_PRON": 0.8003597122302158, "eval_f1_PRON": 0.6851424172440339, "eval_support_PRON": 743.0, "eval_prec_PROPN": 0.9686730024639212, "eval_f1_PROPN": 0.9069039380458066, "eval_support_PROPN": 3228.0, "eval_prec_PUNCT": 0.9995043370508054, "eval_f1_PUNCT": 0.9946972499691701, "eval_support_PUNCT": 4074.0, "eval_prec_SCONJ": 0.07768595041322314, "eval_f1_SCONJ": 0.1296551724137931, "eval_support_SCONJ": 120.0, "eval_prec_SYM": 0.6666666666666666, "eval_f1_SYM": 0.7969924812030075, "eval_support_SYM": 107.0, "eval_prec_VERB": 0.9564740307242136, "eval_f1_VERB": 0.9442137569958476, "eval_support_VERB": 2805.0, "eval_prec_X": 0.11688311688311688, "eval_f1_X": 0.16901408450704225, "eval_support_X": 59.0, "eval_runtime": 20.3216, "eval_samples_per_second": 59.051, "eval_steps_per_second": 1.87}