{"eval_loss": 0.9318324327468872, "eval_token_acc": 0.7115198451113263, "eval_f1_macro": 0.2759660357033503, "eval_prec_ADJ": 0.52, "eval_f1_ADJ": 0.06970509383378017, "eval_support_ADJ": 696.0, "eval_prec_ADP": 0.0, "eval_f1_ADP": 0.0, "eval_support_ADP": 152.0, "eval_prec_ADV": 0.0, "eval_f1_ADV": 0.0, "eval_support_ADV": 276.0, "eval_prec_AUX": 0.6646341463414634, "eval_f1_AUX": 0.5215311004784688, "eval_support_AUX": 254.0, "eval_prec_CCONJ": 0.0, "eval_f1_CCONJ": 0.0, "eval_support_CCONJ": 120.0, "eval_prec_DET": 0.0, "eval_f1_DET": 0.0, "eval_support_DET": 115.0, "eval_prec_INTJ": 0.0, "eval_f1_INTJ": 0.0, "eval_support_INTJ": 30.0, "eval_prec_NOUN": 0.5853849159828057, "eval_f1_NOUN": 0.70752154917936, "eval_support_NOUN": 3351.0, "eval_prec_NUM": 0.6962962962962963, "eval_f1_NUM": 0.706766917293233, "eval_support_NUM": 262.0, "eval_prec_PART": 0.0, "eval_f1_PART": 0.0, "eval_support_PART": 44.0, "eval_prec_PRON": 0.7644151565074135, "eval_f1_PRON": 0.6998491704374057, "eval_support_PRON": 719.0, "eval_prec_PROPN": 0.0, "eval_f1_PROPN": 0.0, "eval_support_PROPN": 33.0, "eval_prec_PUNCT": 0.9965736661771905, "eval_f1_PUNCT": 0.9963298262784438, "eval_support_PUNCT": 2044.0, "eval_prec_SCONJ": 0.0, "eval_f1_SCONJ": 0.0, "eval_support_SCONJ": 16.0, "eval_prec_SYM": 0.0, "eval_f1_SYM": 0.0, "eval_support_SYM": 0.0, "eval_prec_VERB": 0.7367661212704524, "eval_f1_VERB": 0.7137529137529137, "eval_support_VERB": 2212.0, "eval_prec_X": 0.0, "eval_f1_X": 0.0, "eval_support_X": 6.0, "eval_runtime": 11.7825, "eval_samples_per_second": 76.385, "eval_steps_per_second": 2.461}