{"eval_loss": 1.1209131479263306, "eval_token_acc": 0.7181038412132764, "eval_f1_macro": 0.5097593923878758, "eval_prec_ADJ": 0.7411847672778561, "eval_f1_ADJ": 0.6846905537459284, "eval_support_ADJ": 1652.0, "eval_prec_ADP": 0.9425087108013938, "eval_f1_ADP": 0.8618766926875896, "eval_support_ADP": 3407.0, "eval_prec_ADV": 0.693069306930693, "eval_f1_ADV": 0.4778156996587031, "eval_support_ADV": 384.0, "eval_prec_AUX": 0.9428571428571428, "eval_f1_AUX": 0.30726256983240224, "eval_support_AUX": 899.0, "eval_prec_CCONJ": 0.8292880258899676, "eval_f1_CCONJ": 0.9062776304155614, "eval_support_CCONJ": 1026.0, "eval_prec_DET": 0.32097560975609757, "eval_f1_DET": 0.4340369393139842, "eval_support_DET": 491.0, "eval_prec_INTJ": 0.0, "eval_f1_INTJ": 0.0, "eval_support_INTJ": 27.0, "eval_prec_NOUN": 0.8344733242134063, "eval_f1_NOUN": 0.8253382533825339, "eval_support_NOUN": 8219.0, "eval_prec_NUM": 0.6822429906542056, "eval_f1_NUM": 0.7133550488599348, "eval_support_NUM": 293.0, "eval_prec_PART": 0.19491525423728814, "eval_f1_PART": 0.3150684931506849, "eval_support_PART": 28.0, "eval_prec_PRON": 0.746031746031746, "eval_f1_PRON": 0.5353075170842825, "eval_support_PRON": 1126.0, "eval_prec_PROPN": 1.0, "eval_f1_PROPN": 0.007174887892376682, "eval_support_PROPN": 1111.0, "eval_prec_PUNCT": 0.9692028985507246, "eval_f1_PUNCT": 0.9841342837433893, "eval_support_PUNCT": 2141.0, "eval_prec_SCONJ": 0.8695652173913043, "eval_f1_SCONJ": 0.3530895334174023, "eval_support_SCONJ": 632.0, "eval_prec_SYM": 0.0, "eval_f1_SYM": 0.0, "eval_support_SYM": 0.0, "eval_prec_VERB": 0.6926936343681405, "eval_f1_VERB": 0.7507221750212404, "eval_support_VERB": 2696.0, "eval_prec_X": 0.0, "eval_f1_X": 0.0, "eval_support_X": 1.0, "eval_runtime": 16.7093, "eval_samples_per_second": 87.077, "eval_steps_per_second": 2.753}