{"eval_loss": 2.4359452724456787, "eval_token_acc": 0.2876537971998303, "eval_f1_macro": 0.08185443845477469, "eval_prec_ADJ": 0.2, "eval_f1_ADJ": 0.001594896331738437, "eval_support_ADJ": 1249.0, "eval_prec_ADP": 0.0, "eval_f1_ADP": 0.0, "eval_support_ADP": 1603.0, "eval_prec_ADV": 0.0, "eval_f1_ADV": 0.0, "eval_support_ADV": 1058.0, "eval_prec_AUX": 0.0, "eval_f1_AUX": 0.0, "eval_support_AUX": 691.0, "eval_prec_CCONJ": 0.0, "eval_f1_CCONJ": 0.0, "eval_support_CCONJ": 460.0, "eval_prec_DET": 0.0, "eval_f1_DET": 0.0, "eval_support_DET": 2264.0, "eval_prec_INTJ": 0.0, "eval_f1_INTJ": 0.0, "eval_support_INTJ": 4.0, "eval_prec_NOUN": 0.3935334872979215, "eval_f1_NOUN": 0.4580029565918559, "eval_support_NOUN": 3111.0, "eval_prec_NUM": 0.5675675675675675, "eval_f1_NUM": 0.15555555555555556, "eval_support_NUM": 233.0, "eval_prec_PART": 0.0, "eval_f1_PART": 0.0, "eval_support_PART": 210.0, "eval_prec_PRON": 0.07623318385650224, "eval_f1_PRON": 0.036637931034482756, "eval_support_PRON": 705.0, "eval_prec_PROPN": 0.0, "eval_f1_PROPN": 0.0, "eval_support_PROPN": 1022.0, "eval_prec_PUNCT": 0.2755102040816326, "eval_f1_PUNCT": 0.42204194697269487, "eval_support_PUNCT": 2366.0, "eval_prec_SCONJ": 0.0, "eval_f1_SCONJ": 0.0, "eval_support_SCONJ": 168.0, "eval_prec_SYM": 0.0, "eval_f1_SYM": 0.0, "eval_support_SYM": 4.0, "eval_prec_VERB": 0.20958805107203082, "eval_f1_VERB": 0.31769216724484206, "eval_support_VERB": 1326.0, "eval_prec_X": 0.0, "eval_f1_X": 0.0, "eval_support_X": 25.0, "eval_runtime": 12.0614, "eval_samples_per_second": 81.002, "eval_steps_per_second": 2.57}