{"eval_loss": 1.4979606866836548, "eval_token_acc": 0.571052276104282, "eval_f1_macro": 0.49712673953896236, "eval_prec_ADJ": 0.5451327433628319, "eval_f1_ADJ": 0.3556581986143187, "eval_support_ADJ": 1167.0, "eval_prec_ADP": 0.8680926916221033, "eval_f1_ADP": 0.4639199809478447, "eval_support_ADP": 3077.0, "eval_prec_ADV": 0.020695364238410598, "eval_f1_ADV": 0.037509377344336084, "eval_support_ADV": 125.0, "eval_prec_AUX": 0.1824175824175824, "eval_f1_AUX": 0.18683173888576252, "eval_support_AUX": 867.0, "eval_prec_CCONJ": 0.9273927392739274, "eval_f1_CCONJ": 0.8767550702028081, "eval_support_CCONJ": 338.0, "eval_prec_DET": 0.5208333333333334, "eval_f1_DET": 0.17543859649122806, "eval_support_DET": 237.0, "eval_prec_INTJ": 0.0, "eval_f1_INTJ": 0.0, "eval_support_INTJ": 0.0, "eval_prec_NOUN": 0.6431372549019608, "eval_f1_NOUN": 0.7130434782608696, "eval_support_NOUN": 3690.0, "eval_prec_NUM": 0.4987951807228916, "eval_f1_NUM": 0.6070381231671554, "eval_support_NUM": 267.0, "eval_prec_PART": 0.0, "eval_f1_PART": 0.0, "eval_support_PART": 337.0, "eval_prec_PRON": 0.584192439862543, "eval_f1_PRON": 0.6290471785383904, "eval_support_PRON": 499.0, "eval_prec_PROPN": 0.7437325905292479, "eval_f1_PROPN": 0.7082228116710876, "eval_support_PROPN": 1975.0, "eval_prec_PUNCT": 0.9339752407152683, "eval_f1_PUNCT": 0.9638041163946061, "eval_support_PUNCT": 682.0, "eval_prec_SCONJ": 0.581081081081081, "eval_f1_SCONJ": 0.6957928802588996, "eval_support_SCONJ": 248.0, "eval_prec_SYM": 0.0, "eval_f1_SYM": 0.0, "eval_support_SYM": 0.0, "eval_prec_VERB": 0.4366651312759097, "eval_f1_VERB": 0.5467128027681661, "eval_support_VERB": 1297.0, "eval_prec_X": 0.0, "eval_f1_X": 0.0, "eval_support_X": 0.0, "eval_runtime": 13.0044, "eval_samples_per_second": 41.14, "eval_steps_per_second": 1.307}