{"eval_loss": 0.9121070504188538, "eval_token_acc": 0.7953102100635075, "eval_f1_macro": 0.6501930197203796, "eval_prec_ADJ": 0.7154663518299882, "eval_f1_ADJ": 0.7824402840542285, "eval_support_ADJ": 702.0, "eval_prec_ADP": 0.9024822695035462, "eval_f1_ADP": 0.8509334076344386, "eval_support_ADP": 1897.0, "eval_prec_ADV": 0.5949119373776908, "eval_f1_ADV": 0.6440677966101694, "eval_support_ADV": 433.0, "eval_prec_AUX": 0.5828571428571429, "eval_f1_AUX": 0.6296296296296297, "eval_support_AUX": 149.0, "eval_prec_CCONJ": 0.973621103117506, "eval_f1_CCONJ": 0.9564193168433451, "eval_support_CCONJ": 432.0, "eval_prec_DET": 0.9098196392785571, "eval_f1_DET": 0.7607875994972769, "eval_support_DET": 1389.0, "eval_prec_INTJ": 0.0, "eval_f1_INTJ": 0.0, "eval_support_INTJ": 0.0, "eval_prec_NOUN": 0.9475905733380232, "eval_f1_NOUN": 0.9113667117726658, "eval_support_NOUN": 3069.0, "eval_prec_NUM": 0.8732394366197183, "eval_f1_NUM": 0.8686514886164624, "eval_support_NUM": 287.0, "eval_prec_PART": 0.0, "eval_f1_PART": 0.0, "eval_support_PART": 0.0, "eval_prec_PRON": 0.24585635359116023, "eval_f1_PRON": 0.21497584541062803, "eval_support_PRON": 466.0, "eval_prec_PROPN": 0.6831550802139037, "eval_f1_PROPN": 0.7701582516955539, "eval_support_PROPN": 579.0, "eval_prec_PUNCT": 0.9668313338038109, "eval_f1_PUNCT": 0.9778729478943612, "eval_support_PUNCT": 1385.0, "eval_prec_SCONJ": 0.9109947643979057, "eval_f1_SCONJ": 0.5742574257425742, "eval_support_SCONJ": 415.0, "eval_prec_SYM": 0.0, "eval_f1_SYM": 0.0, "eval_support_SYM": 0.0, "eval_prec_VERB": 0.8355196770938446, "eval_f1_VERB": 0.8023255813953488, "eval_support_VERB": 1073.0, "eval_prec_X": 0.004629629629629629, "eval_f1_X": 0.009009009009009009, "eval_support_X": 6.0, "eval_runtime": 10.1686, "eval_samples_per_second": 48.286, "eval_steps_per_second": 1.573}