{"eval_loss": 0.20384544134140015, "eval_token_acc": 0.9357692827232204, "eval_f1_macro": 0.9241868901817212, "eval_prec_ADJ": 0.8532338308457711, "eval_f1_ADJ": 0.8672566371681416, "eval_support_ADJ": 1167.0, "eval_prec_ADP": 0.9807135969141755, "eval_f1_ADP": 0.9861021331609567, "eval_support_ADP": 3077.0, "eval_prec_ADV": 0.7241379310344828, "eval_f1_ADV": 0.6970954356846473, "eval_support_ADV": 125.0, "eval_prec_AUX": 0.9744483159117305, "eval_f1_AUX": 0.9710648148148148, "eval_support_AUX": 867.0, "eval_prec_CCONJ": 0.9657142857142857, "eval_f1_CCONJ": 0.9825581395348837, "eval_support_CCONJ": 338.0, "eval_prec_DET": 0.8831168831168831, "eval_f1_DET": 0.8717948717948718, "eval_support_DET": 237.0, "eval_prec_INTJ": 0.0, "eval_f1_INTJ": 0.0, "eval_support_INTJ": 0.0, "eval_prec_NOUN": 0.9293919865508545, "eval_f1_NOUN": 0.9138999862239978, "eval_support_NOUN": 3690.0, "eval_prec_NUM": 0.9619771863117871, "eval_f1_NUM": 0.9547169811320755, "eval_support_NUM": 267.0, "eval_prec_PART": 0.956953642384106, "eval_f1_PART": 0.9045383411580594, "eval_support_PART": 337.0, "eval_prec_PRON": 0.9591836734693877, "eval_f1_PRON": 0.9504550050556118, "eval_support_PRON": 499.0, "eval_prec_PROPN": 0.8697131745260087, "eval_f1_PROPN": 0.8874007936507936, "eval_support_PROPN": 1975.0, "eval_prec_PUNCT": 0.9970674486803519, "eval_f1_PUNCT": 0.9970674486803519, "eval_support_PUNCT": 682.0, "eval_prec_SCONJ": 0.9725490196078431, "eval_f1_SCONJ": 0.9860834990059643, "eval_support_SCONJ": 248.0, "eval_prec_SYM": 0.0, "eval_f1_SYM": 0.0, "eval_support_SYM": 0.0, "eval_prec_VERB": 0.9626808834729627, "eval_f1_VERB": 0.9685823754789272, "eval_support_VERB": 1297.0, "eval_prec_X": 0.0, "eval_f1_X": 0.0, "eval_support_X": 0.0, "eval_runtime": 13.2014, "eval_samples_per_second": 40.526, "eval_steps_per_second": 1.288}