{"eval_loss": 2.0086257457733154, "eval_token_acc": 0.511240632805995, "eval_f1_macro": 0.3595785578507982, "eval_prec_ADJ": 0.1916038751345533, "eval_f1_ADJ": 0.2964196502914238, "eval_support_ADJ": 272.0, "eval_prec_ADP": 0.4330935251798561, "eval_f1_ADP": 0.4894308943089431, "eval_support_ADP": 535.0, "eval_prec_ADV": 0.2215568862275449, "eval_f1_ADV": 0.16122004357298475, "eval_support_ADV": 292.0, "eval_prec_AUX": 0.391304347826087, "eval_f1_AUX": 0.16791044776119404, "eval_support_AUX": 421.0, "eval_prec_CCONJ": 0.4568245125348189, "eval_f1_CCONJ": 0.5963636363636363, "eval_support_CCONJ": 191.0, "eval_prec_DET": 0.3875598086124402, "eval_f1_DET": 0.46551724137931033, "eval_support_DET": 139.0, "eval_prec_INTJ": 0.0, "eval_f1_INTJ": 0.0, "eval_support_INTJ": 0.0, "eval_prec_NOUN": 0.684984984984985, "eval_f1_NOUN": 0.686841312857573, "eval_support_NOUN": 3312.0, "eval_prec_NUM": 0.8651162790697674, "eval_f1_NUM": 0.8597842835130971, "eval_support_NUM": 653.0, "eval_prec_PART": 0.0, "eval_f1_PART": 0.0, "eval_support_PART": 992.0, "eval_prec_PRON": 0.9565217391304348, "eval_f1_PRON": 0.676923076923077, "eval_support_PRON": 168.0, "eval_prec_PROPN": 0.0, "eval_f1_PROPN": 0.0, "eval_support_PROPN": 1006.0, "eval_prec_PUNCT": 0.5951781216264843, "eval_f1_PUNCT": 0.7405417506156257, "eval_support_PUNCT": 1688.0, "eval_prec_SCONJ": 0.0, "eval_f1_SCONJ": 0.0, "eval_support_SCONJ": 505.0, "eval_prec_SYM": 0.0, "eval_f1_SYM": 0.0, "eval_support_SYM": 3.0, "eval_prec_VERB": 0.8536285362853628, "eval_f1_VERB": 0.5423993747557639, "eval_support_VERB": 1746.0, "eval_prec_X": 0.03685196752029981, "eval_f1_X": 0.06990521327014218, "eval_support_X": 87.0, "eval_runtime": 9.4838, "eval_samples_per_second": 52.722, "eval_steps_per_second": 1.687}