{"eval_loss": 1.1862010955810547, "eval_token_acc": 0.6458515979915518, "eval_f1_macro": 0.4813823354221228, "eval_prec_ADJ": 0.5889520714865962, "eval_f1_ADJ": 0.4802914872474329, "eval_support_ADJ": 1788.0, "eval_prec_ADP": 0.6756756756756757, "eval_f1_ADP": 0.5622837370242214, "eval_support_ADP": 2025.0, "eval_prec_ADV": 0.4448818897637795, "eval_f1_ADV": 0.45916294189353923, "eval_support_ADV": 1191.0, "eval_prec_AUX": 0.8032345013477089, "eval_f1_AUX": 0.6731927710843374, "eval_support_AUX": 1543.0, "eval_prec_CCONJ": 0.9322834645669291, "eval_f1_CCONJ": 0.8636032093362509, "eval_support_CCONJ": 736.0, "eval_prec_DET": 0.9361702127659575, "eval_f1_DET": 0.45614035087719296, "eval_support_DET": 1897.0, "eval_prec_INTJ": 0.0, "eval_f1_INTJ": 0.0, "eval_support_INTJ": 121.0, "eval_prec_NOUN": 0.6929904415111515, "eval_f1_NOUN": 0.7150405072208524, "eval_support_NOUN": 4123.0, "eval_prec_NUM": 0.4886578449905482, "eval_f1_NUM": 0.64625, "eval_support_NUM": 542.0, "eval_prec_PART": 0.06923950056753689, "eval_f1_PART": 0.07973856209150326, "eval_support_PART": 649.0, "eval_prec_PRON": 0.9445564516129032, "eval_f1_PRON": 0.9035679845708775, "eval_support_PRON": 2164.0, "eval_prec_PROPN": 0.8500459981600736, "eval_f1_PROPN": 0.5844402277039848, "eval_support_PROPN": 2075.0, "eval_prec_PUNCT": 0.9727802981205443, "eval_f1_PUNCT": 0.9712067292138467, "eval_support_PUNCT": 3096.0, "eval_prec_SCONJ": 0.011869436201780416, "eval_f1_SCONJ": 0.011095700416088766, "eval_support_SCONJ": 384.0, "eval_prec_SYM": 0.0, "eval_f1_SYM": 0.0, "eval_support_SYM": 113.0, "eval_prec_VERB": 0.63408913213448, "eval_f1_VERB": 0.7553554796647004, "eval_support_VERB": 2605.0, "eval_prec_X": 0.011283497884344146, "eval_f1_X": 0.022130013831258646, "eval_support_X": 42.0, "eval_runtime": 23.5258, "eval_samples_per_second": 88.286, "eval_steps_per_second": 2.763}