{"eval_loss": 3.199181318283081, "eval_token_acc": 0.356243949661181, "eval_f1_macro": 0.08537413502849485, "eval_prec_ADJ": 0.16, "eval_f1_ADJ": 0.04020100502512563, "eval_support_ADJ": 696.0, "eval_prec_ADP": 0.0, "eval_f1_ADP": 0.0, "eval_support_ADP": 152.0, "eval_prec_ADV": 0.0, "eval_f1_ADV": 0.0, "eval_support_ADV": 276.0, "eval_prec_AUX": 0.0, "eval_f1_AUX": 0.0, "eval_support_AUX": 254.0, "eval_prec_CCONJ": 0.0, "eval_f1_CCONJ": 0.0, "eval_support_CCONJ": 120.0, "eval_prec_DET": 0.0, "eval_f1_DET": 0.0, "eval_support_DET": 115.0, "eval_prec_INTJ": 0.018867924528301886, "eval_f1_INTJ": 0.03524229074889868, "eval_support_INTJ": 30.0, "eval_prec_NOUN": 0.46816079686944145, "eval_f1_NOUN": 0.42713404738721195, "eval_support_NOUN": 3351.0, "eval_prec_NUM": 0.9230769230769231, "eval_f1_NUM": 0.08727272727272728, "eval_support_NUM": 262.0, "eval_prec_PART": 0.0, "eval_f1_PART": 0.0, "eval_support_PART": 44.0, "eval_prec_PRON": 0.46153846153846156, "eval_f1_PRON": 0.01639344262295082, "eval_support_PRON": 719.0, "eval_prec_PROPN": 0.019639934533551555, "eval_f1_PROPN": 0.037267080745341616, "eval_support_PROPN": 33.0, "eval_prec_PUNCT": 0.3528497409326425, "eval_f1_PUNCT": 0.5215726321164156, "eval_support_PUNCT": 2044.0, "eval_prec_SCONJ": 0.0, "eval_f1_SCONJ": 0.0, "eval_support_SCONJ": 16.0, "eval_prec_SYM": 0.0, "eval_f1_SYM": 0.0, "eval_support_SYM": 0.0, "eval_prec_VERB": 0.5986547085201793, "eval_f1_VERB": 0.20090293453724606, "eval_support_VERB": 2212.0, "eval_prec_X": 0.0, "eval_f1_X": 0.0, "eval_support_X": 6.0, "eval_runtime": 12.6831, "eval_samples_per_second": 70.96, "eval_steps_per_second": 2.286}