{"eval_loss": 1.4056355953216553, "eval_token_acc": 0.6465622045116844, "eval_f1_macro": 0.5444642295441999, "eval_prec_ADJ": 0.7115384615384616, "eval_f1_ADJ": 0.2592852137351086, "eval_support_ADJ": 1167.0, "eval_prec_ADP": 0.9298799747315224, "eval_f1_ADP": 0.6317596566523606, "eval_support_ADP": 3077.0, "eval_prec_ADV": 0.06716981132075471, "eval_f1_ADV": 0.12275862068965518, "eval_support_ADV": 125.0, "eval_prec_AUX": 0.45667125171939477, "eval_f1_AUX": 0.41656210790464243, "eval_support_AUX": 867.0, "eval_prec_CCONJ": 0.7630979498861048, "eval_f1_CCONJ": 0.8622908622908623, "eval_support_CCONJ": 338.0, "eval_prec_DET": 0.4050632911392405, "eval_f1_DET": 0.20253164556962025, "eval_support_DET": 237.0, "eval_prec_INTJ": 0.0, "eval_f1_INTJ": 0.0, "eval_support_INTJ": 0.0, "eval_prec_NOUN": 0.6873275313097007, "eval_f1_NOUN": 0.7708606118319248, "eval_support_NOUN": 3690.0, "eval_prec_NUM": 0.6180758017492711, "eval_f1_NUM": 0.6950819672131148, "eval_support_NUM": 267.0, "eval_prec_PART": 0.0, "eval_f1_PART": 0.0, "eval_support_PART": 337.0, "eval_prec_PRON": 0.5334346504559271, "eval_f1_PRON": 0.6067415730337079, "eval_support_PRON": 499.0, "eval_prec_PROPN": 0.8475130890052356, "eval_f1_PROPN": 0.739366257493577, "eval_support_PROPN": 1975.0, "eval_prec_PUNCT": 0.6473384030418251, "eval_f1_PUNCT": 0.7854671280276817, "eval_support_PUNCT": 682.0, "eval_prec_SCONJ": 0.7491166077738516, "eval_f1_SCONJ": 0.7984934086629002, "eval_support_SCONJ": 248.0, "eval_prec_SYM": 0.0, "eval_f1_SYM": 0.0, "eval_support_SYM": 0.0, "eval_prec_VERB": 0.6265126512651266, "eval_f1_VERB": 0.7313001605136437, "eval_support_VERB": 1297.0, "eval_prec_X": 0.0, "eval_f1_X": 0.0, "eval_support_X": 0.0, "eval_runtime": 12.9636, "eval_samples_per_second": 41.269, "eval_steps_per_second": 1.311}