{"eval_loss": 1.092828631401062, "eval_token_acc": 0.7387102292165584, "eval_f1_macro": 0.49914665566949806, "eval_prec_ADJ": 0.7647058823529411, "eval_f1_ADJ": 0.45658536585365855, "eval_support_ADJ": 719.0, "eval_prec_ADP": 0.6416666666666667, "eval_f1_ADP": 0.767601246105919, "eval_support_ADP": 645.0, "eval_prec_ADV": 0.4472361809045226, "eval_f1_ADV": 0.5451761102603369, "eval_support_ADV": 1020.0, "eval_prec_AUX": 0.2874251497005988, "eval_f1_AUX": 0.23471882640586797, "eval_support_AUX": 242.0, "eval_prec_CCONJ": 0.5538461538461539, "eval_f1_CCONJ": 0.7128712871287128, "eval_support_CCONJ": 144.0, "eval_prec_DET": 0.5864978902953587, "eval_f1_DET": 0.6984924623115578, "eval_support_DET": 161.0, "eval_prec_INTJ": 0.0, "eval_f1_INTJ": 0.0, "eval_support_INTJ": 17.0, "eval_prec_NOUN": 0.7901701323251418, "eval_f1_NOUN": 0.808640980170885, "eval_support_NOUN": 3029.0, "eval_prec_NUM": 0.8870967741935484, "eval_f1_NUM": 0.851063829787234, "eval_support_NUM": 269.0, "eval_prec_PART": 0.0, "eval_f1_PART": 0.0, "eval_support_PART": 89.0, "eval_prec_PRON": 0.543247344461305, "eval_f1_PRON": 0.6016806722689075, "eval_support_PRON": 531.0, "eval_prec_PROPN": 0.9408163265306122, "eval_f1_PROPN": 0.878095238095238, "eval_support_PROPN": 560.0, "eval_prec_PUNCT": 0.9849624060150376, "eval_f1_PUNCT": 0.9924242424242424, "eval_support_PUNCT": 1703.0, "eval_prec_SCONJ": 0.3888888888888889, "eval_f1_SCONJ": 0.19291338582677164, "eval_support_SCONJ": 382.0, "eval_prec_SYM": 0.0, "eval_f1_SYM": 0.0, "eval_support_SYM": 7.0, "eval_prec_VERB": 0.8285550458715596, "eval_f1_VERB": 0.7452294997421351, "eval_support_VERB": 2134.0, "eval_prec_X": 0.0, "eval_f1_X": 0.0, "eval_support_X": 40.0, "eval_runtime": 5.7633, "eval_samples_per_second": 138.808, "eval_steps_per_second": 4.338}