{"eval_loss": 1.388466238975525, "eval_token_acc": 0.6634367951202466, "eval_f1_macro": 0.5125788579585568, "eval_prec_ADJ": 0.611878453038674, "eval_f1_ADJ": 0.728418744861606, "eval_support_ADJ": 1477.0, "eval_prec_ADP": 0.8596938775510204, "eval_f1_ADP": 0.8958511345295738, "eval_support_ADP": 5045.0, "eval_prec_ADV": 0.8084577114427861, "eval_f1_ADV": 0.4807692307692308, "eval_support_ADV": 950.0, "eval_prec_AUX": 0.6260162601626016, "eval_f1_AUX": 0.44854368932038835, "eval_support_AUX": 661.0, "eval_prec_CCONJ": 0.832995951417004, "eval_f1_CCONJ": 0.817279046673287, "eval_support_CCONJ": 1026.0, "eval_prec_DET": 0.6784313725490196, "eval_f1_DET": 0.373707761147971, "eval_support_DET": 4696.0, "eval_prec_INTJ": 0.0, "eval_f1_INTJ": 0.0, "eval_support_INTJ": 0.0, "eval_prec_NOUN": 0.5543937473595268, "eval_f1_NOUN": 0.6974488440074409, "eval_support_NOUN": 5584.0, "eval_prec_NUM": 0.8376753507014028, "eval_f1_NUM": 0.9018338727076591, "eval_support_NUM": 856.0, "eval_prec_PART": 0.009900990099009901, "eval_f1_PART": 0.016129032258064516, "eval_support_PART": 46.0, "eval_prec_PRON": 0.8777777777777778, "eval_f1_PRON": 0.18967587034813926, "eval_support_PRON": 743.0, "eval_prec_PROPN": 0.5, "eval_f1_PROPN": 0.0006191950464396285, "eval_support_PROPN": 3228.0, "eval_prec_PUNCT": 0.9273283160865475, "eval_f1_PUNCT": 0.9471534950756666, "eval_support_PUNCT": 4074.0, "eval_prec_SCONJ": 0.16289592760180996, "eval_f1_SCONJ": 0.21114369501466276, "eval_support_SCONJ": 120.0, "eval_prec_SYM": 0.9682539682539683, "eval_f1_SYM": 0.7176470588235294, "eval_support_SYM": 107.0, "eval_prec_VERB": 0.8126754913758524, "eval_f1_VERB": 0.7648169120422801, "eval_support_VERB": 2805.0, "eval_prec_X": 0.005233494363929146, "eval_f1_X": 0.010224144710971293, "eval_support_X": 59.0, "eval_runtime": 20.293, "eval_samples_per_second": 59.134, "eval_steps_per_second": 1.873}