{"eval_loss": 0.9578936100006104, "eval_token_acc": 0.7499144714334588, "eval_f1_macro": 0.5294035582475253, "eval_prec_ADJ": 0.5136986301369864, "eval_f1_ADJ": 0.4604758250191865, "eval_support_ADJ": 719.0, "eval_prec_ADP": 0.7911301859799714, "eval_f1_ADP": 0.8229166666666666, "eval_support_ADP": 645.0, "eval_prec_ADV": 0.48608534322820035, "eval_f1_ADV": 0.59613196814562, "eval_support_ADV": 1020.0, "eval_prec_AUX": 0.6016260162601627, "eval_f1_AUX": 0.6065573770491803, "eval_support_AUX": 242.0, "eval_prec_CCONJ": 0.6486486486486487, "eval_f1_CCONJ": 0.7868852459016393, "eval_support_CCONJ": 144.0, "eval_prec_DET": 0.4750830564784053, "eval_f1_DET": 0.6190476190476191, "eval_support_DET": 161.0, "eval_prec_INTJ": 0.0, "eval_f1_INTJ": 0.0, "eval_support_INTJ": 17.0, "eval_prec_NOUN": 0.8428822495606327, "eval_f1_NOUN": 0.8164794007490637, "eval_support_NOUN": 3029.0, "eval_prec_NUM": 0.9016393442622951, "eval_f1_NUM": 0.7300884955752213, "eval_support_NUM": 269.0, "eval_prec_PART": 0.0, "eval_f1_PART": 0.0, "eval_support_PART": 89.0, "eval_prec_PRON": 0.499009900990099, "eval_f1_PRON": 0.4864864864864865, "eval_support_PRON": 531.0, "eval_prec_PROPN": 0.8221070811744386, "eval_f1_PROPN": 0.835820895522388, "eval_support_PROPN": 560.0, "eval_prec_PUNCT": 0.9924242424242424, "eval_f1_PUNCT": 0.9961977186311787, "eval_support_PUNCT": 1703.0, "eval_prec_SCONJ": 0.3577981651376147, "eval_f1_SCONJ": 0.15885947046843177, "eval_support_SCONJ": 382.0, "eval_prec_SYM": 1.0, "eval_f1_SYM": 0.25, "eval_support_SYM": 7.0, "eval_prec_VERB": 0.8306613226452906, "eval_f1_VERB": 0.802905569007264, "eval_support_VERB": 2134.0, "eval_prec_X": 0.02247191011235955, "eval_f1_X": 0.031007751937984496, "eval_support_X": 40.0, "eval_runtime": 5.987, "eval_samples_per_second": 133.623, "eval_steps_per_second": 4.176}