{"eval_loss": 1.6888163089752197, "eval_token_acc": 0.6136701337295691, "eval_f1_macro": 0.5007198917691013, "eval_prec_ADJ": 0.6340248962655601, "eval_f1_ADJ": 0.6441821247892074, "eval_support_ADJ": 1167.0, "eval_prec_ADP": 0.914179104477612, "eval_f1_ADP": 0.14648729446935724, "eval_support_ADP": 3077.0, "eval_prec_ADV": 0.06842539159109645, "eval_f1_ADV": 0.12406576980568013, "eval_support_ADV": 125.0, "eval_prec_AUX": 0.39663865546218485, "eval_f1_AUX": 0.45892075838599905, "eval_support_AUX": 867.0, "eval_prec_CCONJ": 0.8689839572192514, "eval_f1_CCONJ": 0.9129213483146067, "eval_support_CCONJ": 338.0, "eval_prec_DET": 0.6696428571428571, "eval_f1_DET": 0.6507592190889371, "eval_support_DET": 237.0, "eval_prec_INTJ": 0.0, "eval_f1_INTJ": 0.0, "eval_support_INTJ": 0.0, "eval_prec_NOUN": 0.8303430909663204, "eval_f1_NOUN": 0.7683122178535022, "eval_support_NOUN": 3690.0, "eval_prec_NUM": 0.7443609022556391, "eval_f1_NUM": 0.7429643527204502, "eval_support_NUM": 267.0, "eval_prec_PART": 0.01125703564727955, "eval_f1_PART": 0.013793103448275862, "eval_support_PART": 337.0, "eval_prec_PRON": 0.8705035971223022, "eval_f1_PRON": 0.7925764192139738, "eval_support_PRON": 499.0, "eval_prec_PROPN": 0.5978443920511957, "eval_f1_PROPN": 0.718042071197411, "eval_support_PROPN": 1975.0, "eval_prec_PUNCT": 0.8925294888597641, "eval_f1_PUNCT": 0.942560553633218, "eval_support_PUNCT": 682.0, "eval_prec_SCONJ": 0.8136200716845878, "eval_f1_SCONJ": 0.8614800759013282, "eval_support_SCONJ": 248.0, "eval_prec_SYM": 0.0, "eval_f1_SYM": 0.0, "eval_support_SYM": 0.0, "eval_prec_VERB": 0.6244612068965517, "eval_f1_VERB": 0.7351728512527751, "eval_support_VERB": 1297.0, "eval_prec_X": 0.0, "eval_f1_X": 0.0, "eval_support_X": 0.0, "eval_runtime": 13.1823, "eval_samples_per_second": 40.585, "eval_steps_per_second": 1.29}