{"eval_loss": 1.5385541915893555, "eval_token_acc": 0.6446294754371357, "eval_f1_macro": 0.48335687416036954, "eval_prec_ADJ": 0.31438721136767317, "eval_f1_ADJ": 0.4239520958083832, "eval_support_ADJ": 272.0, "eval_prec_ADP": 0.4909090909090909, "eval_f1_ADP": 0.4108695652173913, "eval_support_ADP": 535.0, "eval_prec_ADV": 0.3303030303030303, "eval_f1_ADV": 0.4579831932773109, "eval_support_ADV": 292.0, "eval_prec_AUX": 0.746938775510204, "eval_f1_AUX": 0.5495495495495496, "eval_support_AUX": 421.0, "eval_prec_CCONJ": 0.5741935483870968, "eval_f1_CCONJ": 0.7105788423153693, "eval_support_CCONJ": 191.0, "eval_prec_DET": 0.41496598639455784, "eval_f1_DET": 0.5635103926096998, "eval_support_DET": 139.0, "eval_prec_INTJ": 0.0, "eval_f1_INTJ": 0.0, "eval_support_INTJ": 0.0, "eval_prec_NOUN": 0.7911344853493614, "eval_f1_NOUN": 0.705055239370606, "eval_support_NOUN": 3312.0, "eval_prec_NUM": 0.889751552795031, "eval_f1_NUM": 0.8835774865073246, "eval_support_NUM": 653.0, "eval_prec_PART": 0.0, "eval_f1_PART": 0.0, "eval_support_PART": 992.0, "eval_prec_PRON": 0.7717391304347826, "eval_f1_PRON": 0.8068181818181818, "eval_support_PRON": 168.0, "eval_prec_PROPN": 0.5315217391304348, "eval_f1_PROPN": 0.6872803935347856, "eval_support_PROPN": 1006.0, "eval_prec_PUNCT": 0.5914998243765367, "eval_f1_PUNCT": 0.7426681367144432, "eval_support_PUNCT": 1688.0, "eval_prec_SCONJ": 1.0, "eval_f1_SCONJ": 0.023483365949119372, "eval_support_SCONJ": 505.0, "eval_prec_SYM": 0.0, "eval_f1_SYM": 0.0, "eval_support_SYM": 3.0, "eval_prec_VERB": 0.8844146159582401, "eval_f1_VERB": 0.768383543893748, "eval_support_VERB": 1746.0, "eval_prec_X": 0.0, "eval_f1_X": 0.0, "eval_support_X": 87.0, "eval_runtime": 9.3103, "eval_samples_per_second": 53.704, "eval_steps_per_second": 1.719}