{"eval_loss": 0.38965171575546265, "eval_token_acc": 0.9275954007665389, "eval_f1_macro": 0.7402770664390984, "eval_prec_ADJ": 0.8368700265251989, "eval_f1_ADJ": 0.8856140350877193, "eval_support_ADJ": 671.0, "eval_prec_ADP": 0.9919914575547251, "eval_f1_ADP": 0.9880350970486572, "eval_support_ADP": 1888.0, "eval_prec_ADV": 0.8616071428571429, "eval_f1_ADV": 0.8832951945080092, "eval_support_ADV": 426.0, "eval_prec_AUX": 0.8557993730407524, "eval_f1_AUX": 0.84, "eval_support_AUX": 331.0, "eval_prec_CCONJ": 0.9517426273458445, "eval_f1_CCONJ": 0.922077922077922, "eval_support_CCONJ": 397.0, "eval_prec_DET": 0.9798165137614679, "eval_f1_DET": 0.960431654676259, "eval_support_DET": 1701.0, "eval_prec_INTJ": 0.0, "eval_f1_INTJ": 0.0, "eval_support_INTJ": 1.0, "eval_prec_NOUN": 0.9496688741721855, "eval_f1_NOUN": 0.955363091272485, "eval_support_NOUN": 2238.0, "eval_prec_NUM": 0.9495798319327731, "eval_f1_NUM": 0.9658119658119658, "eval_support_NUM": 230.0, "eval_prec_PART": 0.0, "eval_f1_PART": 0.0, "eval_support_PART": 1.0, "eval_prec_PRON": 0.6492659053833605, "eval_f1_PRON": 0.7474178403755869, "eval_support_PRON": 452.0, "eval_prec_PROPN": 0.948069241011984, "eval_f1_PROPN": 0.9075844486934354, "eval_support_PROPN": 818.0, "eval_prec_PUNCT": 0.9992063492063492, "eval_f1_PUNCT": 0.9952569169960475, "eval_support_PUNCT": 1270.0, "eval_prec_SCONJ": 0.7294685990338164, "eval_f1_SCONJ": 0.5551470588235294, "eval_support_SCONJ": 337.0, "eval_prec_SYM": 0.75, "eval_f1_SYM": 0.7924528301886793, "eval_support_SYM": 25.0, "eval_prec_VERB": 0.9234650967199327, "eval_f1_VERB": 0.9309029249682068, "eval_support_VERB": 1170.0, "eval_prec_X": 0.25, "eval_f1_X": 0.2553191489361702, "eval_support_X": 46.0, "eval_runtime": 8.9037, "eval_samples_per_second": 47.958, "eval_steps_per_second": 1.572}