{"eval_loss": 1.5234026908874512, "eval_token_acc": 0.5928002161285966, "eval_f1_macro": 0.4819201342633246, "eval_prec_ADJ": 0.7130044843049327, "eval_f1_ADJ": 0.6177756192326372, "eval_support_ADJ": 1167.0, "eval_prec_ADP": 0.9587628865979382, "eval_f1_ADP": 0.21471861471861473, "eval_support_ADP": 3077.0, "eval_prec_ADV": 0.09820359281437126, "eval_f1_ADV": 0.17083333333333334, "eval_support_ADV": 125.0, "eval_prec_AUX": 0.4815340909090909, "eval_f1_AUX": 0.43157224697644814, "eval_support_AUX": 867.0, "eval_prec_CCONJ": 0.5424292845257903, "eval_f1_CCONJ": 0.6943556975505857, "eval_support_CCONJ": 338.0, "eval_prec_DET": 0.5355029585798816, "eval_f1_DET": 0.6295652173913043, "eval_support_DET": 237.0, "eval_prec_INTJ": 0.0, "eval_f1_INTJ": 0.0, "eval_support_INTJ": 0.0, "eval_prec_NOUN": 0.7838312829525483, "eval_f1_NOUN": 0.7533783783783784, "eval_support_NOUN": 3690.0, "eval_prec_NUM": 0.7163636363636363, "eval_f1_NUM": 0.7269372693726938, "eval_support_NUM": 267.0, "eval_prec_PART": 0.0, "eval_f1_PART": 0.0, "eval_support_PART": 337.0, "eval_prec_PRON": 0.7702407002188184, "eval_f1_PRON": 0.7364016736401674, "eval_support_PRON": 499.0, "eval_prec_PROPN": 0.6577026507875529, "eval_f1_PROPN": 0.7479248580166011, "eval_support_PROPN": 1975.0, "eval_prec_PUNCT": 0.6666666666666666, "eval_f1_PUNCT": 0.8, "eval_support_PUNCT": 682.0, "eval_prec_SCONJ": 0.0, "eval_f1_SCONJ": 0.0, "eval_support_SCONJ": 248.0, "eval_prec_SYM": 0.0, "eval_f1_SYM": 0.0, "eval_support_SYM": 0.0, "eval_prec_VERB": 0.5636531365313653, "eval_f1_VERB": 0.7053391053391054, "eval_support_VERB": 1297.0, "eval_prec_X": 0.0, "eval_f1_X": 0.0, "eval_support_X": 0.0, "eval_runtime": 13.0744, "eval_samples_per_second": 40.92, "eval_steps_per_second": 1.3}