{"eval_loss": 2.396700620651245, "eval_token_acc": 0.27633023859438954, "eval_f1_macro": 0.0991033072185398, "eval_prec_ADJ": 0.2, "eval_f1_ADJ": 0.021739130434782608, "eval_support_ADJ": 609.0, "eval_prec_ADP": 0.0, "eval_f1_ADP": 0.0, "eval_support_ADP": 1479.0, "eval_prec_ADV": 0.0, "eval_f1_ADV": 0.0, "eval_support_ADV": 485.0, "eval_prec_AUX": 0.0, "eval_f1_AUX": 0.0, "eval_support_AUX": 359.0, "eval_prec_CCONJ": 0.0, "eval_f1_CCONJ": 0.0, "eval_support_CCONJ": 252.0, "eval_prec_DET": 0.0, "eval_f1_DET": 0.0, "eval_support_DET": 1479.0, "eval_prec_INTJ": 0.0, "eval_f1_INTJ": 0.0, "eval_support_INTJ": 9.0, "eval_prec_NOUN": 0.4678502879078695, "eval_f1_NOUN": 0.4931714719271624, "eval_support_NOUN": 1870.0, "eval_prec_NUM": 0.8571428571428571, "eval_f1_NUM": 0.2656826568265683, "eval_support_NUM": 229.0, "eval_prec_PART": 0.0, "eval_f1_PART": 0.0, "eval_support_PART": 0.0, "eval_prec_PRON": 0.18951612903225806, "eval_f1_PRON": 0.11662531017369727, "eval_support_PRON": 558.0, "eval_prec_PROPN": 0.0, "eval_f1_PROPN": 0.0, "eval_support_PROPN": 487.0, "eval_prec_PUNCT": 0.23370964547435136, "eval_f1_PUNCT": 0.3785084202085004, "eval_support_PUNCT": 1186.0, "eval_prec_SCONJ": 0.0, "eval_f1_SCONJ": 0.0, "eval_support_SCONJ": 128.0, "eval_prec_SYM": 0.0, "eval_f1_SYM": 0.0, "eval_support_SYM": 39.0, "eval_prec_VERB": 0.2047768206734534, "eval_f1_VERB": 0.30992592592592594, "eval_support_VERB": 821.0, "eval_prec_X": 0.0, "eval_f1_X": 0.0, "eval_support_X": 27.0, "eval_runtime": 6.7, "eval_samples_per_second": 62.089, "eval_steps_per_second": 1.94}