{"eval_loss": 1.1448174715042114, "eval_token_acc": 0.6716943604193428, "eval_f1_macro": 0.510902359743413, "eval_prec_ADJ": 0.6431784107946027, "eval_f1_ADJ": 0.36998706338939197, "eval_support_ADJ": 1652.0, "eval_prec_ADP": 0.7480535658673311, "eval_f1_ADP": 0.7258990631610759, "eval_support_ADP": 3407.0, "eval_prec_ADV": 0.4277673545966229, "eval_f1_ADV": 0.49727371864776443, "eval_support_ADV": 384.0, "eval_prec_AUX": 0.6905829596412556, "eval_f1_AUX": 0.5892857142857143, "eval_support_AUX": 899.0, "eval_prec_CCONJ": 0.9741144414168937, "eval_f1_CCONJ": 0.8125, "eval_support_CCONJ": 1026.0, "eval_prec_DET": 0.7981220657276995, "eval_f1_DET": 0.7415485278080698, "eval_support_DET": 491.0, "eval_prec_INTJ": 0.0, "eval_f1_INTJ": 0.0, "eval_support_INTJ": 27.0, "eval_prec_NOUN": 0.8401333545007144, "eval_f1_NOUN": 0.7290260366441659, "eval_support_NOUN": 8219.0, "eval_prec_NUM": 0.6047008547008547, "eval_f1_NUM": 0.7437582128777924, "eval_support_NUM": 293.0, "eval_prec_PART": 0.0, "eval_f1_PART": 0.0, "eval_support_PART": 28.0, "eval_prec_PRON": 0.8893662728249194, "eval_f1_PRON": 0.8050559066601848, "eval_support_PRON": 1126.0, "eval_prec_PROPN": 0.5355383532723434, "eval_f1_PROPN": 0.6011058451816745, "eval_support_PROPN": 1111.0, "eval_prec_PUNCT": 0.8509538950715422, "eval_f1_PUNCT": 0.9194760575477775, "eval_support_PUNCT": 2141.0, "eval_prec_SCONJ": 0.09848484848484848, "eval_f1_SCONJ": 0.034031413612565446, "eval_support_SCONJ": 632.0, "eval_prec_SYM": 0.0, "eval_f1_SYM": 0.0, "eval_support_SYM": 0.0, "eval_prec_VERB": 0.46750100928542593, "eval_f1_VERB": 0.6054901960784314, "eval_support_VERB": 2696.0, "eval_prec_X": 0.0, "eval_f1_X": 0.0, "eval_support_X": 1.0, "eval_runtime": 17.775, "eval_samples_per_second": 81.856, "eval_steps_per_second": 2.588}