{"eval_loss": 2.086150646209717, "eval_token_acc": 0.2984511132623427, "eval_f1_macro": 0.10970694022565666, "eval_prec_ADJ": 0.34782608695652173, "eval_f1_ADJ": 0.0431266846361186, "eval_support_ADJ": 696.0, "eval_prec_ADP": 0.0, "eval_f1_ADP": 0.0, "eval_support_ADP": 152.0, "eval_prec_ADV": 0.0, "eval_f1_ADV": 0.0, "eval_support_ADV": 276.0, "eval_prec_AUX": 0.0, "eval_f1_AUX": 0.0, "eval_support_AUX": 254.0, "eval_prec_CCONJ": 0.0, "eval_f1_CCONJ": 0.0, "eval_support_CCONJ": 120.0, "eval_prec_DET": 0.0, "eval_f1_DET": 0.0, "eval_support_DET": 115.0, "eval_prec_INTJ": 0.0, "eval_f1_INTJ": 0.0, "eval_support_INTJ": 30.0, "eval_prec_NOUN": 0.523015873015873, "eval_f1_NOUN": 0.2858382129689872, "eval_support_NOUN": 3351.0, "eval_prec_NUM": 0.6, "eval_f1_NUM": 0.1232876712328767, "eval_support_NUM": 262.0, "eval_prec_PART": 0.0, "eval_f1_PART": 0.0, "eval_support_PART": 44.0, "eval_prec_PRON": 0.8837209302325582, "eval_f1_PRON": 0.2688679245283019, "eval_support_PRON": 719.0, "eval_prec_PROPN": 0.005517241379310344, "eval_f1_PROPN": 0.010972055546031203, "eval_support_PROPN": 33.0, "eval_prec_PUNCT": 0.7580164056674124, "eval_f1_PUNCT": 0.8603470165044435, "eval_support_PUNCT": 2044.0, "eval_prec_SCONJ": 0.0, "eval_f1_SCONJ": 0.0, "eval_support_SCONJ": 16.0, "eval_prec_SYM": 0.0, "eval_f1_SYM": 0.0, "eval_support_SYM": 0.0, "eval_prec_VERB": 0.5567282321899736, "eval_f1_VERB": 0.1628714781937476, "eval_support_VERB": 2212.0, "eval_prec_X": 0.0, "eval_f1_X": 0.0, "eval_support_X": 6.0, "eval_runtime": 12.5718, "eval_samples_per_second": 71.589, "eval_steps_per_second": 2.307}