{"eval_loss": 1.2519744634628296, "eval_token_acc": 0.7312692439274717, "eval_f1_macro": 0.5364752083272285, "eval_prec_ADJ": 0.6202783300198808, "eval_f1_ADJ": 0.5106382978723404, "eval_support_ADJ": 719.0, "eval_prec_ADP": 0.7003841229193342, "eval_f1_ADP": 0.7671809256661991, "eval_support_ADP": 645.0, "eval_prec_ADV": 0.4065544729849424, "eval_f1_ADV": 0.4271754304327594, "eval_support_ADV": 1020.0, "eval_prec_AUX": 0.3469750889679715, "eval_f1_AUX": 0.48507462686567165, "eval_support_AUX": 242.0, "eval_prec_CCONJ": 0.5975103734439834, "eval_f1_CCONJ": 0.7480519480519481, "eval_support_CCONJ": 144.0, "eval_prec_DET": 0.5189873417721519, "eval_f1_DET": 0.6180904522613065, "eval_support_DET": 161.0, "eval_prec_INTJ": 0.08695652173913043, "eval_f1_INTJ": 0.12698412698412698, "eval_support_INTJ": 17.0, "eval_prec_NOUN": 0.821160409556314, "eval_f1_NOUN": 0.8075180399395872, "eval_support_NOUN": 3029.0, "eval_prec_NUM": 0.9119170984455959, "eval_f1_NUM": 0.7619047619047619, "eval_support_NUM": 269.0, "eval_prec_PART": 0.0, "eval_f1_PART": 0.0, "eval_support_PART": 89.0, "eval_prec_PRON": 0.588021778584392, "eval_f1_PRON": 0.5988909426987061, "eval_support_PRON": 531.0, "eval_prec_PROPN": 0.7134416543574594, "eval_f1_PROPN": 0.7809215844785772, "eval_support_PROPN": 560.0, "eval_prec_PUNCT": 0.9912331969608417, "eval_f1_PUNCT": 0.9935559461042766, "eval_support_PUNCT": 1703.0, "eval_prec_SCONJ": 0.4125, "eval_f1_SCONJ": 0.24354243542435425, "eval_support_SCONJ": 382.0, "eval_prec_SYM": 0.36363636363636365, "eval_f1_SYM": 0.4444444444444444, "eval_support_SYM": 7.0, "eval_prec_VERB": 0.8647342995169082, "eval_f1_VERB": 0.8061045784338253, "eval_support_VERB": 2134.0, "eval_prec_X": 0.0, "eval_f1_X": 0.0, "eval_support_X": 40.0, "eval_runtime": 6.029, "eval_samples_per_second": 132.692, "eval_steps_per_second": 4.147}