{"eval_loss": 0.7712302207946777, "eval_token_acc": 0.8011164805865689, "eval_f1_macro": 0.5829839879656973, "eval_prec_ADJ": 0.7632978723404256, "eval_f1_ADJ": 0.8067463106113844, "eval_support_ADJ": 671.0, "eval_prec_ADP": 0.9149732620320855, "eval_f1_ADP": 0.9105907397551889, "eval_support_ADP": 1888.0, "eval_prec_ADV": 0.8729096989966555, "eval_f1_ADV": 0.72, "eval_support_ADV": 426.0, "eval_prec_AUX": 0.7213622291021672, "eval_f1_AUX": 0.7125382262996942, "eval_support_AUX": 331.0, "eval_prec_CCONJ": 0.9641873278236914, "eval_f1_CCONJ": 0.9210526315789473, "eval_support_CCONJ": 397.0, "eval_prec_DET": 0.9518900343642611, "eval_f1_DET": 0.7734729493891798, "eval_support_DET": 1701.0, "eval_prec_INTJ": 0.0, "eval_f1_INTJ": 0.0, "eval_support_INTJ": 1.0, "eval_prec_NOUN": 0.702544704264099, "eval_f1_NOUN": 0.794014768752429, "eval_support_NOUN": 2238.0, "eval_prec_NUM": 0.41216216216216217, "eval_f1_NUM": 0.46387832699619774, "eval_support_NUM": 230.0, "eval_prec_PART": 0.0, "eval_f1_PART": 0.0, "eval_support_PART": 1.0, "eval_prec_PRON": 0.695364238410596, "eval_f1_PRON": 0.5570291777188329, "eval_support_PRON": 452.0, "eval_prec_PROPN": 0.634881825590872, "eval_f1_PROPN": 0.7618581907090465, "eval_support_PROPN": 818.0, "eval_prec_PUNCT": 0.9765807962529274, "eval_f1_PUNCT": 0.9807918463347707, "eval_support_PUNCT": 1270.0, "eval_prec_SCONJ": 0.7602905569007264, "eval_f1_SCONJ": 0.8373333333333334, "eval_support_SCONJ": 337.0, "eval_prec_SYM": 0.0, "eval_f1_SYM": 0.0, "eval_support_SYM": 25.0, "eval_prec_VERB": 0.8310214375788146, "eval_f1_VERB": 0.6714212939378502, "eval_support_VERB": 1170.0, "eval_prec_X": 0.0, "eval_f1_X": 0.0, "eval_support_X": 46.0, "eval_runtime": 8.7625, "eval_samples_per_second": 48.73, "eval_steps_per_second": 1.598}