{"eval_loss": 0.30320435762405396, "eval_token_acc": 0.9161425576519916, "eval_f1_macro": 0.6759905998303504, "eval_prec_ADJ": 0.9263157894736842, "eval_f1_ADJ": 0.8956743002544529, "eval_support_ADJ": 609.0, "eval_prec_ADP": 0.9637978142076503, "eval_f1_ADP": 0.9588854909955827, "eval_support_ADP": 1479.0, "eval_prec_ADV": 0.893223819301848, "eval_f1_ADV": 0.8950617283950617, "eval_support_ADV": 485.0, "eval_prec_AUX": 0.8485804416403786, "eval_f1_AUX": 0.7958579881656804, "eval_support_AUX": 359.0, "eval_prec_CCONJ": 0.6785714285714286, "eval_f1_CCONJ": 0.801948051948052, "eval_support_CCONJ": 252.0, "eval_prec_DET": 0.9769021739130435, "eval_f1_DET": 0.9745848864791596, "eval_support_DET": 1479.0, "eval_prec_INTJ": 0.0, "eval_f1_INTJ": 0.0, "eval_support_INTJ": 9.0, "eval_prec_NOUN": 0.9801864801864801, "eval_f1_NOUN": 0.9380925822643614, "eval_support_NOUN": 1870.0, "eval_prec_NUM": 0.8924302788844621, "eval_f1_NUM": 0.9333333333333333, "eval_support_NUM": 229.0, "eval_prec_PART": 0.0, "eval_f1_PART": 0.0, "eval_support_PART": 0.0, "eval_prec_PRON": 0.9496124031007752, "eval_f1_PRON": 0.9124767225325885, "eval_support_PRON": 558.0, "eval_prec_PROPN": 0.7332317073170732, "eval_f1_PROPN": 0.8416447944007, "eval_support_PROPN": 487.0, "eval_prec_PUNCT": 0.9761316872427983, "eval_f1_PUNCT": 0.9879216992919617, "eval_support_PUNCT": 1186.0, "eval_prec_SCONJ": 0.046153846153846156, "eval_f1_SCONJ": 0.031088082901554404, "eval_support_SCONJ": 128.0, "eval_prec_SYM": 1.0, "eval_f1_SYM": 0.631578947368421, "eval_support_SYM": 39.0, "eval_prec_VERB": 0.8585858585858586, "eval_f1_VERB": 0.8936915887850467, "eval_support_VERB": 821.0, "eval_prec_X": 0.0, "eval_f1_X": 0.0, "eval_support_X": 27.0, "eval_runtime": 6.6664, "eval_samples_per_second": 62.402, "eval_steps_per_second": 1.95}