{"eval_loss": 1.583135724067688, "eval_token_acc": 0.6645295587010824, "eval_f1_macro": 0.5251723189592052, "eval_prec_ADJ": 0.23712737127371275, "eval_f1_ADJ": 0.3465346534653465, "eval_support_ADJ": 272.0, "eval_prec_ADP": 0.48625792811839325, "eval_f1_ADP": 0.45634920634920634, "eval_support_ADP": 535.0, "eval_prec_ADV": 0.28536585365853656, "eval_f1_ADV": 0.420863309352518, "eval_support_ADV": 292.0, "eval_prec_AUX": 0.7095588235294118, "eval_f1_AUX": 0.556998556998557, "eval_support_AUX": 421.0, "eval_prec_CCONJ": 0.6143790849673203, "eval_f1_CCONJ": 0.7565392354124748, "eval_support_CCONJ": 191.0, "eval_prec_DET": 0.45217391304347826, "eval_f1_DET": 0.5636856368563685, "eval_support_DET": 139.0, "eval_prec_INTJ": 0.0, "eval_f1_INTJ": 0.0, "eval_support_INTJ": 0.0, "eval_prec_NOUN": 0.8046875, "eval_f1_NOUN": 0.7395561357702349, "eval_support_NOUN": 3312.0, "eval_prec_NUM": 0.9361344537815126, "eval_f1_NUM": 0.8926282051282052, "eval_support_NUM": 653.0, "eval_prec_PART": 0.0, "eval_f1_PART": 0.0, "eval_support_PART": 992.0, "eval_prec_PRON": 0.8294117647058824, "eval_f1_PRON": 0.834319526627219, "eval_support_PRON": 168.0, "eval_prec_PROPN": 0.6129238643634037, "eval_f1_PROPN": 0.7458154924094978, "eval_support_PROPN": 1006.0, "eval_prec_PUNCT": 0.684981684981685, "eval_f1_PUNCT": 0.8120627261761159, "eval_support_PUNCT": 1688.0, "eval_prec_SCONJ": 0.0, "eval_f1_SCONJ": 0.0, "eval_support_SCONJ": 505.0, "eval_prec_SYM": 0.03614457831325301, "eval_f1_SYM": 0.06976744186046512, "eval_support_SYM": 3.0, "eval_prec_VERB": 0.8693790149892934, "eval_f1_VERB": 0.7740705433746425, "eval_support_VERB": 1746.0, "eval_prec_X": 0.5535714285714286, "eval_f1_X": 0.43356643356643354, "eval_support_X": 87.0, "eval_runtime": 9.7613, "eval_samples_per_second": 51.222, "eval_steps_per_second": 1.639}