{"eval_loss": 1.5921902656555176, "eval_token_acc": 0.5765230312035661, "eval_f1_macro": 0.47637485717298733, "eval_prec_ADJ": 0.6634146341463415, "eval_f1_ADJ": 0.3449587824984147, "eval_support_ADJ": 1167.0, "eval_prec_ADP": 0.7854640980735552, "eval_f1_ADP": 0.4252192462668879, "eval_support_ADP": 3077.0, "eval_prec_ADV": 0.16228070175438597, "eval_f1_ADV": 0.2096317280453258, "eval_support_ADV": 125.0, "eval_prec_AUX": 0.5039619651347068, "eval_f1_AUX": 0.42456608811748997, "eval_support_AUX": 867.0, "eval_prec_CCONJ": 0.8702928870292888, "eval_f1_CCONJ": 0.7209705372616985, "eval_support_CCONJ": 338.0, "eval_prec_DET": 0.6136363636363636, "eval_f1_DET": 0.6467065868263473, "eval_support_DET": 237.0, "eval_prec_INTJ": 0.0, "eval_f1_INTJ": 0.0, "eval_support_INTJ": 0.0, "eval_prec_NOUN": 0.6940822467402207, "eval_f1_NOUN": 0.7210210992445949, "eval_support_NOUN": 3690.0, "eval_prec_NUM": 0.5454545454545454, "eval_f1_NUM": 0.6285714285714286, "eval_support_NUM": 267.0, "eval_prec_PART": 0.0021810250817884407, "eval_f1_PART": 0.0036849378166743437, "eval_support_PART": 337.0, "eval_prec_PRON": 0.8431876606683805, "eval_f1_PRON": 0.7387387387387387, "eval_support_PRON": 499.0, "eval_prec_PROPN": 0.7298485588666341, "eval_f1_PROPN": 0.7429139731476877, "eval_support_PROPN": 1975.0, "eval_prec_PUNCT": 0.7486278814489572, "eval_f1_PUNCT": 0.8562460765850597, "eval_support_PUNCT": 682.0, "eval_prec_SCONJ": 0.0625, "eval_f1_SCONJ": 0.03048780487804878, "eval_support_SCONJ": 248.0, "eval_prec_SYM": 0.0, "eval_f1_SYM": 0.0, "eval_support_SYM": 0.0, "eval_prec_VERB": 0.5121092029942756, "eval_f1_VERB": 0.6519058295964125, "eval_support_VERB": 1297.0, "eval_prec_X": 0.0, "eval_f1_X": 0.0, "eval_support_X": 0.0, "eval_runtime": 10.84, "eval_samples_per_second": 49.354, "eval_steps_per_second": 1.568}