{"eval_loss": 1.266200304031372, "eval_token_acc": 0.6105092607300568, "eval_f1_macro": 0.41648759639725735, "eval_prec_ADJ": 0.30471956224350205, "eval_f1_ADJ": 0.4049079754601227, "eval_support_ADJ": 1477.0, "eval_prec_ADP": 0.6417756366139022, "eval_f1_ADP": 0.46912338070682935, "eval_support_ADP": 5045.0, "eval_prec_ADV": 0.2468354430379747, "eval_f1_ADV": 0.1972187104930468, "eval_support_ADV": 950.0, "eval_prec_AUX": 0.22674418604651161, "eval_f1_AUX": 0.0936374549819928, "eval_support_AUX": 661.0, "eval_prec_CCONJ": 0.9670619235836627, "eval_f1_CCONJ": 0.8224089635854341, "eval_support_CCONJ": 1026.0, "eval_prec_DET": 0.9225046497210168, "eval_f1_DET": 0.4717070851165002, "eval_support_DET": 4696.0, "eval_prec_INTJ": 0.0, "eval_f1_INTJ": 0.0, "eval_support_INTJ": 0.0, "eval_prec_NOUN": 0.6794102296450939, "eval_f1_NOUN": 0.7860809178743962, "eval_support_NOUN": 5584.0, "eval_prec_NUM": 0.5008710801393729, "eval_f1_NUM": 0.5738522954091816, "eval_support_NUM": 856.0, "eval_prec_PART": 0.003843197540353574, "eval_f1_PART": 0.007423904974016332, "eval_support_PART": 46.0, "eval_prec_PRON": 0.3855421686746988, "eval_f1_PRON": 0.5149754135002235, "eval_support_PRON": 743.0, "eval_prec_PROPN": 0.5677737881508079, "eval_f1_PROPN": 0.6585111920874545, "eval_support_PROPN": 3228.0, "eval_prec_PUNCT": 0.8788777372262774, "eval_f1_PUNCT": 0.9110900922203831, "eval_support_PUNCT": 4074.0, "eval_prec_SCONJ": 0.10775047258979206, "eval_f1_SCONJ": 0.17565485362095531, "eval_support_SCONJ": 120.0, "eval_prec_SYM": 0.0, "eval_f1_SYM": 0.0, "eval_support_SYM": 107.0, "eval_prec_VERB": 0.8301003344481606, "eval_f1_VERB": 0.5772093023255814, "eval_support_VERB": 2805.0, "eval_prec_X": 0.0, "eval_f1_X": 0.0, "eval_support_X": 59.0, "eval_runtime": 19.9463, "eval_samples_per_second": 60.162, "eval_steps_per_second": 1.905}