{"eval_loss": 1.0595446825027466, "eval_token_acc": 0.7718612603810454, "eval_f1_macro": 0.5493004249835018, "eval_prec_ADJ": 0.7311827956989247, "eval_f1_ADJ": 0.7036215816703622, "eval_support_ADJ": 702.0, "eval_prec_ADP": 0.968156766687079, "eval_f1_ADP": 0.8957507082152975, "eval_support_ADP": 1897.0, "eval_prec_ADV": 0.6194029850746269, "eval_f1_ADV": 0.5964071856287425, "eval_support_ADV": 433.0, "eval_prec_AUX": 0.4342105263157895, "eval_f1_AUX": 0.5827814569536424, "eval_support_AUX": 149.0, "eval_prec_CCONJ": 0.9786223277909739, "eval_f1_CCONJ": 0.9660023446658851, "eval_support_CCONJ": 432.0, "eval_prec_DET": 0.9640287769784173, "eval_f1_DET": 0.79424216765453, "eval_support_DET": 1389.0, "eval_prec_INTJ": 0.0, "eval_f1_INTJ": 0.0, "eval_support_INTJ": 0.0, "eval_prec_NOUN": 0.8931729748850371, "eval_f1_NOUN": 0.8565128900949797, "eval_support_NOUN": 3069.0, "eval_prec_NUM": 0.9738805970149254, "eval_f1_NUM": 0.9405405405405406, "eval_support_NUM": 287.0, "eval_prec_PART": 0.0, "eval_f1_PART": 0.0, "eval_support_PART": 0.0, "eval_prec_PRON": 0.2826086956521739, "eval_f1_PRON": 0.26590909090909093, "eval_support_PRON": 466.0, "eval_prec_PROPN": 0.4574829931972789, "eval_f1_PROPN": 0.6131054131054131, "eval_support_PROPN": 579.0, "eval_prec_PUNCT": 0.750814332247557, "eval_f1_PUNCT": 0.8571428571428571, "eval_support_PUNCT": 1385.0, "eval_prec_SCONJ": 0.726890756302521, "eval_f1_SCONJ": 0.5298621745788668, "eval_support_SCONJ": 415.0, "eval_prec_SYM": 0.0, "eval_f1_SYM": 0.0, "eval_support_SYM": 0.0, "eval_prec_VERB": 0.852760736196319, "eval_f1_VERB": 0.736228813559322, "eval_support_VERB": 1073.0, "eval_prec_X": 0.0, "eval_f1_X": 0.0, "eval_support_X": 6.0, "eval_runtime": 10.4083, "eval_samples_per_second": 47.174, "eval_steps_per_second": 1.537}