{"eval_loss": 0.7557845115661621, "eval_token_acc": 0.7958191695523715, "eval_f1_macro": 0.5302726552052053, "eval_prec_ADJ": 0.696105320899616, "eval_f1_ADJ": 0.769090909090909, "eval_support_ADJ": 1477.0, "eval_prec_ADP": 0.8396416163832511, "eval_f1_ADP": 0.8735019973368842, "eval_support_ADP": 5045.0, "eval_prec_ADV": 0.9265175718849841, "eval_f1_ADV": 0.7360406091370558, "eval_support_ADV": 950.0, "eval_prec_AUX": 0.5938511326860841, "eval_f1_AUX": 0.5738858483189992, "eval_support_AUX": 661.0, "eval_prec_CCONJ": 0.9578947368421052, "eval_f1_CCONJ": 0.8152295632698768, "eval_support_CCONJ": 1026.0, "eval_prec_DET": 0.9553948161543099, "eval_f1_DET": 0.7911155477913651, "eval_support_DET": 4696.0, "eval_prec_INTJ": 0.0, "eval_f1_INTJ": 0.0, "eval_support_INTJ": 0.0, "eval_prec_NOUN": 0.7316161196510179, "eval_f1_NOUN": 0.825146427176884, "eval_support_NOUN": 5584.0, "eval_prec_NUM": 0.6089108910891089, "eval_f1_NUM": 0.5913461538461539, "eval_support_NUM": 856.0, "eval_prec_PART": 0.0, "eval_f1_PART": 0.0, "eval_support_PART": 46.0, "eval_prec_PRON": 0.6146993318485523, "eval_f1_PRON": 0.46308724832214765, "eval_support_PRON": 743.0, "eval_prec_PROPN": 0.7210848178675884, "eval_f1_PROPN": 0.7760766919444841, "eval_support_PROPN": 3228.0, "eval_prec_PUNCT": 0.988540870893812, "eval_f1_PUNCT": 0.9703787026621672, "eval_support_PUNCT": 4074.0, "eval_prec_SCONJ": 0.08137931034482758, "eval_f1_SCONJ": 0.13964497041420118, "eval_support_SCONJ": 120.0, "eval_prec_SYM": 0.0, "eval_f1_SYM": 0.0, "eval_support_SYM": 107.0, "eval_prec_VERB": 0.8418891170431212, "eval_f1_VERB": 0.6900904691773617, "eval_support_VERB": 2805.0, "eval_prec_X": 0.0, "eval_f1_X": 0.0, "eval_support_X": 59.0, "eval_runtime": 20.3337, "eval_samples_per_second": 59.015, "eval_steps_per_second": 1.869}