{"eval_loss": 0.5695030093193054, "eval_token_acc": 0.8890235771864962, "eval_f1_macro": 0.7129575044652177, "eval_prec_ADJ": 0.8485139022051774, "eval_f1_ADJ": 0.7722513089005235, "eval_support_ADJ": 1249.0, "eval_prec_ADP": 0.9198259788688626, "eval_f1_ADP": 0.9215442092154421, "eval_support_ADP": 1603.0, "eval_prec_ADV": 0.654, "eval_f1_ADV": 0.7670054730258014, "eval_support_ADV": 1058.0, "eval_prec_AUX": 0.930379746835443, "eval_f1_AUX": 0.7570815450643776, "eval_support_AUX": 691.0, "eval_prec_CCONJ": 0.9581497797356828, "eval_f1_CCONJ": 0.9518599562363238, "eval_support_CCONJ": 460.0, "eval_prec_DET": 0.9939879759519038, "eval_f1_DET": 0.9314553990610329, "eval_support_DET": 2264.0, "eval_prec_INTJ": 0.5, "eval_f1_INTJ": 0.3333333333333333, "eval_support_INTJ": 4.0, "eval_prec_NOUN": 0.946405648267009, "eval_f1_NOUN": 0.9471655692950056, "eval_support_NOUN": 3111.0, "eval_prec_NUM": 0.7793103448275862, "eval_f1_NUM": 0.864244741873805, "eval_support_NUM": 233.0, "eval_prec_PART": 0.0, "eval_f1_PART": 0.0, "eval_support_PART": 210.0, "eval_prec_PRON": 0.9050802139037433, "eval_f1_PRON": 0.9318651066758431, "eval_support_PRON": 705.0, "eval_prec_PROPN": 0.8466195761856711, "eval_f1_PROPN": 0.8335817188276204, "eval_support_PROPN": 1022.0, "eval_prec_PUNCT": 0.9940273037542662, "eval_f1_PUNCT": 0.9893842887473461, "eval_support_PUNCT": 2366.0, "eval_prec_SCONJ": 0.7512953367875648, "eval_f1_SCONJ": 0.8033240997229917, "eval_support_SCONJ": 168.0, "eval_prec_SYM": 0.07317073170731707, "eval_f1_SYM": 0.13333333333333333, "eval_support_SYM": 4.0, "eval_prec_VERB": 0.7789281364190013, "eval_f1_VERB": 0.8618598382749326, "eval_support_VERB": 1326.0, "eval_prec_X": 0.23214285714285715, "eval_f1_X": 0.32098765432098764, "eval_support_X": 25.0, "eval_runtime": 11.8775, "eval_samples_per_second": 82.256, "eval_steps_per_second": 2.61}