{"eval_loss": 1.0470515489578247, "eval_token_acc": 0.6889508455057882, "eval_f1_macro": 0.4811767712495309, "eval_prec_ADJ": 0.7327001356852103, "eval_f1_ADJ": 0.5438066465256798, "eval_support_ADJ": 1249.0, "eval_prec_ADP": 0.7671376242804814, "eval_f1_ADP": 0.8343767785998861, "eval_support_ADP": 1603.0, "eval_prec_ADV": 0.36738461538461537, "eval_f1_ADV": 0.4450242266120015, "eval_support_ADV": 1058.0, "eval_prec_AUX": 0.6296296296296297, "eval_f1_AUX": 0.3537981269510926, "eval_support_AUX": 691.0, "eval_prec_CCONJ": 0.9655172413793104, "eval_f1_CCONJ": 0.9053117782909931, "eval_support_CCONJ": 460.0, "eval_prec_DET": 0.9273182957393483, "eval_f1_DET": 0.27788208787082236, "eval_support_DET": 2264.0, "eval_prec_INTJ": 0.0, "eval_f1_INTJ": 0.0, "eval_support_INTJ": 4.0, "eval_prec_NOUN": 0.6509308510638298, "eval_f1_NOUN": 0.7705627705627706, "eval_support_NOUN": 3111.0, "eval_prec_NUM": 0.26222826086956524, "eval_f1_NUM": 0.39834881320949433, "eval_support_NUM": 233.0, "eval_prec_PART": 0.0, "eval_f1_PART": 0.0, "eval_support_PART": 210.0, "eval_prec_PRON": 0.5413385826771654, "eval_f1_PRON": 0.6391632771644393, "eval_support_PRON": 705.0, "eval_prec_PROPN": 0.833981841763943, "eval_f1_PROPN": 0.7172336865588399, "eval_support_PROPN": 1022.0, "eval_prec_PUNCT": 0.9476843910806175, "eval_f1_PUNCT": 0.940825883354619, "eval_support_PUNCT": 2366.0, "eval_prec_SCONJ": 0.41134751773049644, "eval_f1_SCONJ": 0.5155555555555555, "eval_support_SCONJ": 168.0, "eval_prec_SYM": 0.0, "eval_f1_SYM": 0.0, "eval_support_SYM": 4.0, "eval_prec_VERB": 0.790247160988644, "eval_f1_VERB": 0.8381154799858307, "eval_support_VERB": 1326.0, "eval_prec_X": 0.0, "eval_f1_X": 0.0, "eval_support_X": 25.0, "eval_runtime": 11.7621, "eval_samples_per_second": 83.063, "eval_steps_per_second": 2.636}