{"eval_loss": 1.4804469347000122, "eval_token_acc": 0.6133737148322308, "eval_f1_macro": 0.4872002025558546, "eval_prec_ADJ": 0.6451437873033098, "eval_f1_ADJ": 0.6549160011016248, "eval_support_ADJ": 1788.0, "eval_prec_ADP": 0.763960396039604, "eval_f1_ADP": 0.8479120879120879, "eval_support_ADP": 2025.0, "eval_prec_ADV": 0.6844827586206896, "eval_f1_ADV": 0.4483342744212309, "eval_support_ADV": 1191.0, "eval_prec_AUX": 0.9379042690815006, "eval_f1_AUX": 0.6260794473229706, "eval_support_AUX": 1543.0, "eval_prec_CCONJ": 0.6789772727272727, "eval_f1_CCONJ": 0.8002232142857143, "eval_support_CCONJ": 736.0, "eval_prec_DET": 0.2994071146245059, "eval_f1_DET": 0.20831900996906152, "eval_support_DET": 1897.0, "eval_prec_INTJ": 0.0, "eval_f1_INTJ": 0.0, "eval_support_INTJ": 121.0, "eval_prec_NOUN": 0.6092914438502673, "eval_f1_NOUN": 0.7214801622637775, "eval_support_NOUN": 4123.0, "eval_prec_NUM": 0.7526080476900149, "eval_f1_NUM": 0.832646331409728, "eval_support_NUM": 542.0, "eval_prec_PART": 0.38524590163934425, "eval_f1_PART": 0.3306948109058927, "eval_support_PART": 649.0, "eval_prec_PRON": 0.9482976040353089, "eval_f1_PRON": 0.5086236050050728, "eval_support_PRON": 2164.0, "eval_prec_PROPN": 1.0, "eval_f1_PROPN": 0.012452107279693486, "eval_support_PROPN": 2075.0, "eval_prec_PUNCT": 0.9081937799043063, "eval_f1_PUNCT": 0.9431677018633541, "eval_support_PUNCT": 3096.0, "eval_prec_SCONJ": 0.7714285714285715, "eval_f1_SCONJ": 0.4122137404580153, "eval_support_SCONJ": 384.0, "eval_prec_SYM": 1.0, "eval_f1_SYM": 0.20634920634920634, "eval_support_SYM": 113.0, "eval_prec_VERB": 0.7156748346946713, "eval_f1_VERB": 0.7109737248840804, "eval_support_VERB": 2605.0, "eval_prec_X": 0.009124087591240875, "eval_f1_X": 0.018018018018018018, "eval_support_X": 42.0, "eval_runtime": 23.5922, "eval_samples_per_second": 88.038, "eval_steps_per_second": 2.755}