{"eval_loss": 1.5508939027786255, "eval_token_acc": 0.650541215653622, "eval_f1_macro": 0.5003578413412235, "eval_prec_ADJ": 0.3003412969283277, "eval_f1_ADJ": 0.41025641025641024, "eval_support_ADJ": 272.0, "eval_prec_ADP": 0.3745704467353952, "eval_f1_ADP": 0.39033124440465533, "eval_support_ADP": 535.0, "eval_prec_ADV": 0.332871012482663, "eval_f1_ADV": 0.4738400789733465, "eval_support_ADV": 292.0, "eval_prec_AUX": 0.8379629629629629, "eval_f1_AUX": 0.5682888540031397, "eval_support_AUX": 421.0, "eval_prec_CCONJ": 0.6778242677824268, "eval_f1_CCONJ": 0.7534883720930232, "eval_support_CCONJ": 191.0, "eval_prec_DET": 0.4666666666666667, "eval_f1_DET": 0.5910290237467019, "eval_support_DET": 139.0, "eval_prec_INTJ": 0.0, "eval_f1_INTJ": 0.0, "eval_support_INTJ": 0.0, "eval_prec_NOUN": 0.8034251675353685, "eval_f1_NOUN": 0.7195731910636879, "eval_support_NOUN": 3312.0, "eval_prec_NUM": 0.9473684210526315, "eval_f1_NUM": 0.9135606661379857, "eval_support_NUM": 653.0, "eval_prec_PART": 0.0, "eval_f1_PART": 0.0, "eval_support_PART": 992.0, "eval_prec_PRON": 0.8125, "eval_f1_PRON": 0.8313953488372093, "eval_support_PRON": 168.0, "eval_prec_PROPN": 0.5307112068965517, "eval_f1_PROPN": 0.6883298392732355, "eval_support_PROPN": 1006.0, "eval_prec_PUNCT": 0.6756107328794554, "eval_f1_PUNCT": 0.8062126642771804, "eval_support_PUNCT": 1688.0, "eval_prec_SCONJ": 0.3333333333333333, "eval_f1_SCONJ": 0.03383458646616541, "eval_support_SCONJ": 505.0, "eval_prec_SYM": 0.0, "eval_f1_SYM": 0.0, "eval_support_SYM": 3.0, "eval_prec_VERB": 0.897138437741686, "eval_f1_VERB": 0.7634090161237249, "eval_support_VERB": 1746.0, "eval_prec_X": 0.05660377358490566, "eval_f1_X": 0.06217616580310881, "eval_support_X": 87.0, "eval_runtime": 9.4928, "eval_samples_per_second": 52.672, "eval_steps_per_second": 1.685}