{"eval_loss": 1.0226391553878784, "eval_token_acc": 0.7607765993841943, "eval_f1_macro": 0.5379865092849363, "eval_prec_ADJ": 0.5141903171953256, "eval_f1_ADJ": 0.4673748103186646, "eval_support_ADJ": 719.0, "eval_prec_ADP": 0.8087201125175809, "eval_f1_ADP": 0.8480825958702065, "eval_support_ADP": 645.0, "eval_prec_ADV": 0.47989093387866394, "eval_f1_ADV": 0.5661439485323683, "eval_support_ADV": 1020.0, "eval_prec_AUX": 0.6118143459915611, "eval_f1_AUX": 0.605427974947808, "eval_support_AUX": 242.0, "eval_prec_CCONJ": 0.5581395348837209, "eval_f1_CCONJ": 0.7164179104477612, "eval_support_CCONJ": 144.0, "eval_prec_DET": 0.6528497409326425, "eval_f1_DET": 0.711864406779661, "eval_support_DET": 161.0, "eval_prec_INTJ": 0.1111111111111111, "eval_f1_INTJ": 0.11428571428571428, "eval_support_INTJ": 17.0, "eval_prec_NOUN": 0.8504516560722649, "eval_f1_NOUN": 0.844798936523762, "eval_support_NOUN": 3029.0, "eval_prec_NUM": 0.8603603603603603, "eval_f1_NUM": 0.7780040733197556, "eval_support_NUM": 269.0, "eval_prec_PART": 0.0, "eval_f1_PART": 0.0, "eval_support_PART": 89.0, "eval_prec_PRON": 0.5369978858350951, "eval_f1_PRON": 0.5059760956175299, "eval_support_PRON": 531.0, "eval_prec_PROPN": 0.9050179211469535, "eval_f1_PROPN": 0.9033989266547406, "eval_support_PROPN": 560.0, "eval_prec_PUNCT": 0.9792746113989638, "eval_f1_PUNCT": 0.9889534883720931, "eval_support_PUNCT": 1703.0, "eval_prec_SCONJ": 0.46464646464646464, "eval_f1_SCONJ": 0.19126819126819128, "eval_support_SCONJ": 382.0, "eval_prec_SYM": 0.1111111111111111, "eval_f1_SYM": 0.125, "eval_support_SYM": 7.0, "eval_prec_VERB": 0.7839506172839507, "eval_f1_VERB": 0.7787735849056604, "eval_support_VERB": 2134.0, "eval_prec_X": 0.0, "eval_f1_X": 0.0, "eval_support_X": 40.0, "eval_runtime": 5.862, "eval_samples_per_second": 136.472, "eval_steps_per_second": 4.265}