{"eval_loss": 1.095280647277832, "eval_token_acc": 0.7497434143003763, "eval_f1_macro": 0.49740061452419626, "eval_prec_ADJ": 0.550098231827112, "eval_f1_ADJ": 0.4560260586319218, "eval_support_ADJ": 719.0, "eval_prec_ADP": 0.7890295358649789, "eval_f1_ADP": 0.827433628318584, "eval_support_ADP": 645.0, "eval_prec_ADV": 0.5073206442166911, "eval_f1_ADV": 0.5808885163453479, "eval_support_ADV": 1020.0, "eval_prec_AUX": 0.5028089887640449, "eval_f1_AUX": 0.5986622073578596, "eval_support_AUX": 242.0, "eval_prec_CCONJ": 0.4044943820224719, "eval_f1_CCONJ": 0.576, "eval_support_CCONJ": 144.0, "eval_prec_DET": 0.430635838150289, "eval_f1_DET": 0.5877712031558185, "eval_support_DET": 161.0, "eval_prec_INTJ": 0.0, "eval_f1_INTJ": 0.0, "eval_support_INTJ": 17.0, "eval_prec_NOUN": 0.8646728971962617, "eval_f1_NOUN": 0.8110098176718092, "eval_support_NOUN": 3029.0, "eval_prec_NUM": 0.9308510638297872, "eval_f1_NUM": 0.7658643326039387, "eval_support_NUM": 269.0, "eval_prec_PART": 0.0, "eval_f1_PART": 0.0, "eval_support_PART": 89.0, "eval_prec_PRON": 0.5494830132939439, "eval_f1_PRON": 0.6158940397350994, "eval_support_PRON": 531.0, "eval_prec_PROPN": 0.8258620689655173, "eval_f1_PROPN": 0.8403508771929824, "eval_support_PROPN": 560.0, "eval_prec_PUNCT": 0.9714774671990872, "eval_f1_PUNCT": 0.9855324074074074, "eval_support_PUNCT": 1703.0, "eval_prec_SCONJ": 0.0, "eval_f1_SCONJ": 0.0, "eval_support_SCONJ": 382.0, "eval_prec_SYM": 0.0, "eval_f1_SYM": 0.0, "eval_support_SYM": 7.0, "eval_prec_VERB": 0.8157644824311491, "eval_f1_VERB": 0.810377358490566, "eval_support_VERB": 2134.0, "eval_prec_X": 0.0, "eval_f1_X": 0.0, "eval_support_X": 40.0, "eval_runtime": 5.893, "eval_samples_per_second": 135.753, "eval_steps_per_second": 4.242}