{"eval_loss": 0.9198285937309265, "eval_token_acc": 0.7748311440765756, "eval_f1_macro": 0.5987267148505668, "eval_prec_ADJ": 0.7519640852974186, "eval_f1_ADJ": 0.526936688950059, "eval_support_ADJ": 1652.0, "eval_prec_ADP": 0.9629491017964071, "eval_f1_ADP": 0.846520809343642, "eval_support_ADP": 3407.0, "eval_prec_ADV": 0.43700787401574803, "eval_f1_ADV": 0.581151832460733, "eval_support_ADV": 384.0, "eval_prec_AUX": 0.46202980837473384, "eval_f1_AUX": 0.5641247833622184, "eval_support_AUX": 899.0, "eval_prec_CCONJ": 0.9836538461538461, "eval_f1_CCONJ": 0.9903194578896418, "eval_support_CCONJ": 1026.0, "eval_prec_DET": 0.59375, "eval_f1_DET": 0.699581589958159, "eval_support_DET": 491.0, "eval_prec_INTJ": 0.0, "eval_f1_INTJ": 0.0, "eval_support_INTJ": 27.0, "eval_prec_NOUN": 0.8723766307430516, "eval_f1_NOUN": 0.8057101696025146, "eval_support_NOUN": 8219.0, "eval_prec_NUM": 0.7213114754098361, "eval_f1_NUM": 0.6554934823091247, "eval_support_NUM": 293.0, "eval_prec_PART": 0.0, "eval_f1_PART": 0.0, "eval_support_PART": 28.0, "eval_prec_PRON": 0.7384760112888052, "eval_f1_PRON": 0.7172224760164458, "eval_support_PRON": 1126.0, "eval_prec_PROPN": 0.5431530494821634, "eval_f1_PROPN": 0.6626886626886627, "eval_support_PROPN": 1111.0, "eval_prec_PUNCT": 0.9605204127411395, "eval_f1_PUNCT": 0.9798627002288329, "eval_support_PUNCT": 2141.0, "eval_prec_SCONJ": 0.8918918918918919, "eval_f1_SCONJ": 0.8034782608695652, "eval_support_SCONJ": 632.0, "eval_prec_SYM": 0.0, "eval_f1_SYM": 0.0, "eval_support_SYM": 0.0, "eval_prec_VERB": 0.6485229759299781, "eval_f1_VERB": 0.746536523929471, "eval_support_VERB": 2696.0, "eval_prec_X": 0.0, "eval_f1_X": 0.0, "eval_support_X": 1.0, "eval_runtime": 17.8889, "eval_samples_per_second": 81.335, "eval_steps_per_second": 2.571}