{"eval_loss": 0.4773915708065033, "eval_token_acc": 0.9094576992724847, "eval_f1_macro": 0.6865220933231068, "eval_prec_ADJ": 0.7522779043280182, "eval_f1_ADJ": 0.81719764924219, "eval_support_ADJ": 1477.0, "eval_prec_ADP": 0.9804313099041534, "eval_f1_ADP": 0.9768228389535462, "eval_support_ADP": 5045.0, "eval_prec_ADV": 0.9208556149732621, "eval_f1_ADV": 0.9135278514588859, "eval_support_ADV": 950.0, "eval_prec_AUX": 0.7644444444444445, "eval_f1_AUX": 0.7724550898203593, "eval_support_AUX": 661.0, "eval_prec_CCONJ": 0.9855832241153342, "eval_f1_CCONJ": 0.8406931246506428, "eval_support_CCONJ": 1026.0, "eval_prec_DET": 0.9800043468811128, "eval_f1_DET": 0.9699903194578896, "eval_support_DET": 4696.0, "eval_prec_INTJ": 0.0, "eval_f1_INTJ": 0.0, "eval_support_INTJ": 0.0, "eval_prec_NOUN": 0.856554781507283, "eval_f1_NOUN": 0.9092436974789916, "eval_support_NOUN": 5584.0, "eval_prec_NUM": 0.9560975609756097, "eval_f1_NUM": 0.9355608591885441, "eval_support_NUM": 856.0, "eval_prec_PART": 0.0, "eval_f1_PART": 0.0, "eval_support_PART": 46.0, "eval_prec_PRON": 0.8541666666666666, "eval_f1_PRON": 0.8941629249518922, "eval_support_PRON": 743.0, "eval_prec_PROPN": 0.9771062271062271, "eval_f1_PROPN": 0.7886178861788617, "eval_support_PROPN": 3228.0, "eval_prec_PUNCT": 0.9997475385003787, "eval_f1_PUNCT": 0.985687616677038, "eval_support_PUNCT": 4074.0, "eval_prec_SCONJ": 0.13934426229508196, "eval_f1_SCONJ": 0.20987654320987653, "eval_support_SCONJ": 120.0, "eval_prec_SYM": 0.45147679324894513, "eval_f1_SYM": 0.622093023255814, "eval_support_SYM": 107.0, "eval_prec_VERB": 0.9113524877365101, "eval_f1_VERB": 0.9192436826294398, "eval_support_VERB": 2805.0, "eval_prec_X": 0.07650273224043716, "eval_f1_X": 0.11570247933884298, "eval_support_X": 59.0, "eval_runtime": 20.7363, "eval_samples_per_second": 57.87, "eval_steps_per_second": 1.833}