{"eval_loss": 0.5043548941612244, "eval_token_acc": 0.8711190975341919, "eval_f1_macro": 0.660963399358489, "eval_prec_ADJ": 0.8113590263691683, "eval_f1_ADJ": 0.7259528130671506, "eval_support_ADJ": 609.0, "eval_prec_ADP": 0.9694423223834988, "eval_f1_ADP": 0.9103299856527977, "eval_support_ADP": 1479.0, "eval_prec_ADV": 0.7128463476070529, "eval_f1_ADV": 0.6417233560090703, "eval_support_ADV": 485.0, "eval_prec_AUX": 0.8694516971279374, "eval_f1_AUX": 0.8975741239892183, "eval_support_AUX": 359.0, "eval_prec_CCONJ": 0.9595141700404858, "eval_f1_CCONJ": 0.9498997995991983, "eval_support_CCONJ": 252.0, "eval_prec_DET": 0.9307443365695793, "eval_f1_DET": 0.951058201058201, "eval_support_DET": 1479.0, "eval_prec_INTJ": 0.0, "eval_f1_INTJ": 0.0, "eval_support_INTJ": 9.0, "eval_prec_NOUN": 0.9304843304843304, "eval_f1_NOUN": 0.9009655172413793, "eval_support_NOUN": 1870.0, "eval_prec_NUM": 0.9532710280373832, "eval_f1_NUM": 0.9209932279909706, "eval_support_NUM": 229.0, "eval_prec_PART": 0.0, "eval_f1_PART": 0.0, "eval_support_PART": 0.0, "eval_prec_PRON": 0.9885057471264368, "eval_f1_PRON": 0.8660624370594159, "eval_support_PRON": 558.0, "eval_prec_PROPN": 0.532741398446171, "eval_f1_PROPN": 0.69164265129683, "eval_support_PROPN": 487.0, "eval_prec_PUNCT": 0.9587712206952304, "eval_f1_PUNCT": 0.9789517127527858, "eval_support_PUNCT": 1186.0, "eval_prec_SCONJ": 0.7984496124031008, "eval_f1_SCONJ": 0.8015564202334631, "eval_support_SCONJ": 128.0, "eval_prec_SYM": 1.0, "eval_f1_SYM": 0.0975609756097561, "eval_support_SYM": 39.0, "eval_prec_VERB": 0.9180327868852459, "eval_f1_VERB": 0.9021065675340768, "eval_support_VERB": 821.0, "eval_prec_X": 0.0, "eval_f1_X": 0.0, "eval_support_X": 27.0, "eval_runtime": 6.7318, "eval_samples_per_second": 61.797, "eval_steps_per_second": 1.931}