{"eval_loss": 1.4483815431594849, "eval_token_acc": 0.5218129180393332, "eval_f1_macro": 0.3688659504059445, "eval_prec_ADJ": 0.2064, "eval_f1_ADJ": 0.3115942028985507, "eval_support_ADJ": 609.0, "eval_prec_ADP": 0.41964285714285715, "eval_f1_ADP": 0.1103934233705226, "eval_support_ADP": 1479.0, "eval_prec_ADV": 0.18961038961038962, "eval_f1_ADV": 0.167816091954023, "eval_support_ADV": 485.0, "eval_prec_AUX": 0.42857142857142855, "eval_f1_AUX": 0.032171581769437, "eval_support_AUX": 359.0, "eval_prec_CCONJ": 0.957983193277311, "eval_f1_CCONJ": 0.9306122448979591, "eval_support_CCONJ": 252.0, "eval_prec_DET": 0.8506493506493507, "eval_f1_DET": 0.16044090630740968, "eval_support_DET": 1479.0, "eval_prec_INTJ": 0.0, "eval_f1_INTJ": 0.0, "eval_support_INTJ": 9.0, "eval_prec_NOUN": 0.7637051039697542, "eval_f1_NOUN": 0.8108379327646764, "eval_support_NOUN": 1870.0, "eval_prec_NUM": 0.328125, "eval_f1_NUM": 0.4110929853181077, "eval_support_NUM": 229.0, "eval_prec_PART": 0.0, "eval_f1_PART": 0.0, "eval_support_PART": 0.0, "eval_prec_PRON": 0.5813060179257362, "eval_f1_PRON": 0.678117998506348, "eval_support_PRON": 558.0, "eval_prec_PROPN": 0.38166666666666665, "eval_f1_PROPN": 0.5429756965026674, "eval_support_PROPN": 487.0, "eval_prec_PUNCT": 0.8392603129445235, "eval_f1_PUNCT": 0.9104938271604939, "eval_support_PUNCT": 1186.0, "eval_prec_SCONJ": 0.5465116279069767, "eval_f1_SCONJ": 0.6266666666666667, "eval_support_SCONJ": 128.0, "eval_prec_SYM": 0.0, "eval_f1_SYM": 0.0, "eval_support_SYM": 39.0, "eval_prec_VERB": 0.7676767676767676, "eval_f1_VERB": 0.5775075987841946, "eval_support_VERB": 821.0, "eval_prec_X": 0.0, "eval_f1_X": 0.0, "eval_support_X": 27.0, "eval_runtime": 6.7849, "eval_samples_per_second": 61.313, "eval_steps_per_second": 1.916}