{"eval_loss": 1.3021146059036255, "eval_token_acc": 0.6466007786762503, "eval_f1_macro": 0.4877045705201156, "eval_prec_ADJ": 0.6310223266745005, "eval_f1_ADJ": 0.7356164383561644, "eval_support_ADJ": 609.0, "eval_prec_ADP": 0.8953564421190321, "eval_f1_ADP": 0.9102393617021277, "eval_support_ADP": 1479.0, "eval_prec_ADV": 0.7577639751552795, "eval_f1_ADV": 0.37770897832817335, "eval_support_ADV": 485.0, "eval_prec_AUX": 0.7205882352941176, "eval_f1_AUX": 0.39595959595959596, "eval_support_AUX": 359.0, "eval_prec_CCONJ": 0.7243401759530792, "eval_f1_CCONJ": 0.8330522765598651, "eval_support_CCONJ": 252.0, "eval_prec_DET": 0.5511627906976744, "eval_f1_DET": 0.24829753797799894, "eval_support_DET": 1479.0, "eval_prec_INTJ": 0.0, "eval_f1_INTJ": 0.0, "eval_support_INTJ": 9.0, "eval_prec_NOUN": 0.5843579234972678, "eval_f1_NOUN": 0.7132138390996249, "eval_support_NOUN": 1870.0, "eval_prec_NUM": 0.7227722772277227, "eval_f1_NUM": 0.8233082706766918, "eval_support_NUM": 229.0, "eval_prec_PART": 0.0, "eval_f1_PART": 0.0, "eval_support_PART": 0.0, "eval_prec_PRON": 0.8863636363636364, "eval_f1_PRON": 0.24148606811145512, "eval_support_PRON": 558.0, "eval_prec_PROPN": 0.5, "eval_f1_PROPN": 0.00408997955010225, "eval_support_PROPN": 487.0, "eval_prec_PUNCT": 0.9400958466453674, "eval_f1_PUNCT": 0.9655455291222313, "eval_support_PUNCT": 1186.0, "eval_prec_SCONJ": 0.9473684210526315, "eval_f1_SCONJ": 0.7058823529411765, "eval_support_SCONJ": 128.0, "eval_prec_SYM": 0.8, "eval_f1_SYM": 0.625, "eval_support_SYM": 39.0, "eval_prec_VERB": 0.6662817551963048, "eval_f1_VERB": 0.6840545346769413, "eval_support_VERB": 821.0, "eval_prec_X": 0.014201183431952662, "eval_f1_X": 0.027522935779816515, "eval_support_X": 27.0, "eval_runtime": 6.7311, "eval_samples_per_second": 61.803, "eval_steps_per_second": 1.931}