{"eval_loss": 1.4193989038467407, "eval_token_acc": 0.6585762807812058, "eval_f1_macro": 0.5328588007273938, "eval_prec_ADJ": 0.8991848991848992, "eval_f1_ADJ": 0.7957479119210327, "eval_support_ADJ": 2937.0, "eval_prec_ADP": 0.9820082664721614, "eval_f1_ADP": 0.9348455039925935, "eval_support_ADP": 4528.0, "eval_prec_ADV": 0.05448717948717949, "eval_f1_ADV": 0.09807692307692308, "eval_support_ADV": 104.0, "eval_prec_AUX": 0.05338078291814947, "eval_f1_AUX": 0.07905138339920949, "eval_support_AUX": 197.0, "eval_prec_CCONJ": 0.9853629976580797, "eval_f1_CCONJ": 0.9171662125340599, "eval_support_CCONJ": 1962.0, "eval_prec_DET": 0.045666356011183594, "eval_f1_DET": 0.07652264445601249, "eval_support_DET": 623.0, "eval_prec_INTJ": 0.0, "eval_f1_INTJ": 0.0, "eval_support_INTJ": 0.0, "eval_prec_NOUN": 0.9369836695485111, "eval_f1_NOUN": 0.6611984815618221, "eval_support_NOUN": 9547.0, "eval_prec_NUM": 0.9629629629629629, "eval_f1_NUM": 0.8940852819807428, "eval_support_NUM": 779.0, "eval_prec_PART": 0.0, "eval_f1_PART": 0.0, "eval_support_PART": 226.0, "eval_prec_PRON": 0.6910299003322259, "eval_f1_PRON": 0.6129666011787819, "eval_support_PRON": 1133.0, "eval_prec_PROPN": 0.015461346633416459, "eval_f1_PROPN": 0.030451866404715127, "eval_support_PROPN": 31.0, "eval_prec_PUNCT": 0.9007901668129938, "eval_f1_PUNCT": 0.9478060046189376, "eval_support_PUNCT": 2052.0, "eval_prec_SCONJ": 0.6016073478760046, "eval_f1_SCONJ": 0.7453769559032717, "eval_support_SCONJ": 535.0, "eval_prec_SYM": 0.975, "eval_f1_SYM": 0.9629629629629629, "eval_support_SYM": 41.0, "eval_prec_VERB": 0.7040322580645161, "eval_f1_VERB": 0.747911758406511, "eval_support_VERB": 2189.0, "eval_prec_X": 0.026652452025586353, "eval_f1_X": 0.021570319240724764, "eval_support_X": 1380.0, "eval_runtime": 30.9856, "eval_samples_per_second": 21.946, "eval_steps_per_second": 0.71}