{"eval_loss": 0.37894412875175476, "eval_token_acc": 0.9146808865189135, "eval_f1_macro": 0.6785429126063187, "eval_prec_ADJ": 0.9199395770392749, "eval_f1_ADJ": 0.913728432108027, "eval_support_ADJ": 671.0, "eval_prec_ADP": 0.9876476906552094, "eval_f1_ADP": 0.9808, "eval_support_ADP": 1888.0, "eval_prec_ADV": 0.8931818181818182, "eval_f1_ADV": 0.9076212471131639, "eval_support_ADV": 426.0, "eval_prec_AUX": 0.8609271523178808, "eval_f1_AUX": 0.8214849921011058, "eval_support_AUX": 331.0, "eval_prec_CCONJ": 0.6961325966850829, "eval_f1_CCONJ": 0.8042553191489362, "eval_support_CCONJ": 397.0, "eval_prec_DET": 0.9779236276849642, "eval_f1_DET": 0.9706840390879479, "eval_support_DET": 1701.0, "eval_prec_INTJ": 0.0, "eval_f1_INTJ": 0.0, "eval_support_INTJ": 1.0, "eval_prec_NOUN": 0.9665711556829035, "eval_f1_NOUN": 0.9344413665743305, "eval_support_NOUN": 2238.0, "eval_prec_NUM": 0.8995983935742972, "eval_f1_NUM": 0.9352818371607515, "eval_support_NUM": 230.0, "eval_prec_PART": 0.0, "eval_f1_PART": 0.0, "eval_support_PART": 1.0, "eval_prec_PRON": 0.6598425196850394, "eval_f1_PRON": 0.7709291628334867, "eval_support_PRON": 452.0, "eval_prec_PROPN": 0.805050505050505, "eval_f1_PROPN": 0.8816371681415929, "eval_support_PROPN": 818.0, "eval_prec_PUNCT": 0.9937402190923318, "eval_f1_PUNCT": 0.9968602825745683, "eval_support_PUNCT": 1270.0, "eval_prec_SCONJ": 0.2830188679245283, "eval_f1_SCONJ": 0.07692307692307693, "eval_support_SCONJ": 337.0, "eval_prec_SYM": 1.0, "eval_f1_SYM": 0.5714285714285714, "eval_support_SYM": 25.0, "eval_prec_VERB": 0.9151414309484193, "eval_f1_VERB": 0.927487352445194, "eval_support_VERB": 1170.0, "eval_prec_X": 0.5, "eval_f1_X": 0.041666666666666664, "eval_support_X": 46.0, "eval_runtime": 8.8958, "eval_samples_per_second": 48.0, "eval_steps_per_second": 1.574}