{"eval_loss": 2.155587673187256, "eval_token_acc": 0.5794338051623646, "eval_f1_macro": 0.4084783713420355, "eval_prec_ADJ": 0.3117154811715481, "eval_f1_ADJ": 0.3973333333333333, "eval_support_ADJ": 272.0, "eval_prec_ADP": 0.3748657357679914, "eval_f1_ADP": 0.4761255115961801, "eval_support_ADP": 535.0, "eval_prec_ADV": 0.35478260869565215, "eval_f1_ADV": 0.47058823529411764, "eval_support_ADV": 292.0, "eval_prec_AUX": 0.7253521126760564, "eval_f1_AUX": 0.36589698046181174, "eval_support_AUX": 421.0, "eval_prec_CCONJ": 0.6014492753623188, "eval_f1_CCONJ": 0.7109207708779444, "eval_support_CCONJ": 191.0, "eval_prec_DET": 0.4780701754385965, "eval_f1_DET": 0.5940054495912807, "eval_support_DET": 139.0, "eval_prec_INTJ": 0.0, "eval_f1_INTJ": 0.0, "eval_support_INTJ": 0.0, "eval_prec_NOUN": 0.5854161889474891, "eval_f1_NOUN": 0.6654502802033103, "eval_support_NOUN": 3312.0, "eval_prec_NUM": 0.9195804195804196, "eval_f1_NUM": 0.5601703940362087, "eval_support_NUM": 653.0, "eval_prec_PART": 0.0, "eval_f1_PART": 0.0, "eval_support_PART": 992.0, "eval_prec_PRON": 0.9069767441860465, "eval_f1_PRON": 0.9176470588235294, "eval_support_PRON": 168.0, "eval_prec_PROPN": 0.5422096317280454, "eval_f1_PROPN": 0.6907253699025623, "eval_support_PROPN": 1006.0, "eval_prec_PUNCT": 0.694421315570358, "eval_f1_PUNCT": 0.8156479217603912, "eval_support_PUNCT": 1688.0, "eval_prec_SCONJ": 0.10526315789473684, "eval_f1_SCONJ": 0.014732965009208104, "eval_support_SCONJ": 505.0, "eval_prec_SYM": 0.0, "eval_f1_SYM": 0.0, "eval_support_SYM": 3.0, "eval_prec_VERB": 0.7875354107648725, "eval_f1_VERB": 0.26488804192472604, "eval_support_VERB": 1746.0, "eval_prec_X": 0.0, "eval_f1_X": 0.0, "eval_support_X": 87.0, "eval_runtime": 9.6259, "eval_samples_per_second": 51.943, "eval_steps_per_second": 1.662}