{"eval_loss": 0.4582895040512085, "eval_token_acc": 0.9016910115764591, "eval_f1_macro": 0.7667793964572134, "eval_prec_ADJ": 0.8281101614434948, "eval_f1_ADJ": 0.7576020851433536, "eval_support_ADJ": 1249.0, "eval_prec_ADP": 0.9606349206349206, "eval_f1_ADP": 0.9521711768407803, "eval_support_ADP": 1603.0, "eval_prec_ADV": 0.7139705882352941, "eval_f1_ADV": 0.8031430934656741, "eval_support_ADV": 1058.0, "eval_prec_AUX": 0.907563025210084, "eval_f1_AUX": 0.9224199288256227, "eval_support_AUX": 691.0, "eval_prec_CCONJ": 0.937365010799136, "eval_f1_CCONJ": 0.9404117009750813, "eval_support_CCONJ": 460.0, "eval_prec_DET": 0.9958398335933437, "eval_f1_DET": 0.9147360878910915, "eval_support_DET": 2264.0, "eval_prec_INTJ": 0.2222222222222222, "eval_f1_INTJ": 0.3076923076923077, "eval_support_INTJ": 4.0, "eval_prec_NOUN": 0.9654932032066922, "eval_f1_NOUN": 0.9264214046822743, "eval_support_NOUN": 3111.0, "eval_prec_NUM": 0.7651006711409396, "eval_f1_NUM": 0.8587570621468926, "eval_support_NUM": 233.0, "eval_prec_PART": 0.9767441860465116, "eval_f1_PART": 0.8795811518324608, "eval_support_PART": 210.0, "eval_prec_PRON": 0.7814645308924485, "eval_f1_PRON": 0.8651044965167828, "eval_support_PRON": 705.0, "eval_prec_PROPN": 0.7487844408427877, "eval_f1_PROPN": 0.8191489361702128, "eval_support_PROPN": 1022.0, "eval_prec_PUNCT": 0.9995757318625371, "eval_f1_PUNCT": 0.9976709718399323, "eval_support_PUNCT": 2366.0, "eval_prec_SCONJ": 0.7755102040816326, "eval_f1_SCONJ": 0.8351648351648352, "eval_support_SCONJ": 168.0, "eval_prec_SYM": 0.18181818181818182, "eval_f1_SYM": 0.26666666666666666, "eval_support_SYM": 4.0, "eval_prec_VERB": 0.8906474820143885, "eval_f1_VERB": 0.9116347569955817, "eval_support_VERB": 1326.0, "eval_prec_X": 1.0, "eval_f1_X": 0.07692307692307693, "eval_support_X": 25.0, "eval_runtime": 11.8261, "eval_samples_per_second": 82.614, "eval_steps_per_second": 2.621}