{"eval_loss": 4.147570610046387, "eval_token_acc": 0.2026137463697967, "eval_f1_macro": 0.07295381855194227, "eval_prec_ADJ": 0.4, "eval_f1_ADJ": 0.0113314447592068, "eval_support_ADJ": 696.0, "eval_prec_ADP": 0.0, "eval_f1_ADP": 0.0, "eval_support_ADP": 152.0, "eval_prec_ADV": 0.0, "eval_f1_ADV": 0.0, "eval_support_ADV": 276.0, "eval_prec_AUX": 1.0, "eval_f1_AUX": 0.015625, "eval_support_AUX": 254.0, "eval_prec_CCONJ": 0.0, "eval_f1_CCONJ": 0.0, "eval_support_CCONJ": 120.0, "eval_prec_DET": 0.0, "eval_f1_DET": 0.0, "eval_support_DET": 115.0, "eval_prec_INTJ": 0.0, "eval_f1_INTJ": 0.0, "eval_support_INTJ": 30.0, "eval_prec_NOUN": 0.48484848484848486, "eval_f1_NOUN": 0.03674992822279644, "eval_support_NOUN": 3351.0, "eval_prec_NUM": 0.9230769230769231, "eval_f1_NUM": 0.08727272727272728, "eval_support_NUM": 262.0, "eval_prec_PART": 0.0, "eval_f1_PART": 0.0, "eval_support_PART": 44.0, "eval_prec_PRON": 0.4, "eval_f1_PRON": 0.0055248618784530384, "eval_support_PRON": 719.0, "eval_prec_PROPN": 0.004071560764959901, "eval_f1_PROPN": 0.00811010076185795, "eval_support_PROPN": 33.0, "eval_prec_PUNCT": 0.9948744233726294, "eval_f1_PUNCT": 0.9717146433041302, "eval_support_PUNCT": 2044.0, "eval_prec_SCONJ": 0.0, "eval_f1_SCONJ": 0.0, "eval_support_SCONJ": 16.0, "eval_prec_SYM": 0.0, "eval_f1_SYM": 0.0, "eval_support_SYM": 0.0, "eval_prec_VERB": 0.6862745098039216, "eval_f1_VERB": 0.03093239063190455, "eval_support_VERB": 2212.0, "eval_prec_X": 0.0, "eval_f1_X": 0.0, "eval_support_X": 6.0, "eval_runtime": 12.5267, "eval_samples_per_second": 71.847, "eval_steps_per_second": 2.315}