{"eval_loss": 1.2515887022018433, "eval_token_acc": 0.6804769317860175, "eval_f1_macro": 0.4156948733325404, "eval_prec_ADJ": 0.7584876543209876, "eval_f1_ADJ": 0.46444601937160407, "eval_support_ADJ": 2937.0, "eval_prec_ADP": 0.9440255883024903, "eval_f1_ADP": 0.9280179674340259, "eval_support_ADP": 4528.0, "eval_prec_ADV": 0.041312272174969626, "eval_f1_ADV": 0.07335490830636461, "eval_support_ADV": 104.0, "eval_prec_AUX": 0.023769100169779286, "eval_f1_AUX": 0.035623409669211195, "eval_support_AUX": 197.0, "eval_prec_CCONJ": 0.9761742682096665, "eval_f1_CCONJ": 0.835907898571845, "eval_support_CCONJ": 1962.0, "eval_prec_DET": 0.013623978201634877, "eval_f1_DET": 0.010101010101010102, "eval_support_DET": 623.0, "eval_prec_INTJ": 0.0, "eval_f1_INTJ": 0.0, "eval_support_INTJ": 0.0, "eval_prec_NOUN": 0.7638536379018612, "eval_f1_NOUN": 0.7601957585644372, "eval_support_NOUN": 9547.0, "eval_prec_NUM": 0.7355191256830601, "eval_f1_NUM": 0.79456906729634, "eval_support_NUM": 779.0, "eval_prec_PART": 0.0, "eval_f1_PART": 0.0, "eval_support_PART": 226.0, "eval_prec_PRON": 0.5927075252133437, "eval_f1_PRON": 0.6308835672997523, "eval_support_PRON": 1133.0, "eval_prec_PROPN": 0.018337408312958436, "eval_f1_PROPN": 0.035992801439712056, "eval_support_PROPN": 31.0, "eval_prec_PUNCT": 0.9134529147982062, "eval_f1_PUNCT": 0.9514245679588977, "eval_support_PUNCT": 2052.0, "eval_prec_SCONJ": 0.43184421534937, "eval_f1_SCONJ": 0.5355113636363636, "eval_support_SCONJ": 535.0, "eval_prec_SYM": 0.0, "eval_f1_SYM": 0.0, "eval_support_SYM": 41.0, "eval_prec_VERB": 0.5188583078491336, "eval_f1_VERB": 0.5950896336710834, "eval_support_VERB": 2189.0, "eval_prec_X": 0.0, "eval_f1_X": 0.0, "eval_support_X": 1380.0, "eval_runtime": 30.5786, "eval_samples_per_second": 22.238, "eval_steps_per_second": 0.719}