{"eval_loss": 0.6863209009170532, "eval_token_acc": 0.8407587471108632, "eval_f1_macro": 0.6859425986277098, "eval_prec_ADJ": 0.8700527704485488, "eval_f1_ADJ": 0.7984261501210653, "eval_support_ADJ": 1788.0, "eval_prec_ADP": 0.8145695364238411, "eval_f1_ADP": 0.8601398601398601, "eval_support_ADP": 2025.0, "eval_prec_ADV": 0.7205882352941176, "eval_f1_ADV": 0.7683261466091729, "eval_support_ADV": 1191.0, "eval_prec_AUX": 0.9460992907801419, "eval_f1_AUX": 0.9034879783271249, "eval_support_AUX": 1543.0, "eval_prec_CCONJ": 0.972972972972973, "eval_f1_CCONJ": 0.975609756097561, "eval_support_CCONJ": 736.0, "eval_prec_DET": 0.8321933424532604, "eval_f1_DET": 0.8924205378973105, "eval_support_DET": 1897.0, "eval_prec_INTJ": 0.0, "eval_f1_INTJ": 0.0, "eval_support_INTJ": 121.0, "eval_prec_NOUN": 0.9413216342199068, "eval_f1_NOUN": 0.8836550836550836, "eval_support_NOUN": 4123.0, "eval_prec_NUM": 0.8763250883392226, "eval_f1_NUM": 0.8953068592057761, "eval_support_NUM": 542.0, "eval_prec_PART": 0.0, "eval_f1_PART": 0.0, "eval_support_PART": 649.0, "eval_prec_PRON": 0.9325443786982248, "eval_f1_PRON": 0.8178515827711469, "eval_support_PRON": 2164.0, "eval_prec_PROPN": 0.764163372859025, "eval_f1_PROPN": 0.7996323529411765, "eval_support_PROPN": 2075.0, "eval_prec_PUNCT": 0.9584753641152773, "eval_f1_PUNCT": 0.978333069745374, "eval_support_PUNCT": 3096.0, "eval_prec_SCONJ": 0.5784543325526932, "eval_f1_SCONJ": 0.6091245376078915, "eval_support_SCONJ": 384.0, "eval_prec_SYM": 0.5816326530612245, "eval_f1_SYM": 0.5402843601895735, "eval_support_SYM": 113.0, "eval_prec_VERB": 0.8976261127596439, "eval_f1_VERB": 0.9130352763629503, "eval_support_VERB": 2605.0, "eval_prec_X": 0.013238289205702648, "eval_f1_X": 0.025390625, "eval_support_X": 42.0, "eval_runtime": 24.5924, "eval_samples_per_second": 84.457, "eval_steps_per_second": 2.643}