{"eval_loss": 1.0282469987869263, "eval_token_acc": 0.776530062569925, "eval_f1_macro": 0.5683540875763102, "eval_prec_ADJ": 0.7106413994169096, "eval_f1_ADJ": 0.6448412698412699, "eval_support_ADJ": 1652.0, "eval_prec_ADP": 0.9912698412698413, "eval_f1_ADP": 0.842922220347562, "eval_support_ADP": 3407.0, "eval_prec_ADV": 0.38531073446327685, "eval_f1_ADV": 0.5374310480693459, "eval_support_ADV": 384.0, "eval_prec_AUX": 0.8508604206500956, "eval_f1_AUX": 0.6258790436005626, "eval_support_AUX": 899.0, "eval_prec_CCONJ": 0.9597754911131899, "eval_f1_CCONJ": 0.9794749403341289, "eval_support_CCONJ": 1026.0, "eval_prec_DET": 0.8163771712158809, "eval_f1_DET": 0.7360178970917226, "eval_support_DET": 491.0, "eval_prec_INTJ": 0.25, "eval_f1_INTJ": 0.06451612903225806, "eval_support_INTJ": 27.0, "eval_prec_NOUN": 0.9094435327465314, "eval_f1_NOUN": 0.817048652995577, "eval_support_NOUN": 8219.0, "eval_prec_NUM": 0.7019230769230769, "eval_f1_NUM": 0.7239669421487603, "eval_support_NUM": 293.0, "eval_prec_PART": 0.0, "eval_f1_PART": 0.0, "eval_support_PART": 28.0, "eval_prec_PRON": 0.45231607629427795, "eval_f1_PRON": 0.5606214116852415, "eval_support_PRON": 1126.0, "eval_prec_PROPN": 0.5954142011834319, "eval_f1_PROPN": 0.6536743808363784, "eval_support_PROPN": 1111.0, "eval_prec_PUNCT": 0.9709750566893424, "eval_f1_PUNCT": 0.9852738150023009, "eval_support_PUNCT": 2141.0, "eval_prec_SCONJ": 0.9326923076923077, "eval_f1_SCONJ": 0.7404580152671756, "eval_support_SCONJ": 632.0, "eval_prec_SYM": 0.0, "eval_f1_SYM": 0.0, "eval_support_SYM": 0.0, "eval_prec_VERB": 0.6067415730337079, "eval_f1_VERB": 0.7498937225449908, "eval_support_VERB": 2696.0, "eval_prec_X": 0.0, "eval_f1_X": 0.0, "eval_support_X": 1.0, "eval_runtime": 18.3103, "eval_samples_per_second": 79.463, "eval_steps_per_second": 2.512}