{"eval_loss": 1.4506731033325195, "eval_token_acc": 0.754811774695726, "eval_f1_macro": 0.4959249909354541, "eval_prec_ADJ": 0.8424194190210903, "eval_f1_ADJ": 0.7768807339449542, "eval_support_ADJ": 2937.0, "eval_prec_ADP": 0.9813381884387802, "eval_f1_ADP": 0.9665994171710379, "eval_support_ADP": 4528.0, "eval_prec_ADV": 0.07602339181286549, "eval_f1_ADV": 0.12641815235008103, "eval_support_ADV": 104.0, "eval_prec_AUX": 0.5028571428571429, "eval_f1_AUX": 0.4731182795698925, "eval_support_AUX": 197.0, "eval_prec_CCONJ": 0.9899049881235155, "eval_f1_CCONJ": 0.9144267690619857, "eval_support_CCONJ": 1962.0, "eval_prec_DET": 0.4409221902017291, "eval_f1_DET": 0.3154639175257732, "eval_support_DET": 623.0, "eval_prec_INTJ": 0.0, "eval_f1_INTJ": 0.0, "eval_support_INTJ": 0.0, "eval_prec_NOUN": 0.8038843149672789, "eval_f1_NOUN": 0.80079911676568, "eval_support_NOUN": 9547.0, "eval_prec_NUM": 0.9682242990654205, "eval_f1_NUM": 0.7884322678843226, "eval_support_NUM": 779.0, "eval_prec_PART": 0.0, "eval_f1_PART": 0.0, "eval_support_PART": 226.0, "eval_prec_PRON": 0.8249772105742935, "eval_f1_PRON": 0.8116591928251121, "eval_support_PRON": 1133.0, "eval_prec_PROPN": 0.010143979057591623, "eval_f1_PROPN": 0.02008422416585682, "eval_support_PROPN": 31.0, "eval_prec_PUNCT": 0.9975633528265108, "eval_f1_PUNCT": 0.9975633528265108, "eval_support_PUNCT": 2052.0, "eval_prec_SCONJ": 0.5664670658682635, "eval_f1_SCONJ": 0.6905109489051094, "eval_support_SCONJ": 535.0, "eval_prec_SYM": 0.0, "eval_f1_SYM": 0.0, "eval_support_SYM": 41.0, "eval_prec_VERB": 0.9337883959044369, "eval_f1_VERB": 0.7487684729064039, "eval_support_VERB": 2189.0, "eval_prec_X": 0.0, "eval_f1_X": 0.0, "eval_support_X": 1380.0, "eval_runtime": 30.6653, "eval_samples_per_second": 22.175, "eval_steps_per_second": 0.717}