{"eval_loss": 0.122271828353405, "eval_token_acc": 0.9714274328524747, "eval_f1_macro": 0.9345506448078966, "eval_prec_ADJ": 0.9448428019856592, "eval_f1_ADJ": 0.951402388225493, "eval_support_ADJ": 1788.0, "eval_prec_ADP": 0.9778761061946902, "eval_f1_ADP": 0.9800443458980045, "eval_support_ADP": 2025.0, "eval_prec_ADV": 0.96160409556314, "eval_f1_ADV": 0.9538721963605586, "eval_support_ADV": 1191.0, "eval_prec_AUX": 0.9948119325551232, "eval_f1_AUX": 0.9944894651539709, "eval_support_AUX": 1543.0, "eval_prec_CCONJ": 0.9959128065395095, "eval_f1_CCONJ": 0.9945578231292517, "eval_support_CCONJ": 736.0, "eval_prec_DET": 0.9926354550236718, "eval_f1_DET": 0.9936808846761453, "eval_support_DET": 1897.0, "eval_prec_INTJ": 0.8842975206611571, "eval_f1_INTJ": 0.8842975206611571, "eval_support_INTJ": 121.0, "eval_prec_NOUN": 0.9533591106814886, "eval_f1_NOUN": 0.9550901827865875, "eval_support_NOUN": 4123.0, "eval_prec_NUM": 0.9322916666666666, "eval_f1_NUM": 0.960644007155635, "eval_support_NUM": 542.0, "eval_prec_PART": 0.9938366718027735, "eval_f1_PART": 0.9938366718027735, "eval_support_PART": 649.0, "eval_prec_PRON": 0.9921586715867159, "eval_f1_PRON": 0.9930747922437673, "eval_support_PRON": 2164.0, "eval_prec_PROPN": 0.9295219319862001, "eval_f1_PROPN": 0.919103313840156, "eval_support_PROPN": 2075.0, "eval_prec_PUNCT": 0.9961227786752828, "eval_f1_PUNCT": 0.9959618801486028, "eval_support_PUNCT": 3096.0, "eval_prec_SCONJ": 0.9587628865979382, "eval_f1_SCONJ": 0.9637305699481865, "eval_support_SCONJ": 384.0, "eval_prec_SYM": 0.8813559322033898, "eval_f1_SYM": 0.9004329004329005, "eval_support_SYM": 113.0, "eval_prec_VERB": 0.9807913945447561, "eval_f1_VERB": 0.9804147465437788, "eval_support_VERB": 2605.0, "eval_prec_X": 1.0, "eval_f1_X": 0.4727272727272727, "eval_support_X": 42.0, "eval_runtime": 24.7933, "eval_samples_per_second": 83.773, "eval_steps_per_second": 2.622}