{"eval_loss": 1.238071084022522, "eval_token_acc": 0.6994526171741362, "eval_f1_macro": 0.481111898398904, "eval_prec_ADJ": 0.66, "eval_f1_ADJ": 0.5081266039349872, "eval_support_ADJ": 719.0, "eval_prec_ADP": 0.6977299880525687, "eval_f1_ADP": 0.7881241565452092, "eval_support_ADP": 645.0, "eval_prec_ADV": 0.3591293833131802, "eval_f1_ADV": 0.4442782348541511, "eval_support_ADV": 1020.0, "eval_prec_AUX": 0.5331010452961672, "eval_f1_AUX": 0.5784499054820416, "eval_support_AUX": 242.0, "eval_prec_CCONJ": 0.6697674418604651, "eval_f1_CCONJ": 0.8022284122562674, "eval_support_CCONJ": 144.0, "eval_prec_DET": 0.3810810810810811, "eval_f1_DET": 0.5310734463276836, "eval_support_DET": 161.0, "eval_prec_INTJ": 0.0, "eval_f1_INTJ": 0.0, "eval_support_INTJ": 17.0, "eval_prec_NOUN": 0.7624413145539906, "eval_f1_NOUN": 0.7827763496143959, "eval_support_NOUN": 3029.0, "eval_prec_NUM": 0.9398496240601504, "eval_f1_NUM": 0.6218905472636815, "eval_support_NUM": 269.0, "eval_prec_PART": 0.0, "eval_f1_PART": 0.0, "eval_support_PART": 89.0, "eval_prec_PRON": 0.5155440414507773, "eval_f1_PRON": 0.4340239912758997, "eval_support_PRON": 531.0, "eval_prec_PROPN": 0.6812585499316005, "eval_f1_PROPN": 0.7714949651432997, "eval_support_PROPN": 560.0, "eval_prec_PUNCT": 0.9918462434478742, "eval_f1_PUNCT": 0.995906432748538, "eval_support_PUNCT": 1703.0, "eval_prec_SCONJ": 0.3939393939393939, "eval_f1_SCONJ": 0.16216216216216217, "eval_support_SCONJ": 382.0, "eval_prec_SYM": 0.0, "eval_f1_SYM": 0.0, "eval_support_SYM": 7.0, "eval_prec_VERB": 0.898365316275764, "eval_f1_VERB": 0.7139226207286078, "eval_support_VERB": 2134.0, "eval_prec_X": 0.2, "eval_f1_X": 0.044444444444444446, "eval_support_X": 40.0, "eval_runtime": 5.9601, "eval_samples_per_second": 134.225, "eval_steps_per_second": 4.195}