{"eval_loss": 2.5527520179748535, "eval_token_acc": 0.23706862198135012, "eval_f1_macro": 0.06979712925140373, "eval_prec_ADJ": 0.13953488372093023, "eval_f1_ADJ": 0.006553795740032769, "eval_support_ADJ": 1788.0, "eval_prec_ADP": 0.0, "eval_f1_ADP": 0.0, "eval_support_ADP": 2025.0, "eval_prec_ADV": 0.0, "eval_f1_ADV": 0.0, "eval_support_ADV": 1191.0, "eval_prec_AUX": 0.0, "eval_f1_AUX": 0.0, "eval_support_AUX": 1543.0, "eval_prec_CCONJ": 0.0, "eval_f1_CCONJ": 0.0, "eval_support_CCONJ": 736.0, "eval_prec_DET": 0.0, "eval_f1_DET": 0.0, "eval_support_DET": 1897.0, "eval_prec_INTJ": 0.0, "eval_f1_INTJ": 0.0, "eval_support_INTJ": 121.0, "eval_prec_NOUN": 0.31154313487241797, "eval_f1_NOUN": 0.31124059237679047, "eval_support_NOUN": 4123.0, "eval_prec_NUM": 0.92, "eval_f1_NUM": 0.1554054054054054, "eval_support_NUM": 542.0, "eval_prec_PART": 0.0, "eval_f1_PART": 0.0, "eval_support_PART": 649.0, "eval_prec_PRON": 0.20725388601036268, "eval_f1_PRON": 0.03394145099703012, "eval_support_PRON": 2164.0, "eval_prec_PROPN": 0.0, "eval_f1_PROPN": 0.0, "eval_support_PROPN": 2075.0, "eval_prec_PUNCT": 0.2268573996405033, "eval_f1_PUNCT": 0.36831225680933855, "eval_support_PUNCT": 3096.0, "eval_prec_SCONJ": 0.0, "eval_f1_SCONJ": 0.0, "eval_support_SCONJ": 384.0, "eval_prec_SYM": 0.0, "eval_f1_SYM": 0.0, "eval_support_SYM": 113.0, "eval_prec_VERB": 0.21079901827106626, "eval_f1_VERB": 0.31109769594526615, "eval_support_VERB": 2605.0, "eval_prec_X": 0.0, "eval_f1_X": 0.0, "eval_support_X": 42.0, "eval_runtime": 24.5423, "eval_samples_per_second": 84.629, "eval_steps_per_second": 2.648}