{"eval_loss": 1.5737665891647339, "eval_token_acc": 0.647210657785179, "eval_f1_macro": 0.4347653518464569, "eval_prec_ADJ": 0.5054347826086957, "eval_f1_ADJ": 0.40789473684210525, "eval_support_ADJ": 272.0, "eval_prec_ADP": 0.4336734693877551, "eval_f1_ADP": 0.4541406945681211, "eval_support_ADP": 535.0, "eval_prec_ADV": 0.2653288740245262, "eval_f1_ADV": 0.400336417157275, "eval_support_ADV": 292.0, "eval_prec_AUX": 0.5050505050505051, "eval_f1_AUX": 0.19230769230769232, "eval_support_AUX": 421.0, "eval_prec_CCONJ": 0.5566343042071198, "eval_f1_CCONJ": 0.688, "eval_support_CCONJ": 191.0, "eval_prec_DET": 0.3617021276595745, "eval_f1_DET": 0.2918454935622318, "eval_support_DET": 139.0, "eval_prec_INTJ": 0.0, "eval_f1_INTJ": 0.0, "eval_support_INTJ": 0.0, "eval_prec_NOUN": 0.7408277076606986, "eval_f1_NOUN": 0.7513022771245721, "eval_support_NOUN": 3312.0, "eval_prec_NUM": 0.8134863701578192, "eval_f1_NUM": 0.84, "eval_support_NUM": 653.0, "eval_prec_PART": 0.0, "eval_f1_PART": 0.0, "eval_support_PART": 992.0, "eval_prec_PRON": 0.4807121661721068, "eval_f1_PRON": 0.6415841584158416, "eval_support_PRON": 168.0, "eval_prec_PROPN": 0.751170046801872, "eval_f1_PROPN": 0.8417832167832168, "eval_support_PROPN": 1006.0, "eval_prec_PUNCT": 0.5725999316706526, "eval_f1_PUNCT": 0.7263271939328277, "eval_support_PUNCT": 1688.0, "eval_prec_SCONJ": 0.07407407407407407, "eval_f1_SCONJ": 0.007518796992481203, "eval_support_SCONJ": 505.0, "eval_prec_SYM": 0.0, "eval_f1_SYM": 0.0, "eval_support_SYM": 3.0, "eval_prec_VERB": 0.8924268502581756, "eval_f1_VERB": 0.7132049518569463, "eval_support_VERB": 1746.0, "eval_prec_X": 0.0, "eval_f1_X": 0.0, "eval_support_X": 87.0, "eval_runtime": 9.4353, "eval_samples_per_second": 52.993, "eval_steps_per_second": 1.696}