{"eval_loss": 4.173337459564209, "eval_token_acc": 0.20029041626331073, "eval_f1_macro": 0.057365509197156314, "eval_prec_ADJ": 0.0, "eval_f1_ADJ": 0.0, "eval_support_ADJ": 696.0, "eval_prec_ADP": 0.0, "eval_f1_ADP": 0.0, "eval_support_ADP": 152.0, "eval_prec_ADV": 0.0, "eval_f1_ADV": 0.0, "eval_support_ADV": 276.0, "eval_prec_AUX": 0.0, "eval_f1_AUX": 0.0, "eval_support_AUX": 254.0, "eval_prec_CCONJ": 0.2, "eval_f1_CCONJ": 0.044444444444444446, "eval_support_CCONJ": 120.0, "eval_prec_DET": 0.0, "eval_f1_DET": 0.0, "eval_support_DET": 115.0, "eval_prec_INTJ": 0.0, "eval_f1_INTJ": 0.0, "eval_support_INTJ": 30.0, "eval_prec_NOUN": 0.75, "eval_f1_NOUN": 0.007128007128007128, "eval_support_NOUN": 3351.0, "eval_prec_NUM": 0.782608695652174, "eval_f1_NUM": 0.12631578947368421, "eval_support_NUM": 262.0, "eval_prec_PART": 0.0, "eval_f1_PART": 0.0, "eval_support_PART": 44.0, "eval_prec_PRON": 0.5, "eval_f1_PRON": 0.0027739251040221915, "eval_support_PRON": 719.0, "eval_prec_PROPN": 0.0, "eval_f1_PROPN": 0.0, "eval_support_PROPN": 33.0, "eval_prec_PUNCT": 0.5844604316546762, "eval_f1_PUNCT": 0.7360028990759195, "eval_support_PUNCT": 2044.0, "eval_prec_SCONJ": 0.0, "eval_f1_SCONJ": 0.0, "eval_support_SCONJ": 16.0, "eval_prec_SYM": 0.0, "eval_f1_SYM": 0.0, "eval_support_SYM": 0.0, "eval_prec_VERB": 0.0, "eval_f1_VERB": 0.0, "eval_support_VERB": 2212.0, "eval_prec_X": 0.0005920663114268798, "eval_f1_X": 0.0011830819284235432, "eval_support_X": 6.0, "eval_runtime": 12.8517, "eval_samples_per_second": 70.03, "eval_steps_per_second": 2.257}