{"eval_loss": 1.3574004173278809, "eval_token_acc": 0.6538076987168805, "eval_f1_macro": 0.47805222016186627, "eval_prec_ADJ": 0.6783754116355654, "eval_f1_ADJ": 0.7812895069532237, "eval_support_ADJ": 671.0, "eval_prec_ADP": 0.9076200417536534, "eval_f1_ADP": 0.9143007360672976, "eval_support_ADP": 1888.0, "eval_prec_ADV": 0.7642857142857142, "eval_f1_ADV": 0.37809187279151946, "eval_support_ADV": 426.0, "eval_prec_AUX": 0.5727699530516432, "eval_f1_AUX": 0.4485294117647059, "eval_support_AUX": 331.0, "eval_prec_CCONJ": 0.7484008528784648, "eval_f1_CCONJ": 0.8106235565819861, "eval_support_CCONJ": 397.0, "eval_prec_DET": 0.5390070921985816, "eval_f1_DET": 0.31587697423108896, "eval_support_DET": 1701.0, "eval_prec_INTJ": 0.0, "eval_f1_INTJ": 0.0, "eval_support_INTJ": 1.0, "eval_prec_NOUN": 0.5770538243626062, "eval_f1_NOUN": 0.7063106796116505, "eval_support_NOUN": 2238.0, "eval_prec_NUM": 0.7852112676056338, "eval_f1_NUM": 0.867704280155642, "eval_support_NUM": 230.0, "eval_prec_PART": 0.0, "eval_f1_PART": 0.0, "eval_support_PART": 1.0, "eval_prec_PRON": 0.7580645161290323, "eval_f1_PRON": 0.1828793774319066, "eval_support_PRON": 452.0, "eval_prec_PROPN": 0.0, "eval_f1_PROPN": 0.0, "eval_support_PROPN": 818.0, "eval_prec_PUNCT": 0.9093546047860769, "eval_f1_PUNCT": 0.9467723669309174, "eval_support_PUNCT": 1270.0, "eval_prec_SCONJ": 0.796875, "eval_f1_SCONJ": 0.43870967741935485, "eval_support_SCONJ": 337.0, "eval_prec_SYM": 1.0, "eval_f1_SYM": 0.5714285714285714, "eval_support_SYM": 25.0, "eval_prec_VERB": 0.7560538116591928, "eval_f1_VERB": 0.737855579868709, "eval_support_VERB": 1170.0, "eval_prec_X": 0.013861386138613862, "eval_f1_X": 0.026515151515151516, "eval_support_X": 46.0, "eval_runtime": 8.666, "eval_samples_per_second": 49.273, "eval_steps_per_second": 1.616}