{"eval_loss": 0.8401409983634949, "eval_token_acc": 0.7904678409181478, "eval_f1_macro": 0.5949114312323968, "eval_prec_ADJ": 0.8929068150208623, "eval_f1_ADJ": 0.5121659353809334, "eval_support_ADJ": 1788.0, "eval_prec_ADP": 0.8351158645276292, "eval_f1_ADP": 0.8779573670648864, "eval_support_ADP": 2025.0, "eval_prec_ADV": 0.5168161434977578, "eval_f1_ADV": 0.6198319327731092, "eval_support_ADV": 1191.0, "eval_prec_AUX": 0.8979007633587787, "eval_f1_AUX": 0.726360478579699, "eval_support_AUX": 1543.0, "eval_prec_CCONJ": 0.9128787878787878, "eval_f1_CCONJ": 0.9463350785340314, "eval_support_CCONJ": 736.0, "eval_prec_DET": 0.8418393127842345, "eval_f1_DET": 0.8596491228070176, "eval_support_DET": 1897.0, "eval_prec_INTJ": 0.0, "eval_f1_INTJ": 0.0, "eval_support_INTJ": 121.0, "eval_prec_NOUN": 0.7164743710989219, "eval_f1_NOUN": 0.8051009564293305, "eval_support_NOUN": 4123.0, "eval_prec_NUM": 0.726890756302521, "eval_f1_NUM": 0.8264331210191083, "eval_support_NUM": 542.0, "eval_prec_PART": 0.0, "eval_f1_PART": 0.0, "eval_support_PART": 649.0, "eval_prec_PRON": 0.8305764411027569, "eval_f1_PRON": 0.7968261601346478, "eval_support_PRON": 2164.0, "eval_prec_PROPN": 0.8819400127632419, "eval_f1_PROPN": 0.7589236683141132, "eval_support_PROPN": 2075.0, "eval_prec_PUNCT": 0.9065998821449617, "eval_f1_PUNCT": 0.9482280431432973, "eval_support_PUNCT": 3096.0, "eval_prec_SCONJ": 0.546236559139785, "eval_f1_SCONJ": 0.5983510011778563, "eval_support_SCONJ": 384.0, "eval_prec_SYM": 0.0, "eval_f1_SYM": 0.0, "eval_support_SYM": 113.0, "eval_prec_VERB": 0.7698003863490019, "eval_f1_VERB": 0.8373314655927158, "eval_support_VERB": 2605.0, "eval_prec_X": 0.0, "eval_f1_X": 0.0, "eval_support_X": 42.0, "eval_runtime": 23.8148, "eval_samples_per_second": 87.215, "eval_steps_per_second": 2.729}