{"eval_loss": 0.547065258026123, "eval_token_acc": 0.8590499721048857, "eval_f1_macro": 0.7069785367068089, "eval_prec_ADJ": 0.7809413131900058, "eval_f1_ADJ": 0.7660302080364776, "eval_support_ADJ": 1788.0, "eval_prec_ADP": 0.9115646258503401, "eval_f1_ADP": 0.8851626016260162, "eval_support_ADP": 2025.0, "eval_prec_ADV": 0.7119309262166404, "eval_f1_ADV": 0.7359026369168357, "eval_support_ADV": 1191.0, "eval_prec_AUX": 0.9556338028169014, "eval_f1_AUX": 0.9159635504556193, "eval_support_AUX": 1543.0, "eval_prec_CCONJ": 0.9780521262002744, "eval_f1_CCONJ": 0.9733788395904437, "eval_support_CCONJ": 736.0, "eval_prec_DET": 0.7612126245847176, "eval_f1_DET": 0.8515679442508711, "eval_support_DET": 1897.0, "eval_prec_INTJ": 0.0, "eval_f1_INTJ": 0.0, "eval_support_INTJ": 121.0, "eval_prec_NOUN": 0.9180117858057905, "eval_f1_NOUN": 0.8928482432095689, "eval_support_NOUN": 4123.0, "eval_prec_NUM": 0.8931297709923665, "eval_f1_NUM": 0.8780487804878049, "eval_support_NUM": 542.0, "eval_prec_PART": 0.9655172413793104, "eval_f1_PART": 0.7431279620853081, "eval_support_PART": 649.0, "eval_prec_PRON": 0.9649915302089215, "eval_f1_PRON": 0.8686149936467599, "eval_support_PRON": 2164.0, "eval_prec_PROPN": 0.7282010997643362, "eval_f1_PROPN": 0.8024237178099979, "eval_support_PROPN": 2075.0, "eval_prec_PUNCT": 0.9753865572735879, "eval_f1_PUNCT": 0.9867517956903432, "eval_support_PUNCT": 3096.0, "eval_prec_SCONJ": 0.8241042345276873, "eval_f1_SCONJ": 0.7322720694645442, "eval_support_SCONJ": 384.0, "eval_prec_SYM": 0.2777777777777778, "eval_f1_SYM": 0.07633587786259542, "eval_support_SYM": 113.0, "eval_prec_VERB": 0.9216, "eval_f1_VERB": 0.9026444662095985, "eval_support_VERB": 2605.0, "eval_prec_X": 0.004106776180698152, "eval_f1_X": 0.007561436672967864, "eval_support_X": 42.0, "eval_runtime": 24.3819, "eval_samples_per_second": 85.186, "eval_steps_per_second": 2.666}