{"eval_loss": 1.5085514783859253, "eval_token_acc": 0.6023909225989463, "eval_f1_macro": 0.5233402965359202, "eval_prec_ADJ": 0.569023569023569, "eval_f1_ADJ": 0.5740976645435244, "eval_support_ADJ": 1167.0, "eval_prec_ADP": 0.9866666666666667, "eval_f1_ADP": 0.251772044230224, "eval_support_ADP": 3077.0, "eval_prec_ADV": 0.09154929577464789, "eval_f1_ADV": 0.15967246673490276, "eval_support_ADV": 125.0, "eval_prec_AUX": 0.4749262536873156, "eval_f1_AUX": 0.4168284789644013, "eval_support_AUX": 867.0, "eval_prec_CCONJ": 0.95625, "eval_f1_CCONJ": 0.9300911854103343, "eval_support_CCONJ": 338.0, "eval_prec_DET": 0.6, "eval_f1_DET": 0.6277665995975855, "eval_support_DET": 237.0, "eval_prec_INTJ": 0.0, "eval_f1_INTJ": 0.0, "eval_support_INTJ": 0.0, "eval_prec_NOUN": 0.8044788975021533, "eval_f1_NOUN": 0.7812630698452531, "eval_support_NOUN": 3690.0, "eval_prec_NUM": 0.676056338028169, "eval_f1_NUM": 0.6969147005444646, "eval_support_NUM": 267.0, "eval_prec_PART": 0.0, "eval_f1_PART": 0.0, "eval_support_PART": 337.0, "eval_prec_PRON": 0.884272997032641, "eval_f1_PRON": 0.7129186602870813, "eval_support_PRON": 499.0, "eval_prec_PROPN": 0.6967799642218246, "eval_f1_PROPN": 0.7399667537402043, "eval_support_PROPN": 1975.0, "eval_prec_PUNCT": 0.8276699029126213, "eval_f1_PUNCT": 0.9057104913678619, "eval_support_PUNCT": 682.0, "eval_prec_SCONJ": 0.8716814159292036, "eval_f1_SCONJ": 0.8312236286919831, "eval_support_SCONJ": 248.0, "eval_prec_SYM": 0.0, "eval_f1_SYM": 0.0, "eval_support_SYM": 0.0, "eval_prec_VERB": 0.6210796915167095, "eval_f1_VERB": 0.7452190006169032, "eval_support_VERB": 1297.0, "eval_prec_X": 0.0, "eval_f1_X": 0.0, "eval_support_X": 0.0, "eval_runtime": 13.4924, "eval_samples_per_second": 39.652, "eval_steps_per_second": 1.26}