{"eval_loss": 4.404811859130859, "eval_token_acc": 0.29235237173281703, "eval_f1_macro": 0.09041371482838993, "eval_prec_ADJ": 0.3968253968253968, "eval_f1_ADJ": 0.12165450121654502, "eval_support_ADJ": 696.0, "eval_prec_ADP": 0.0, "eval_f1_ADP": 0.0, "eval_support_ADP": 152.0, "eval_prec_ADV": 0.009900990099009901, "eval_f1_ADV": 0.005305039787798408, "eval_support_ADV": 276.0, "eval_prec_AUX": 0.0, "eval_f1_AUX": 0.0, "eval_support_AUX": 254.0, "eval_prec_CCONJ": 0.0, "eval_f1_CCONJ": 0.0, "eval_support_CCONJ": 120.0, "eval_prec_DET": 0.0, "eval_f1_DET": 0.0, "eval_support_DET": 115.0, "eval_prec_INTJ": 0.2, "eval_f1_INTJ": 0.13333333333333333, "eval_support_INTJ": 30.0, "eval_prec_NOUN": 0.42135922330097086, "eval_f1_NOUN": 0.2659313725490196, "eval_support_NOUN": 3351.0, "eval_prec_NUM": 0.8181818181818182, "eval_f1_NUM": 0.1267605633802817, "eval_support_NUM": 262.0, "eval_prec_PART": 0.0, "eval_f1_PART": 0.0, "eval_support_PART": 44.0, "eval_prec_PRON": 0.8981481481481481, "eval_f1_PRON": 0.23458282950423218, "eval_support_PRON": 719.0, "eval_prec_PROPN": 0.010613751730503, "eval_f1_PROPN": 0.02090909090909091, "eval_support_PROPN": 33.0, "eval_prec_PUNCT": 0.34834527465029, "eval_f1_PUNCT": 0.5165696939033645, "eval_support_PUNCT": 2044.0, "eval_prec_SCONJ": 0.0, "eval_f1_SCONJ": 0.0, "eval_support_SCONJ": 16.0, "eval_prec_SYM": 0.0, "eval_f1_SYM": 0.0, "eval_support_SYM": 0.0, "eval_prec_VERB": 0.678391959798995, "eval_f1_VERB": 0.11198672749896309, "eval_support_VERB": 2212.0, "eval_prec_X": 0.0, "eval_f1_X": 0.0, "eval_support_X": 6.0, "eval_runtime": 13.0453, "eval_samples_per_second": 68.991, "eval_steps_per_second": 2.223}