{"eval_loss": 1.0409706830978394, "eval_token_acc": 0.6422813503848718, "eval_f1_macro": 0.47994541562379167, "eval_prec_ADJ": 0.3238095238095238, "eval_f1_ADJ": 0.46802841918294846, "eval_support_ADJ": 1249.0, "eval_prec_ADP": 0.5214285714285715, "eval_f1_ADP": 0.21651013346515077, "eval_support_ADP": 1603.0, "eval_prec_ADV": 0.5437589670014347, "eval_f1_ADV": 0.4319088319088319, "eval_support_ADV": 1058.0, "eval_prec_AUX": 0.8304498269896193, "eval_f1_AUX": 0.4897959183673469, "eval_support_AUX": 691.0, "eval_prec_CCONJ": 0.9516129032258065, "eval_f1_CCONJ": 0.9239373601789709, "eval_support_CCONJ": 460.0, "eval_prec_DET": 0.954233409610984, "eval_f1_DET": 0.3087745279526101, "eval_support_DET": 2264.0, "eval_prec_INTJ": 0.0, "eval_f1_INTJ": 0.0, "eval_support_INTJ": 4.0, "eval_prec_NOUN": 0.8972687771570453, "eval_f1_NOUN": 0.9129954208116217, "eval_support_NOUN": 3111.0, "eval_prec_NUM": 0.48476454293628807, "eval_f1_NUM": 0.5892255892255892, "eval_support_NUM": 233.0, "eval_prec_PART": 0.1570926143024619, "eval_f1_PART": 0.2521166509877705, "eval_support_PART": 210.0, "eval_prec_PRON": 0.487993803253292, "eval_f1_PRON": 0.6312625250501002, "eval_support_PRON": 705.0, "eval_prec_PROPN": 0.5722506393861893, "eval_f1_PROPN": 0.6921887084300077, "eval_support_PROPN": 1022.0, "eval_prec_PUNCT": 0.9732490272373541, "eval_f1_PUNCT": 0.9050203527815468, "eval_support_PUNCT": 2366.0, "eval_prec_SCONJ": 0.4339622641509434, "eval_f1_SCONJ": 0.5679012345679012, "eval_support_SCONJ": 168.0, "eval_prec_SYM": 0.0, "eval_f1_SYM": 0.0, "eval_support_SYM": 4.0, "eval_prec_VERB": 0.7764976958525346, "eval_f1_VERB": 0.769406392694064, "eval_support_VERB": 1326.0, "eval_prec_X": 0.0, "eval_f1_X": 0.0, "eval_support_X": 25.0, "eval_runtime": 11.7123, "eval_samples_per_second": 83.417, "eval_steps_per_second": 2.647}