{"eval_loss": 1.7447317838668823, "eval_token_acc": 0.5170888763090857, "eval_f1_macro": 0.3505361888175668, "eval_prec_ADJ": 0.7288503253796096, "eval_f1_ADJ": 0.19776339022954678, "eval_support_ADJ": 2937.0, "eval_prec_ADP": 0.8434892541087231, "eval_f1_ADP": 0.786514204880349, "eval_support_ADP": 4528.0, "eval_prec_ADV": 0.02617801047120419, "eval_f1_ADV": 0.04431314623338257, "eval_support_ADV": 104.0, "eval_prec_AUX": 0.021321961620469083, "eval_f1_AUX": 0.03524229074889868, "eval_support_AUX": 197.0, "eval_prec_CCONJ": 0.9415204678362573, "eval_f1_CCONJ": 0.713516935739158, "eval_support_CCONJ": 1962.0, "eval_prec_DET": 0.3736842105263158, "eval_f1_DET": 0.2831505483549352, "eval_support_DET": 623.0, "eval_prec_INTJ": 0.0, "eval_f1_INTJ": 0.0, "eval_support_INTJ": 0.0, "eval_prec_NOUN": 0.8273418596612513, "eval_f1_NOUN": 0.624404878366921, "eval_support_NOUN": 9547.0, "eval_prec_NUM": 0.7425149700598802, "eval_f1_NUM": 0.7682775712515489, "eval_support_NUM": 779.0, "eval_prec_PART": 0.00022104332449160034, "eval_f1_PART": 0.0004210526315789474, "eval_support_PART": 226.0, "eval_prec_PRON": 0.6541095890410958, "eval_f1_PRON": 0.6640591047370709, "eval_support_PRON": 1133.0, "eval_prec_PROPN": 0.01335387776065742, "eval_f1_PROPN": 0.0262891809908999, "eval_support_PROPN": 31.0, "eval_prec_PUNCT": 0.8975824175824176, "eval_f1_PUNCT": 0.943840998382251, "eval_support_PUNCT": 2052.0, "eval_prec_SCONJ": 0.003418803418803419, "eval_f1_SCONJ": 0.0035714285714285713, "eval_support_SCONJ": 535.0, "eval_prec_SYM": 0.0, "eval_f1_SYM": 0.0, "eval_support_SYM": 41.0, "eval_prec_VERB": 0.39550302680887867, "eval_f1_VERB": 0.48497702368328033, "eval_support_VERB": 2189.0, "eval_prec_X": 0.14619883040935672, "eval_f1_X": 0.032237266279819474, "eval_support_X": 1380.0, "eval_runtime": 30.5026, "eval_samples_per_second": 22.293, "eval_steps_per_second": 0.721}