{"eval_loss": 0.7998016476631165, "eval_token_acc": 0.7877594994406, "eval_f1_macro": 0.5937992829929498, "eval_prec_ADJ": 0.8526211671612265, "eval_f1_ADJ": 0.647390161472024, "eval_support_ADJ": 1652.0, "eval_prec_ADP": 0.9437074220150592, "eval_f1_ADP": 0.8495803744351195, "eval_support_ADP": 3407.0, "eval_prec_ADV": 0.35931174089068824, "eval_f1_ADV": 0.5174927113702624, "eval_support_ADV": 384.0, "eval_prec_AUX": 0.5752855659397715, "eval_f1_AUX": 0.5950590762620838, "eval_support_AUX": 899.0, "eval_prec_CCONJ": 0.9660056657223796, "eval_f1_CCONJ": 0.981294964028777, "eval_support_CCONJ": 1026.0, "eval_prec_DET": 0.5535714285714286, "eval_f1_DET": 0.34685314685314683, "eval_support_DET": 491.0, "eval_prec_INTJ": 0.0, "eval_f1_INTJ": 0.0, "eval_support_INTJ": 27.0, "eval_prec_NOUN": 0.8844499930642252, "eval_f1_NOUN": 0.826549131449313, "eval_support_NOUN": 8219.0, "eval_prec_NUM": 0.6612149532710281, "eval_f1_NUM": 0.7850208044382802, "eval_support_NUM": 293.0, "eval_prec_PART": 0.0, "eval_f1_PART": 0.0, "eval_support_PART": 28.0, "eval_prec_PRON": 0.6831530139103554, "eval_f1_PRON": 0.7305785123966942, "eval_support_PRON": 1126.0, "eval_prec_PROPN": 0.64049955396967, "eval_f1_PROPN": 0.6433691756272402, "eval_support_PROPN": 1111.0, "eval_prec_PUNCT": 0.8193647148871029, "eval_f1_PUNCT": 0.9007151872107699, "eval_support_PUNCT": 2141.0, "eval_prec_SCONJ": 0.8869047619047619, "eval_f1_SCONJ": 0.9141104294478528, "eval_support_SCONJ": 632.0, "eval_prec_SYM": 0.0, "eval_f1_SYM": 0.0, "eval_support_SYM": 0.0, "eval_prec_VERB": 0.6547049441786283, "eval_f1_VERB": 0.7627748528956333, "eval_support_VERB": 2696.0, "eval_prec_X": 0.0, "eval_f1_X": 0.0, "eval_support_X": 1.0, "eval_runtime": 17.6673, "eval_samples_per_second": 82.355, "eval_steps_per_second": 2.604}