{"eval_loss": 0.47408056259155273, "eval_token_acc": 0.8804365939010165, "eval_f1_macro": 0.6457703418473982, "eval_prec_ADJ": 0.8275229357798165, "eval_f1_ADJ": 0.7417763157894737, "eval_support_ADJ": 671.0, "eval_prec_ADP": 0.9710467706013363, "eval_f1_ADP": 0.9467969598262758, "eval_support_ADP": 1888.0, "eval_prec_ADV": 0.6997167138810199, "eval_f1_ADV": 0.6341463414634146, "eval_support_ADV": 426.0, "eval_prec_AUX": 0.8615819209039548, "eval_f1_AUX": 0.8905109489051095, "eval_support_AUX": 331.0, "eval_prec_CCONJ": 0.946949602122016, "eval_f1_CCONJ": 0.9224806201550387, "eval_support_CCONJ": 397.0, "eval_prec_DET": 0.9289772727272727, "eval_f1_DET": 0.944813637676972, "eval_support_DET": 1701.0, "eval_prec_INTJ": 0.0, "eval_f1_INTJ": 0.0, "eval_support_INTJ": 1.0, "eval_prec_NOUN": 0.9016829052258636, "eval_f1_NOUN": 0.905693950177936, "eval_support_NOUN": 2238.0, "eval_prec_NUM": 0.9230769230769231, "eval_f1_NUM": 0.8767123287671232, "eval_support_NUM": 230.0, "eval_prec_PART": 0.0, "eval_f1_PART": 0.0, "eval_support_PART": 1.0, "eval_prec_PRON": 0.6646090534979424, "eval_f1_PRON": 0.6886993603411514, "eval_support_PRON": 452.0, "eval_prec_PROPN": 0.7239488117001828, "eval_f1_PROPN": 0.8284518828451883, "eval_support_PROPN": 818.0, "eval_prec_PUNCT": 0.9612756264236902, "eval_f1_PUNCT": 0.9787398531117124, "eval_support_PUNCT": 1270.0, "eval_prec_SCONJ": 0.7214611872146118, "eval_f1_SCONJ": 0.5683453237410072, "eval_support_SCONJ": 337.0, "eval_prec_SYM": 0.0, "eval_f1_SYM": 0.0, "eval_support_SYM": 25.0, "eval_prec_VERB": 0.9592021758839528, "eval_f1_VERB": 0.9309282886053674, "eval_support_VERB": 1170.0, "eval_prec_X": 0.75, "eval_f1_X": 0.12, "eval_support_X": 46.0, "eval_runtime": 8.6859, "eval_samples_per_second": 49.16, "eval_steps_per_second": 1.612}