{"eval_loss": 1.6003834009170532, "eval_token_acc": 0.6183484290970847, "eval_f1_macro": 0.4919767849727698, "eval_prec_ADJ": 0.7935627081021087, "eval_f1_ADJ": 0.3725898905680042, "eval_support_ADJ": 2937.0, "eval_prec_ADP": 0.9776744186046512, "eval_f1_ADP": 0.9524241051200725, "eval_support_ADP": 4528.0, "eval_prec_ADV": 0.08132530120481928, "eval_f1_ADV": 0.140625, "eval_support_ADV": 104.0, "eval_prec_AUX": 0.28169014084507044, "eval_f1_AUX": 0.36231884057971014, "eval_support_AUX": 197.0, "eval_prec_CCONJ": 0.9695752009184845, "eval_f1_CCONJ": 0.911987041036717, "eval_support_CCONJ": 1962.0, "eval_prec_DET": 0.056228956228956226, "eval_f1_DET": 0.09295853047592541, "eval_support_DET": 623.0, "eval_prec_INTJ": 0.0, "eval_f1_INTJ": 0.0, "eval_support_INTJ": 0.0, "eval_prec_NOUN": 0.7727202353305466, "eval_f1_NOUN": 0.6236411345745345, "eval_support_NOUN": 9547.0, "eval_prec_NUM": 0.9592833876221498, "eval_f1_NUM": 0.8456568557071069, "eval_support_NUM": 779.0, "eval_prec_PART": 0.6305732484076433, "eval_f1_PART": 0.5169712793733682, "eval_support_PART": 226.0, "eval_prec_PRON": 0.4096209912536443, "eval_f1_PRON": 0.30896096756459596, "eval_support_PRON": 1133.0, "eval_prec_PROPN": 0.0074304889741131355, "eval_f1_PROPN": 0.014751368070425886, "eval_support_PROPN": 31.0, "eval_prec_PUNCT": 0.9965986394557823, "eval_f1_PUNCT": 0.9980535279805353, "eval_support_PUNCT": 2052.0, "eval_prec_SCONJ": 0.7765273311897106, "eval_f1_SCONJ": 0.8349178910976663, "eval_support_SCONJ": 535.0, "eval_prec_SYM": 0.0, "eval_f1_SYM": 0.0, "eval_support_SYM": 41.0, "eval_prec_VERB": 0.8632478632478633, "eval_f1_VERB": 0.8920291455067344, "eval_support_VERB": 2189.0, "eval_prec_X": 0.013452914798206279, "eval_f1_X": 0.0037429819089207735, "eval_support_X": 1380.0, "eval_runtime": 30.118, "eval_samples_per_second": 22.578, "eval_steps_per_second": 0.73}