{"eval_loss": 3.2947044372558594, "eval_token_acc": 0.24830590513068732, "eval_f1_macro": 0.06833327287731114, "eval_prec_ADJ": 0.06666666666666667, "eval_f1_ADJ": 0.005509641873278237, "eval_support_ADJ": 696.0, "eval_prec_ADP": 0.0, "eval_f1_ADP": 0.0, "eval_support_ADP": 152.0, "eval_prec_ADV": 0.08045977011494253, "eval_f1_ADV": 0.03856749311294766, "eval_support_ADV": 276.0, "eval_prec_AUX": 0.0, "eval_f1_AUX": 0.0, "eval_support_AUX": 254.0, "eval_prec_CCONJ": 0.0, "eval_f1_CCONJ": 0.0, "eval_support_CCONJ": 120.0, "eval_prec_DET": 0.0, "eval_f1_DET": 0.0, "eval_support_DET": 115.0, "eval_prec_INTJ": 0.0, "eval_f1_INTJ": 0.0, "eval_support_INTJ": 30.0, "eval_prec_NOUN": 0.46449704142011833, "eval_f1_NOUN": 0.1559473553513782, "eval_support_NOUN": 3351.0, "eval_prec_NUM": 0.8181818181818182, "eval_f1_NUM": 0.1267605633802817, "eval_support_NUM": 262.0, "eval_prec_PART": 0.0, "eval_f1_PART": 0.0, "eval_support_PART": 44.0, "eval_prec_PRON": 0.8955223880597015, "eval_f1_PRON": 0.15267175572519084, "eval_support_PRON": 719.0, "eval_prec_PROPN": 0.011299435028248588, "eval_f1_PROPN": 0.01904761904761905, "eval_support_PROPN": 33.0, "eval_prec_PUNCT": 0.3927678399692249, "eval_f1_PUNCT": 0.5638547563164434, "eval_support_PUNCT": 2044.0, "eval_prec_SCONJ": 0.0, "eval_f1_SCONJ": 0.0, "eval_support_SCONJ": 16.0, "eval_prec_SYM": 0.0, "eval_f1_SYM": 0.0, "eval_support_SYM": 0.0, "eval_prec_VERB": 0.6428571428571429, "eval_f1_VERB": 0.09774436090225563, "eval_support_VERB": 2212.0, "eval_prec_X": 0.0007822685788787483, "eval_f1_X": 0.0015620932048945586, "eval_support_X": 6.0, "eval_runtime": 12.7824, "eval_samples_per_second": 70.409, "eval_steps_per_second": 2.269}