{"eval_loss": 0.06634148955345154, "eval_token_acc": 0.9811320754716981, "eval_f1_macro": 0.9171069056634824, "eval_prec_ADJ": 0.9552980132450332, "eval_f1_ADJ": 0.9513602638087386, "eval_support_ADJ": 609.0, "eval_prec_ADP": 0.9939393939393939, "eval_f1_ADP": 0.9959514170040485, "eval_support_ADP": 1479.0, "eval_prec_ADV": 0.98125, "eval_f1_ADV": 0.9761658031088083, "eval_support_ADV": 485.0, "eval_prec_AUX": 0.9914529914529915, "eval_f1_AUX": 0.9802816901408451, "eval_support_AUX": 359.0, "eval_prec_CCONJ": 0.9921259842519685, "eval_f1_CCONJ": 0.9960474308300395, "eval_support_CCONJ": 252.0, "eval_prec_DET": 0.9979702300405954, "eval_f1_DET": 0.9976327358809605, "eval_support_DET": 1479.0, "eval_prec_INTJ": 0.75, "eval_f1_INTJ": 0.46153846153846156, "eval_support_INTJ": 9.0, "eval_prec_NOUN": 0.9734888653234358, "eval_f1_NOUN": 0.9776357827476039, "eval_support_NOUN": 1870.0, "eval_prec_NUM": 0.9741379310344828, "eval_f1_NUM": 0.9804772234273319, "eval_support_NUM": 229.0, "eval_prec_PART": 0.0, "eval_f1_PART": 0.0, "eval_support_PART": 0.0, "eval_prec_PRON": 0.9840425531914894, "eval_f1_PRON": 0.9893048128342246, "eval_support_PRON": 558.0, "eval_prec_PROPN": 0.9612903225806452, "eval_f1_PROPN": 0.9390756302521008, "eval_support_PROPN": 487.0, "eval_prec_PUNCT": 0.9974768713204374, "eval_f1_PUNCT": 0.9987368421052631, "eval_support_PUNCT": 1186.0, "eval_prec_SCONJ": 0.991869918699187, "eval_f1_SCONJ": 0.9721115537848606, "eval_support_SCONJ": 128.0, "eval_prec_SYM": 1.0, "eval_f1_SYM": 0.9166666666666666, "eval_support_SYM": 39.0, "eval_prec_VERB": 0.9583333333333334, "eval_f1_VERB": 0.9692956050571945, "eval_support_VERB": 821.0, "eval_prec_X": 0.5517241379310345, "eval_f1_X": 0.5714285714285714, "eval_support_X": 27.0, "eval_runtime": 6.8176, "eval_samples_per_second": 61.019, "eval_steps_per_second": 1.907}