{"eval_loss": 0.45760878920555115, "eval_token_acc": 0.8880538214437239, "eval_f1_macro": 0.6808938305416004, "eval_prec_ADJ": 0.9093686354378818, "eval_f1_ADJ": 0.8005378753922008, "eval_support_ADJ": 1249.0, "eval_prec_ADP": 0.8011634056054997, "eval_f1_ADP": 0.8672009158557528, "eval_support_ADP": 1603.0, "eval_prec_ADV": 0.6835883171070932, "eval_f1_ADV": 0.7876602564102564, "eval_support_ADV": 1058.0, "eval_prec_AUX": 0.9607843137254902, "eval_f1_AUX": 0.8610223642172524, "eval_support_AUX": 691.0, "eval_prec_CCONJ": 0.9534368070953437, "eval_f1_CCONJ": 0.9440175631174533, "eval_support_CCONJ": 460.0, "eval_prec_DET": 0.9884678747940692, "eval_f1_DET": 0.8812729498164015, "eval_support_DET": 2264.0, "eval_prec_INTJ": 0.0, "eval_f1_INTJ": 0.0, "eval_support_INTJ": 4.0, "eval_prec_NOUN": 0.9675585284280936, "eval_f1_NOUN": 0.9483691198164236, "eval_support_NOUN": 3111.0, "eval_prec_NUM": 0.759075907590759, "eval_f1_NUM": 0.8582089552238806, "eval_support_NUM": 233.0, "eval_prec_PART": 0.0, "eval_f1_PART": 0.0, "eval_support_PART": 210.0, "eval_prec_PRON": 0.8660477453580901, "eval_f1_PRON": 0.8951336531871145, "eval_support_PRON": 705.0, "eval_prec_PROPN": 0.8066202090592335, "eval_f1_PROPN": 0.8534562211981567, "eval_support_PROPN": 1022.0, "eval_prec_PUNCT": 0.9953684210526316, "eval_f1_PUNCT": 0.9972579624551783, "eval_support_PUNCT": 2366.0, "eval_prec_SCONJ": 0.7696969696969697, "eval_f1_SCONJ": 0.7627627627627628, "eval_support_SCONJ": 168.0, "eval_prec_SYM": 0.0, "eval_f1_SYM": 0.0, "eval_support_SYM": 4.0, "eval_prec_VERB": 0.8310767246937459, "eval_f1_VERB": 0.8960722975321516, "eval_support_VERB": 1326.0, "eval_prec_X": 0.15384615384615385, "eval_f1_X": 0.2222222222222222, "eval_support_X": 25.0, "eval_runtime": 11.2191, "eval_samples_per_second": 87.084, "eval_steps_per_second": 2.763}