{"eval_loss": 4.398530960083008, "eval_token_acc": 0.21616650532429815, "eval_f1_macro": 0.057330917615013466, "eval_prec_ADJ": 0.2222222222222222, "eval_f1_ADJ": 0.005673758865248227, "eval_support_ADJ": 696.0, "eval_prec_ADP": 0.0, "eval_f1_ADP": 0.0, "eval_support_ADP": 152.0, "eval_prec_ADV": 0.0875, "eval_f1_ADV": 0.03932584269662921, "eval_support_ADV": 276.0, "eval_prec_AUX": 0.0, "eval_f1_AUX": 0.0, "eval_support_AUX": 254.0, "eval_prec_CCONJ": 0.0, "eval_f1_CCONJ": 0.0, "eval_support_CCONJ": 120.0, "eval_prec_DET": 0.0, "eval_f1_DET": 0.0, "eval_support_DET": 115.0, "eval_prec_INTJ": 0.0, "eval_f1_INTJ": 0.0, "eval_support_INTJ": 30.0, "eval_prec_NOUN": 0.5267175572519084, "eval_f1_NOUN": 0.03963239517518667, "eval_support_NOUN": 3351.0, "eval_prec_NUM": 0.8181818181818182, "eval_f1_NUM": 0.1267605633802817, "eval_support_NUM": 262.0, "eval_prec_PART": 0.0, "eval_f1_PART": 0.0, "eval_support_PART": 44.0, "eval_prec_PRON": 0.8148148148148148, "eval_f1_PRON": 0.058981233243967826, "eval_support_PRON": 719.0, "eval_prec_PROPN": 0.012997562956945572, "eval_f1_PROPN": 0.02531645569620253, "eval_support_PROPN": 33.0, "eval_prec_PUNCT": 0.408366121350176, "eval_f1_PUNCT": 0.5738396624472574, "eval_support_PUNCT": 2044.0, "eval_prec_SCONJ": 0.0, "eval_f1_SCONJ": 0.0, "eval_support_SCONJ": 16.0, "eval_prec_SYM": 0.0, "eval_f1_SYM": 0.0, "eval_support_SYM": 0.0, "eval_prec_VERB": 0.6231155778894473, "eval_f1_VERB": 0.10286188303608461, "eval_support_VERB": 2212.0, "eval_prec_X": 0.001119402985074627, "eval_f1_X": 0.0022338049143708115, "eval_support_X": 6.0, "eval_runtime": 11.2976, "eval_samples_per_second": 79.663, "eval_steps_per_second": 2.567}