{"eval_loss": 1.48636794090271, "eval_token_acc": 0.6679781046869655, "eval_f1_macro": 0.5025231618479473, "eval_prec_ADJ": 0.4888888888888889, "eval_f1_ADJ": 0.5179856115107914, "eval_support_ADJ": 719.0, "eval_prec_ADP": 0.5673624288425048, "eval_f1_ADP": 0.7039434961742201, "eval_support_ADP": 645.0, "eval_prec_ADV": 0.623608017817372, "eval_f1_ADV": 0.583941605839416, "eval_support_ADV": 1020.0, "eval_prec_AUX": 0.3485915492957746, "eval_f1_AUX": 0.376425855513308, "eval_support_AUX": 242.0, "eval_prec_CCONJ": 0.7185929648241206, "eval_f1_CCONJ": 0.8338192419825073, "eval_support_CCONJ": 144.0, "eval_prec_DET": 0.5639097744360902, "eval_f1_DET": 0.702576112412178, "eval_support_DET": 161.0, "eval_prec_INTJ": 0.12857142857142856, "eval_f1_INTJ": 0.20689655172413793, "eval_support_INTJ": 17.0, "eval_prec_NOUN": 0.619285535848114, "eval_f1_NOUN": 0.7050625711035268, "eval_support_NOUN": 3029.0, "eval_prec_NUM": 0.9730941704035875, "eval_f1_NUM": 0.8821138211382114, "eval_support_NUM": 269.0, "eval_prec_PART": 0.0, "eval_f1_PART": 0.0, "eval_support_PART": 89.0, "eval_prec_PRON": 0.5703839122486288, "eval_f1_PRON": 0.5788497217068646, "eval_support_PRON": 531.0, "eval_prec_PROPN": 0.7046109510086456, "eval_f1_PROPN": 0.7799043062200957, "eval_support_PROPN": 560.0, "eval_prec_PUNCT": 0.9924242424242424, "eval_f1_PUNCT": 0.9961977186311787, "eval_support_PUNCT": 1703.0, "eval_prec_SCONJ": 0.5142857142857142, "eval_f1_SCONJ": 0.27586206896551724, "eval_support_SCONJ": 382.0, "eval_prec_SYM": 0.0, "eval_f1_SYM": 0.0, "eval_support_SYM": 7.0, "eval_prec_VERB": 0.7417302798982188, "eval_f1_VERB": 0.3993150684931507, "eval_support_VERB": 2134.0, "eval_prec_X": 0.0, "eval_f1_X": 0.0, "eval_support_X": 40.0, "eval_runtime": 5.8815, "eval_samples_per_second": 136.02, "eval_steps_per_second": 4.251}