{"eval_loss": 2.5166432857513428, "eval_token_acc": 0.2762872854524246, "eval_f1_macro": 0.08817775131500806, "eval_prec_ADJ": 0.15384615384615385, "eval_f1_ADJ": 0.005847953216374269, "eval_support_ADJ": 671.0, "eval_prec_ADP": 0.0, "eval_f1_ADP": 0.0, "eval_support_ADP": 1888.0, "eval_prec_ADV": 0.0, "eval_f1_ADV": 0.0, "eval_support_ADV": 426.0, "eval_prec_AUX": 0.0, "eval_f1_AUX": 0.0, "eval_support_AUX": 331.0, "eval_prec_CCONJ": 0.0, "eval_f1_CCONJ": 0.0, "eval_support_CCONJ": 397.0, "eval_prec_DET": 0.0, "eval_f1_DET": 0.0, "eval_support_DET": 1701.0, "eval_prec_INTJ": 0.0, "eval_f1_INTJ": 0.0, "eval_support_INTJ": 1.0, "eval_prec_NOUN": 0.4149874055415617, "eval_f1_NOUN": 0.4868858514961212, "eval_support_NOUN": 2238.0, "eval_prec_NUM": 0.75, "eval_f1_NUM": 0.2222222222222222, "eval_support_NUM": 230.0, "eval_prec_PART": 0.0, "eval_f1_PART": 0.0, "eval_support_PART": 1.0, "eval_prec_PRON": 0.1347517730496454, "eval_f1_PRON": 0.06408094435075885, "eval_support_PRON": 452.0, "eval_prec_PROPN": 0.0, "eval_f1_PROPN": 0.0, "eval_support_PROPN": 818.0, "eval_prec_PUNCT": 0.20374556021956733, "eval_f1_PUNCT": 0.33815648445873525, "eval_support_PUNCT": 1270.0, "eval_prec_SCONJ": 0.0, "eval_f1_SCONJ": 0.0, "eval_support_SCONJ": 337.0, "eval_prec_SYM": 0.0, "eval_f1_SYM": 0.0, "eval_support_SYM": 25.0, "eval_prec_VERB": 0.28329197684036395, "eval_f1_VERB": 0.3818283166109253, "eval_support_VERB": 1170.0, "eval_prec_X": 0.0, "eval_f1_X": 0.0, "eval_support_X": 46.0, "eval_runtime": 8.7265, "eval_samples_per_second": 48.931, "eval_steps_per_second": 1.604}