{"eval_loss": 2.269763231277466, "eval_token_acc": 0.41897386253630203, "eval_f1_macro": 0.11541616200190044, "eval_prec_ADJ": 0.125, "eval_f1_ADJ": 0.0325, "eval_support_ADJ": 696.0, "eval_prec_ADP": 0.0, "eval_f1_ADP": 0.0, "eval_support_ADP": 152.0, "eval_prec_ADV": 0.078125, "eval_f1_ADV": 0.029411764705882353, "eval_support_ADV": 276.0, "eval_prec_AUX": 0.0, "eval_f1_AUX": 0.0, "eval_support_AUX": 254.0, "eval_prec_CCONJ": 0.0, "eval_f1_CCONJ": 0.0, "eval_support_CCONJ": 120.0, "eval_prec_DET": 0.03125, "eval_f1_DET": 0.013605442176870748, "eval_support_DET": 115.0, "eval_prec_INTJ": 0.0, "eval_f1_INTJ": 0.0, "eval_support_INTJ": 30.0, "eval_prec_NOUN": 0.4352122164832697, "eval_f1_NOUN": 0.49666837519220913, "eval_support_NOUN": 3351.0, "eval_prec_NUM": 0.8181818181818182, "eval_f1_NUM": 0.1267605633802817, "eval_support_NUM": 262.0, "eval_prec_PART": 0.0, "eval_f1_PART": 0.0, "eval_support_PART": 44.0, "eval_prec_PRON": 0.41901408450704225, "eval_f1_PRON": 0.23728813559322035, "eval_support_PRON": 719.0, "eval_prec_PROPN": 0.019101123595505618, "eval_f1_PROPN": 0.03683640303358613, "eval_support_PROPN": 33.0, "eval_prec_PUNCT": 0.5720303285593934, "eval_f1_PUNCT": 0.7268510258697591, "eval_support_PUNCT": 2044.0, "eval_prec_SCONJ": 0.0, "eval_f1_SCONJ": 0.0, "eval_support_SCONJ": 16.0, "eval_prec_SYM": 0.0, "eval_f1_SYM": 0.0, "eval_support_SYM": 0.0, "eval_prec_VERB": 0.6370106761565836, "eval_f1_VERB": 0.143602085840353, "eval_support_VERB": 2212.0, "eval_prec_X": 0.0015822784810126582, "eval_f1_X": 0.003134796238244514, "eval_support_X": 6.0, "eval_runtime": 11.1346, "eval_samples_per_second": 80.829, "eval_steps_per_second": 2.604}