{"eval_loss": 2.0798213481903076, "eval_token_acc": 0.4030106055422511, "eval_f1_macro": 0.10417125625992876, "eval_prec_ADJ": 0.23076923076923078, "eval_f1_ADJ": 0.00819672131147541, "eval_support_ADJ": 719.0, "eval_prec_ADP": 0.0, "eval_f1_ADP": 0.0, "eval_support_ADP": 645.0, "eval_prec_ADV": 0.0, "eval_f1_ADV": 0.0, "eval_support_ADV": 1020.0, "eval_prec_AUX": 0.0, "eval_f1_AUX": 0.0, "eval_support_AUX": 242.0, "eval_prec_CCONJ": 0.0, "eval_f1_CCONJ": 0.0, "eval_support_CCONJ": 144.0, "eval_prec_DET": 0.0, "eval_f1_DET": 0.0, "eval_support_DET": 161.0, "eval_prec_INTJ": 0.0, "eval_f1_INTJ": 0.0, "eval_support_INTJ": 17.0, "eval_prec_NOUN": 0.5886126704089816, "eval_f1_NOUN": 0.5315951475647294, "eval_support_NOUN": 3029.0, "eval_prec_NUM": 1.0, "eval_f1_NUM": 0.05776173285198556, "eval_support_NUM": 269.0, "eval_prec_PART": 0.0, "eval_f1_PART": 0.0, "eval_support_PART": 89.0, "eval_prec_PRON": 0.26148409893992935, "eval_f1_PRON": 0.18181818181818182, "eval_support_PRON": 531.0, "eval_prec_PROPN": 0.0, "eval_f1_PROPN": 0.0, "eval_support_PROPN": 560.0, "eval_prec_PUNCT": 0.3535311324697033, "eval_f1_PUNCT": 0.521497919556172, "eval_support_PUNCT": 1703.0, "eval_prec_SCONJ": 0.0, "eval_f1_SCONJ": 0.0, "eval_support_SCONJ": 382.0, "eval_prec_SYM": 0.0, "eval_f1_SYM": 0.0, "eval_support_SYM": 7.0, "eval_prec_VERB": 0.3571080817916261, "eval_f1_VERB": 0.4700416533162448, "eval_support_VERB": 2134.0, "eval_prec_X": 0.0, "eval_f1_X": 0.0, "eval_support_X": 40.0, "eval_runtime": 5.9319, "eval_samples_per_second": 134.864, "eval_steps_per_second": 4.214}