{"eval_loss": 1.0410529375076294, "eval_token_acc": 0.6918702544715188, "eval_f1_macro": 0.47955605182530886, "eval_prec_ADJ": 0.6412776412776413, "eval_f1_ADJ": 0.45569620253164556, "eval_support_ADJ": 1477.0, "eval_prec_ADP": 0.872168284789644, "eval_f1_ADP": 0.8633496846531185, "eval_support_ADP": 5045.0, "eval_prec_ADV": 0.39196675900277006, "eval_f1_ADV": 0.4728487886382623, "eval_support_ADV": 950.0, "eval_prec_AUX": 0.5807407407407408, "eval_f1_AUX": 0.5868263473053892, "eval_support_AUX": 661.0, "eval_prec_CCONJ": 0.9444444444444444, "eval_f1_CCONJ": 0.7673611111111112, "eval_support_CCONJ": 1026.0, "eval_prec_DET": 0.9689839572192513, "eval_f1_DET": 0.3217900905700586, "eval_support_DET": 4696.0, "eval_prec_INTJ": 0.0, "eval_f1_INTJ": 0.0, "eval_support_INTJ": 0.0, "eval_prec_NOUN": 0.5762545096753033, "eval_f1_NOUN": 0.7156336976444233, "eval_support_NOUN": 5584.0, "eval_prec_NUM": 0.30413820811570913, "eval_f1_NUM": 0.45261584454409565, "eval_support_NUM": 856.0, "eval_prec_PART": 0.0, "eval_f1_PART": 0.0, "eval_support_PART": 46.0, "eval_prec_PRON": 0.4632258064516129, "eval_f1_PRON": 0.47299077733860345, "eval_support_PRON": 743.0, "eval_prec_PROPN": 0.8785365853658537, "eval_f1_PROPN": 0.6824554755589238, "eval_support_PROPN": 3228.0, "eval_prec_PUNCT": 0.8803632236095347, "eval_f1_PUNCT": 0.9147305106734285, "eval_support_PUNCT": 4074.0, "eval_prec_SCONJ": 0.07311320754716981, "eval_f1_SCONJ": 0.11397058823529412, "eval_support_SCONJ": 120.0, "eval_prec_SYM": 0.0, "eval_f1_SYM": 0.0, "eval_support_SYM": 107.0, "eval_prec_VERB": 0.8797876374668183, "eval_f1_VERB": 0.852627710400588, "eval_support_VERB": 2805.0, "eval_prec_X": 0.0, "eval_f1_X": 0.0, "eval_support_X": 59.0, "eval_runtime": 20.0721, "eval_samples_per_second": 59.785, "eval_steps_per_second": 1.893}