{"eval_loss": 2.2931675910949707, "eval_token_acc": 0.38695867534673084, "eval_f1_macro": 0.09887273893022758, "eval_prec_ADJ": 0.025, "eval_f1_ADJ": 0.0006718172657037286, "eval_support_ADJ": 2937.0, "eval_prec_ADP": 0.0, "eval_f1_ADP": 0.0, "eval_support_ADP": 4528.0, "eval_prec_ADV": 0.0, "eval_f1_ADV": 0.0, "eval_support_ADV": 104.0, "eval_prec_AUX": 0.0, "eval_f1_AUX": 0.0, "eval_support_AUX": 197.0, "eval_prec_CCONJ": 0.0, "eval_f1_CCONJ": 0.0, "eval_support_CCONJ": 1962.0, "eval_prec_DET": 0.0, "eval_f1_DET": 0.0, "eval_support_DET": 623.0, "eval_prec_INTJ": 0.0, "eval_f1_INTJ": 0.0, "eval_support_INTJ": 0.0, "eval_prec_NOUN": 0.5070128514580208, "eval_f1_NOUN": 0.6248593021386075, "eval_support_NOUN": 9547.0, "eval_prec_NUM": 0.40441176470588236, "eval_f1_NUM": 0.2093244529019981, "eval_support_NUM": 779.0, "eval_prec_PART": 0.0, "eval_f1_PART": 0.0, "eval_support_PART": 226.0, "eval_prec_PRON": 0.08273381294964029, "eval_f1_PRON": 0.03260099220411056, "eval_support_PRON": 1133.0, "eval_prec_PROPN": 0.0, "eval_f1_PROPN": 0.0, "eval_support_PROPN": 31.0, "eval_prec_PUNCT": 0.24471445929526123, "eval_f1_PUNCT": 0.3917525773195876, "eval_support_PUNCT": 2052.0, "eval_prec_SCONJ": 0.0, "eval_f1_SCONJ": 0.0, "eval_support_SCONJ": 535.0, "eval_prec_SYM": 0.0, "eval_f1_SYM": 0.0, "eval_support_SYM": 41.0, "eval_prec_VERB": 0.24726477024070023, "eval_f1_VERB": 0.32275468105363375, "eval_support_VERB": 2189.0, "eval_prec_X": 0.0, "eval_f1_X": 0.0, "eval_support_X": 1380.0, "eval_runtime": 30.5939, "eval_samples_per_second": 22.227, "eval_steps_per_second": 0.719}