{"eval_loss": 0.12443393468856812, "eval_token_acc": 0.967876841020668, "eval_f1_macro": 0.8409572425737863, "eval_prec_ADJ": 0.9520325203252032, "eval_f1_ADJ": 0.9447357805566761, "eval_support_ADJ": 1249.0, "eval_prec_ADP": 0.9851301115241635, "eval_f1_ADP": 0.9884986011812248, "eval_support_ADP": 1603.0, "eval_prec_ADV": 0.9382022471910112, "eval_f1_ADV": 0.9426152398871119, "eval_support_ADV": 1058.0, "eval_prec_AUX": 0.9579242636746143, "eval_f1_AUX": 0.9729344729344729, "eval_support_AUX": 691.0, "eval_prec_CCONJ": 0.9755011135857461, "eval_f1_CCONJ": 0.9636963696369637, "eval_support_CCONJ": 460.0, "eval_prec_DET": 0.9942554131683606, "eval_f1_DET": 0.9940357852882704, "eval_support_DET": 2264.0, "eval_prec_INTJ": 0.0, "eval_f1_INTJ": 0.0, "eval_support_INTJ": 4.0, "eval_prec_NOUN": 0.9796869796869797, "eval_f1_NOUN": 0.962381419692509, "eval_support_NOUN": 3111.0, "eval_prec_NUM": 0.9736842105263158, "eval_f1_NUM": 0.9631236442516269, "eval_support_NUM": 233.0, "eval_prec_PART": 0.9950980392156863, "eval_f1_PART": 0.9806763285024155, "eval_support_PART": 210.0, "eval_prec_PRON": 0.9858956276445698, "eval_f1_PRON": 0.9886845827439887, "eval_support_PRON": 705.0, "eval_prec_PROPN": 0.8250211327134404, "eval_f1_PROPN": 0.8852607709750567, "eval_support_PROPN": 1022.0, "eval_prec_PUNCT": 0.9970476592155209, "eval_f1_PUNCT": 0.9981000633312223, "eval_support_PUNCT": 2366.0, "eval_prec_SCONJ": 0.9483870967741935, "eval_f1_SCONJ": 0.9102167182662538, "eval_support_SCONJ": 168.0, "eval_prec_SYM": 0.6666666666666666, "eval_f1_SYM": 0.5714285714285714, "eval_support_SYM": 4.0, "eval_prec_VERB": 0.9815384615384616, "eval_f1_VERB": 0.9718202589489718, "eval_support_VERB": 1326.0, "eval_prec_X": 0.6666666666666666, "eval_f1_X": 0.25806451612903225, "eval_support_X": 25.0, "eval_runtime": 11.7802, "eval_samples_per_second": 82.936, "eval_steps_per_second": 2.632}