{"eval_loss": 1.1363098621368408, "eval_token_acc": 0.7558024341919048, "eval_f1_macro": 0.514691600789361, "eval_prec_ADJ": 0.9408970976253298, "eval_f1_ADJ": 0.7379966887417219, "eval_support_ADJ": 2937.0, "eval_prec_ADP": 0.9660943273201478, "eval_f1_ADP": 0.9738196954759557, "eval_support_ADP": 4528.0, "eval_prec_ADV": 0.04618473895582329, "eval_f1_ADV": 0.08363636363636363, "eval_support_ADV": 104.0, "eval_prec_AUX": 0.3446327683615819, "eval_f1_AUX": 0.32620320855614976, "eval_support_AUX": 197.0, "eval_prec_CCONJ": 0.9557618787547788, "eval_f1_CCONJ": 0.9227524387028737, "eval_support_CCONJ": 1962.0, "eval_prec_DET": 0.0004923682914820286, "eval_f1_DET": 0.0007535795026375283, "eval_support_DET": 623.0, "eval_prec_INTJ": 0.0, "eval_f1_INTJ": 0.0, "eval_support_INTJ": 0.0, "eval_prec_NOUN": 0.9302357269382749, "eval_f1_NOUN": 0.8085988392751392, "eval_support_NOUN": 9547.0, "eval_prec_NUM": 0.8876811594202898, "eval_f1_NUM": 0.9147479775980087, "eval_support_NUM": 779.0, "eval_prec_PART": 0.0, "eval_f1_PART": 0.0, "eval_support_PART": 226.0, "eval_prec_PRON": 0.7841509433962264, "eval_f1_PRON": 0.8454027664768105, "eval_support_PRON": 1133.0, "eval_prec_PROPN": 0.014908256880733946, "eval_f1_PROPN": 0.029295774647887324, "eval_support_PROPN": 31.0, "eval_prec_PUNCT": 0.9937015503875969, "eval_f1_PUNCT": 0.9965986394557823, "eval_support_PUNCT": 2052.0, "eval_prec_SCONJ": 0.5477903391572456, "eval_f1_SCONJ": 0.7068965517241379, "eval_support_SCONJ": 535.0, "eval_prec_SYM": 0.0, "eval_f1_SYM": 0.0, "eval_support_SYM": 41.0, "eval_prec_VERB": 0.8394308943089431, "eval_f1_VERB": 0.8883630888363089, "eval_support_VERB": 2189.0, "eval_prec_X": 0.0, "eval_f1_X": 0.0, "eval_support_X": 1380.0, "eval_runtime": 30.2299, "eval_samples_per_second": 22.494, "eval_steps_per_second": 0.728}