{"eval_loss": 0.9795987606048584, "eval_token_acc": 0.7551071147391538, "eval_f1_macro": 0.5110731410299009, "eval_prec_ADJ": 0.7832817337461301, "eval_f1_ADJ": 0.6875, "eval_support_ADJ": 1652.0, "eval_prec_ADP": 0.9805168986083499, "eval_f1_ADP": 0.8328267477203647, "eval_support_ADP": 3407.0, "eval_prec_ADV": 0.39171597633136096, "eval_f1_ADV": 0.5386493083807974, "eval_support_ADV": 384.0, "eval_prec_AUX": 0.8926829268292683, "eval_f1_AUX": 0.5592055003819709, "eval_support_AUX": 899.0, "eval_prec_CCONJ": 0.7233592095977417, "eval_f1_CCONJ": 0.8391322144903807, "eval_support_CCONJ": 1026.0, "eval_prec_DET": 0.7404580152671756, "eval_f1_DET": 0.7645320197044335, "eval_support_DET": 491.0, "eval_prec_INTJ": 0.0, "eval_f1_INTJ": 0.0, "eval_support_INTJ": 27.0, "eval_prec_NOUN": 0.9268062332756178, "eval_f1_NOUN": 0.8081251715618996, "eval_support_NOUN": 8219.0, "eval_prec_NUM": 0.6920731707317073, "eval_f1_NUM": 0.7310789049919485, "eval_support_NUM": 293.0, "eval_prec_PART": 0.0, "eval_f1_PART": 0.0, "eval_support_PART": 28.0, "eval_prec_PRON": 0.41379310344827586, "eval_f1_PRON": 0.537647790914748, "eval_support_PRON": 1126.0, "eval_prec_PROPN": 0.5880026367831246, "eval_f1_PROPN": 0.6788432267884322, "eval_support_PROPN": 1111.0, "eval_prec_PUNCT": 0.9575134168157424, "eval_f1_PUNCT": 0.9782956362805575, "eval_support_PUNCT": 2141.0, "eval_prec_SCONJ": 1.0, "eval_f1_SCONJ": 0.009448818897637795, "eval_support_SCONJ": 632.0, "eval_prec_SYM": 0.0, "eval_f1_SYM": 0.0, "eval_support_SYM": 0.0, "eval_prec_VERB": 0.5755711775043937, "eval_f1_VERB": 0.7229580573951435, "eval_support_VERB": 2696.0, "eval_prec_X": 0.0, "eval_f1_X": 0.0, "eval_support_X": 1.0, "eval_runtime": 17.8844, "eval_samples_per_second": 81.356, "eval_steps_per_second": 2.572}