{"eval_loss": 2.5612950325012207, "eval_token_acc": 0.27064205610445724, "eval_f1_macro": 0.0872268207430958, "eval_prec_ADJ": 0.1111111111111111, "eval_f1_ADJ": 0.006570302233902759, "eval_support_ADJ": 1477.0, "eval_prec_ADP": 0.0, "eval_f1_ADP": 0.0, "eval_support_ADP": 5045.0, "eval_prec_ADV": 0.0, "eval_f1_ADV": 0.0, "eval_support_ADV": 950.0, "eval_prec_AUX": 0.0, "eval_f1_AUX": 0.0, "eval_support_AUX": 661.0, "eval_prec_CCONJ": 0.0, "eval_f1_CCONJ": 0.0, "eval_support_CCONJ": 1026.0, "eval_prec_DET": 0.0, "eval_f1_DET": 0.0, "eval_support_DET": 4696.0, "eval_prec_INTJ": 0.0, "eval_f1_INTJ": 0.0, "eval_support_INTJ": 0.0, "eval_prec_NOUN": 0.3578270733551802, "eval_f1_NOUN": 0.4200325491936677, "eval_support_NOUN": 5584.0, "eval_prec_NUM": 0.8253968253968254, "eval_f1_NUM": 0.21181262729124237, "eval_support_NUM": 856.0, "eval_prec_PART": 0.0, "eval_f1_PART": 0.0, "eval_support_PART": 46.0, "eval_prec_PRON": 0.05060728744939271, "eval_f1_PRON": 0.04042037186742118, "eval_support_PRON": 743.0, "eval_prec_PROPN": 0.0, "eval_f1_PROPN": 0.0, "eval_support_PROPN": 3228.0, "eval_prec_PUNCT": 0.2673227010519172, "eval_f1_PUNCT": 0.41884204370248285, "eval_support_PUNCT": 4074.0, "eval_prec_SCONJ": 0.0, "eval_f1_SCONJ": 0.0, "eval_support_SCONJ": 120.0, "eval_prec_SYM": 0.0, "eval_f1_SYM": 0.0, "eval_support_SYM": 107.0, "eval_prec_VERB": 0.2013279879729391, "eval_f1_VERB": 0.2979512376008158, "eval_support_VERB": 2805.0, "eval_prec_X": 0.0, "eval_f1_X": 0.0, "eval_support_X": 59.0, "eval_runtime": 18.9677, "eval_samples_per_second": 63.266, "eval_steps_per_second": 2.003}