{"eval_loss": 0.6902549862861633, "eval_token_acc": 0.8302383039770463, "eval_f1_macro": 0.6316356219797542, "eval_prec_ADJ": 0.8442569759896171, "eval_f1_ADJ": 0.7816161009312106, "eval_support_ADJ": 1788.0, "eval_prec_ADP": 0.9086848635235732, "eval_f1_ADP": 0.9064356435643565, "eval_support_ADP": 2025.0, "eval_prec_ADV": 0.6876731301939059, "eval_f1_ADV": 0.7537001897533206, "eval_support_ADV": 1191.0, "eval_prec_AUX": 0.9445392491467577, "eval_f1_AUX": 0.8154696132596685, "eval_support_AUX": 1543.0, "eval_prec_CCONJ": 0.703921568627451, "eval_f1_CCONJ": 0.8177676537585421, "eval_support_CCONJ": 736.0, "eval_prec_DET": 0.8176014591883265, "eval_f1_DET": 0.8767726161369194, "eval_support_DET": 1897.0, "eval_prec_INTJ": 0.0, "eval_f1_INTJ": 0.0, "eval_support_INTJ": 121.0, "eval_prec_NOUN": 0.9227674979887369, "eval_f1_NOUN": 0.8764645950076414, "eval_support_NOUN": 4123.0, "eval_prec_NUM": 0.8593220338983051, "eval_f1_NUM": 0.8957597173144877, "eval_support_NUM": 542.0, "eval_prec_PART": 0.35294117647058826, "eval_f1_PART": 0.018018018018018018, "eval_support_PART": 649.0, "eval_prec_PRON": 0.8962025316455696, "eval_f1_PRON": 0.8552790529113312, "eval_support_PRON": 2164.0, "eval_prec_PROPN": 0.6884194643530743, "eval_f1_PROPN": 0.7723233178163351, "eval_support_PROPN": 2075.0, "eval_prec_PUNCT": 0.9283143371325735, "eval_f1_PUNCT": 0.9626749611197511, "eval_support_PUNCT": 3096.0, "eval_prec_SCONJ": 0.006688963210702341, "eval_f1_SCONJ": 0.005856515373352855, "eval_support_SCONJ": 384.0, "eval_prec_SYM": 1.0, "eval_f1_SYM": 0.5228758169934641, "eval_support_SYM": 113.0, "eval_prec_VERB": 0.8121621621621622, "eval_f1_VERB": 0.8639712488769092, "eval_support_VERB": 2605.0, "eval_prec_X": 0.008771929824561403, "eval_f1_X": 0.01282051282051282, "eval_support_X": 42.0, "eval_runtime": 24.6194, "eval_samples_per_second": 84.365, "eval_steps_per_second": 2.64}