{"eval_loss": 1.331058144569397, "eval_token_acc": 0.6165119687347338, "eval_f1_macro": 0.4809228273766335, "eval_prec_ADJ": 0.7418546365914787, "eval_f1_ADJ": 0.5376930063578564, "eval_support_ADJ": 702.0, "eval_prec_ADP": 0.7768456375838926, "eval_f1_ADP": 0.5995467788928456, "eval_support_ADP": 1897.0, "eval_prec_ADV": 0.5512367491166078, "eval_f1_ADV": 0.43575418994413406, "eval_support_ADV": 433.0, "eval_prec_AUX": 0.13703703703703704, "eval_f1_AUX": 0.1766109785202864, "eval_support_AUX": 149.0, "eval_prec_CCONJ": 0.925531914893617, "eval_f1_CCONJ": 0.8613861386138614, "eval_support_CCONJ": 432.0, "eval_prec_DET": 0.8434782608695652, "eval_f1_DET": 0.23965410747374924, "eval_support_DET": 1389.0, "eval_prec_INTJ": 0.0, "eval_f1_INTJ": 0.0, "eval_support_INTJ": 0.0, "eval_prec_NOUN": 0.7393617021276596, "eval_f1_NOUN": 0.7754532775453278, "eval_support_NOUN": 3069.0, "eval_prec_NUM": 0.7371273712737128, "eval_f1_NUM": 0.8292682926829268, "eval_support_NUM": 287.0, "eval_prec_PART": 0.0, "eval_f1_PART": 0.0, "eval_support_PART": 0.0, "eval_prec_PRON": 0.6098654708520179, "eval_f1_PRON": 0.39477503628447025, "eval_support_PRON": 466.0, "eval_prec_PROPN": 0.5768799102132436, "eval_f1_PROPN": 0.6993197278911565, "eval_support_PROPN": 579.0, "eval_prec_PUNCT": 0.7638274336283186, "eval_f1_PUNCT": 0.8650172251800814, "eval_support_PUNCT": 1385.0, "eval_prec_SCONJ": 0.41134751773049644, "eval_f1_SCONJ": 0.20863309352517986, "eval_support_SCONJ": 415.0, "eval_prec_SYM": 0.0, "eval_f1_SYM": 0.0, "eval_support_SYM": 0.0, "eval_prec_VERB": 0.5105227427019687, "eval_f1_VERB": 0.5907305577376276, "eval_support_VERB": 1073.0, "eval_prec_X": 0.0, "eval_f1_X": 0.0, "eval_support_X": 6.0, "eval_runtime": 10.238, "eval_samples_per_second": 47.959, "eval_steps_per_second": 1.563}