{"eval_loss": 1.5693352222442627, "eval_token_acc": 0.642867251627512, "eval_f1_macro": 0.4795221319370372, "eval_prec_ADJ": 0.8957983193277311, "eval_f1_ADJ": 0.8019559902200489, "eval_support_ADJ": 2937.0, "eval_prec_ADP": 0.9821343496903288, "eval_f1_ADP": 0.9449919779967912, "eval_support_ADP": 4528.0, "eval_prec_ADV": 0.0527448869752422, "eval_f1_ADV": 0.09486931268151017, "eval_support_ADV": 104.0, "eval_prec_AUX": 0.04844961240310078, "eval_f1_AUX": 0.07012622720897616, "eval_support_AUX": 197.0, "eval_prec_CCONJ": 0.756872852233677, "eval_f1_CCONJ": 0.8214452214452215, "eval_support_CCONJ": 1962.0, "eval_prec_DET": 0.045326664582682086, "eval_f1_DET": 0.07587650444793302, "eval_support_DET": 623.0, "eval_prec_INTJ": 0.0, "eval_f1_INTJ": 0.0, "eval_support_INTJ": 0.0, "eval_prec_NOUN": 0.9422073857709159, "eval_f1_NOUN": 0.6298465829846583, "eval_support_NOUN": 9547.0, "eval_prec_NUM": 0.9547872340425532, "eval_f1_NUM": 0.937949052906597, "eval_support_NUM": 779.0, "eval_prec_PART": 0.0, "eval_f1_PART": 0.0, "eval_support_PART": 226.0, "eval_prec_PRON": 0.5211267605633803, "eval_f1_PRON": 0.5797101449275363, "eval_support_PRON": 1133.0, "eval_prec_PROPN": 0.012715340442986054, "eval_f1_PROPN": 0.025111381125961927, "eval_support_PROPN": 31.0, "eval_prec_PUNCT": 0.9365586490187129, "eval_f1_PUNCT": 0.9672401602639642, "eval_support_PUNCT": 2052.0, "eval_prec_SCONJ": 0.058823529411764705, "eval_f1_SCONJ": 0.010238907849829351, "eval_support_SCONJ": 535.0, "eval_prec_SYM": 1.0, "eval_f1_SYM": 0.975, "eval_support_SYM": 41.0, "eval_prec_VERB": 0.6522978268614179, "eval_f1_VERB": 0.732986389111289, "eval_support_VERB": 2189.0, "eval_prec_X": 0.01834862385321101, "eval_f1_X": 0.0050062578222778474, "eval_support_X": 1380.0, "eval_runtime": 30.5166, "eval_samples_per_second": 22.283, "eval_steps_per_second": 0.721}