{"eval_loss": 1.0050995349884033, "eval_token_acc": 0.699072671070974, "eval_f1_macro": 0.4959402820796199, "eval_prec_ADJ": 0.7677725118483413, "eval_f1_ADJ": 0.5164718384697131, "eval_support_ADJ": 1249.0, "eval_prec_ADP": 0.7633769322235434, "eval_f1_ADP": 0.7817351598173516, "eval_support_ADP": 1603.0, "eval_prec_ADV": 0.6180620884289746, "eval_f1_ADV": 0.6195190947666195, "eval_support_ADV": 1058.0, "eval_prec_AUX": 0.812199036918138, "eval_f1_AUX": 0.7701674277016742, "eval_support_AUX": 691.0, "eval_prec_CCONJ": 0.9361702127659575, "eval_f1_CCONJ": 0.8421052631578947, "eval_support_CCONJ": 460.0, "eval_prec_DET": 0.9537815126050421, "eval_f1_DET": 0.33138686131386863, "eval_support_DET": 2264.0, "eval_prec_INTJ": 0.0, "eval_f1_INTJ": 0.0, "eval_support_INTJ": 4.0, "eval_prec_NOUN": 0.7205619412515964, "eval_f1_NOUN": 0.8030173640762881, "eval_support_NOUN": 3111.0, "eval_prec_NUM": 0.35176651305683565, "eval_f1_NUM": 0.5180995475113123, "eval_support_NUM": 233.0, "eval_prec_PART": 0.0, "eval_f1_PART": 0.0, "eval_support_PART": 210.0, "eval_prec_PRON": 0.6393244873341375, "eval_f1_PRON": 0.6910039113428944, "eval_support_PRON": 705.0, "eval_prec_PROPN": 0.7654867256637168, "eval_f1_PROPN": 0.7185877466251298, "eval_support_PROPN": 1022.0, "eval_prec_PUNCT": 0.976774758983348, "eval_f1_PUNCT": 0.9591222030981067, "eval_support_PUNCT": 2366.0, "eval_prec_SCONJ": 0.033816425120772944, "eval_f1_SCONJ": 0.037333333333333336, "eval_support_SCONJ": 168.0, "eval_prec_SYM": 0.0, "eval_f1_SYM": 0.0, "eval_support_SYM": 4.0, "eval_prec_VERB": 0.6220703125, "eval_f1_VERB": 0.7551867219917012, "eval_support_VERB": 1326.0, "eval_prec_X": 0.047619047619047616, "eval_f1_X": 0.087248322147651, "eval_support_X": 25.0, "eval_runtime": 10.4261, "eval_samples_per_second": 93.707, "eval_steps_per_second": 2.973}