{"eval_loss": 1.3969703912734985, "eval_token_acc": 0.5823640095791994, "eval_f1_macro": 0.4043331713696337, "eval_prec_ADJ": 0.32927888792354476, "eval_f1_ADJ": 0.4053475935828877, "eval_support_ADJ": 719.0, "eval_prec_ADP": 0.5974842767295597, "eval_f1_ADP": 0.39460020768431986, "eval_support_ADP": 645.0, "eval_prec_ADV": 0.19577735124760076, "eval_f1_ADV": 0.13238157040882545, "eval_support_ADV": 1020.0, "eval_prec_AUX": 0.041666666666666664, "eval_f1_AUX": 0.007518796992481203, "eval_support_AUX": 242.0, "eval_prec_CCONJ": 0.6635071090047393, "eval_f1_CCONJ": 0.7887323943661971, "eval_support_CCONJ": 144.0, "eval_prec_DET": 0.7578947368421053, "eval_f1_DET": 0.5625, "eval_support_DET": 161.0, "eval_prec_INTJ": 0.0, "eval_f1_INTJ": 0.0, "eval_support_INTJ": 17.0, "eval_prec_NOUN": 0.6729302832244008, "eval_f1_NOUN": 0.7375018653932249, "eval_support_NOUN": 3029.0, "eval_prec_NUM": 0.8687258687258688, "eval_f1_NUM": 0.8522727272727273, "eval_support_NUM": 269.0, "eval_prec_PART": 0.013799448022079117, "eval_f1_PART": 0.025510204081632654, "eval_support_PART": 89.0, "eval_prec_PRON": 0.43061516452074394, "eval_f1_PRON": 0.4894308943089431, "eval_support_PRON": 531.0, "eval_prec_PROPN": 0.5529157667386609, "eval_f1_PROPN": 0.6890982503364738, "eval_support_PROPN": 560.0, "eval_prec_PUNCT": 0.9894859813084113, "eval_f1_PUNCT": 0.9920937042459737, "eval_support_PUNCT": 1703.0, "eval_prec_SCONJ": 0.6585365853658537, "eval_f1_SCONJ": 0.3956043956043956, "eval_support_SCONJ": 382.0, "eval_prec_SYM": 0.0, "eval_f1_SYM": 0.0, "eval_support_SYM": 7.0, "eval_prec_VERB": 0.7022274325908558, "eval_f1_VERB": 0.4010713090056913, "eval_support_VERB": 2134.0, "eval_prec_X": 0.0, "eval_f1_X": 0.0, "eval_support_X": 40.0, "eval_runtime": 5.8701, "eval_samples_per_second": 136.284, "eval_steps_per_second": 4.259}