{"eval_loss": 1.650045394897461, "eval_token_acc": 0.6583680266444629, "eval_f1_macro": 0.47037433118008637, "eval_prec_ADJ": 0.27896341463414637, "eval_f1_ADJ": 0.39439655172413796, "eval_support_ADJ": 272.0, "eval_prec_ADP": 0.36622073578595316, "eval_f1_ADP": 0.38658428949691087, "eval_support_ADP": 535.0, "eval_prec_ADV": 0.3146417445482866, "eval_f1_ADV": 0.43254817987152033, "eval_support_ADV": 292.0, "eval_prec_AUX": 0.5721040189125296, "eval_f1_AUX": 0.5734597156398105, "eval_support_AUX": 421.0, "eval_prec_CCONJ": 0.6407407407407407, "eval_f1_CCONJ": 0.7505422993492408, "eval_support_CCONJ": 191.0, "eval_prec_DET": 0.46443514644351463, "eval_f1_DET": 0.5873015873015873, "eval_support_DET": 139.0, "eval_prec_INTJ": 0.0, "eval_f1_INTJ": 0.0, "eval_support_INTJ": 0.0, "eval_prec_NOUN": 0.8066337332392378, "eval_f1_NOUN": 0.7438984705499512, "eval_support_NOUN": 3312.0, "eval_prec_NUM": 0.8990384615384616, "eval_f1_NUM": 0.8786217697729053, "eval_support_NUM": 653.0, "eval_prec_PART": 0.05714285714285714, "eval_f1_PART": 0.0038948393378773127, "eval_support_PART": 992.0, "eval_prec_PRON": 0.8547486033519553, "eval_f1_PRON": 0.8818443804034583, "eval_support_PRON": 168.0, "eval_prec_PROPN": 0.5486228218100057, "eval_f1_PROPN": 0.7008976660682226, "eval_support_PROPN": 1006.0, "eval_prec_PUNCT": 0.7095681625740897, "eval_f1_PUNCT": 0.8276543209876543, "eval_support_PUNCT": 1688.0, "eval_prec_SCONJ": 0.07627118644067797, "eval_f1_SCONJ": 0.028892455858747994, "eval_support_SCONJ": 505.0, "eval_prec_SYM": 0.029411764705882353, "eval_f1_SYM": 0.05405405405405406, "eval_support_SYM": 3.0, "eval_prec_VERB": 0.9160493827160494, "eval_f1_VERB": 0.75177304964539, "eval_support_VERB": 1746.0, "eval_prec_X": 0.0, "eval_f1_X": 0.0, "eval_support_X": 87.0, "eval_runtime": 9.7571, "eval_samples_per_second": 51.245, "eval_steps_per_second": 1.64}