{"eval_loss": 0.44800594449043274, "eval_token_acc": 0.8788915497776257, "eval_f1_macro": 0.6648896438685232, "eval_prec_ADJ": 0.6465116279069767, "eval_f1_ADJ": 0.6114369501466276, "eval_support_ADJ": 719.0, "eval_prec_ADP": 0.8221024258760108, "eval_f1_ADP": 0.8795962509012256, "eval_support_ADP": 645.0, "eval_prec_ADV": 0.839481555333998, "eval_f1_ADV": 0.8324270884824518, "eval_support_ADV": 1020.0, "eval_prec_AUX": 0.8565400843881856, "eval_f1_AUX": 0.8475991649269311, "eval_support_AUX": 242.0, "eval_prec_CCONJ": 0.993006993006993, "eval_f1_CCONJ": 0.9895470383275261, "eval_support_CCONJ": 144.0, "eval_prec_DET": 0.8083832335329342, "eval_f1_DET": 0.823170731707317, "eval_support_DET": 161.0, "eval_prec_INTJ": 0.0, "eval_f1_INTJ": 0.0, "eval_support_INTJ": 17.0, "eval_prec_NOUN": 0.8960551033187226, "eval_f1_NOUN": 0.9198135947292303, "eval_support_NOUN": 3029.0, "eval_prec_NUM": 0.8533333333333334, "eval_f1_NUM": 0.8998242530755711, "eval_support_NUM": 269.0, "eval_prec_PART": 0.0, "eval_f1_PART": 0.0, "eval_support_PART": 89.0, "eval_prec_PRON": 0.8603773584905661, "eval_f1_PRON": 0.8595664467483506, "eval_support_PRON": 531.0, "eval_prec_PROPN": 0.9408502772643254, "eval_f1_PROPN": 0.924613987284287, "eval_support_PROPN": 560.0, "eval_prec_PUNCT": 0.9964871194379391, "eval_f1_PUNCT": 0.9979478158897684, "eval_support_PUNCT": 1703.0, "eval_prec_SCONJ": 0.8459595959595959, "eval_f1_SCONJ": 0.8611825192802056, "eval_support_SCONJ": 382.0, "eval_prec_SYM": 0.0, "eval_f1_SYM": 0.0, "eval_support_SYM": 7.0, "eval_prec_VERB": 0.8662511984659635, "eval_f1_VERB": 0.8563981042654029, "eval_support_VERB": 2134.0, "eval_prec_X": 0.0, "eval_f1_X": 0.0, "eval_support_X": 40.0, "eval_runtime": 6.0899, "eval_samples_per_second": 131.366, "eval_steps_per_second": 4.105}