{"eval_loss": 3.8475091457366943, "eval_token_acc": 0.31268151016456924, "eval_f1_macro": 0.08529013369551636, "eval_prec_ADJ": 0.21875, "eval_f1_ADJ": 0.03684210526315789, "eval_support_ADJ": 696.0, "eval_prec_ADP": 0.0, "eval_f1_ADP": 0.0, "eval_support_ADP": 152.0, "eval_prec_ADV": 0.058823529411764705, "eval_f1_ADV": 0.08108108108108109, "eval_support_ADV": 276.0, "eval_prec_AUX": 0.0, "eval_f1_AUX": 0.0, "eval_support_AUX": 254.0, "eval_prec_CCONJ": 0.0, "eval_f1_CCONJ": 0.0, "eval_support_CCONJ": 120.0, "eval_prec_DET": 0.0, "eval_f1_DET": 0.0, "eval_support_DET": 115.0, "eval_prec_INTJ": 0.0, "eval_f1_INTJ": 0.0, "eval_support_INTJ": 30.0, "eval_prec_NOUN": 0.4734010759115362, "eval_f1_NOUN": 0.31528662420382164, "eval_support_NOUN": 3351.0, "eval_prec_NUM": 0.8421052631578947, "eval_f1_NUM": 0.11387900355871886, "eval_support_NUM": 262.0, "eval_prec_PART": 0.0, "eval_f1_PART": 0.0, "eval_support_PART": 44.0, "eval_prec_PRON": 0.4, "eval_f1_PRON": 0.010973936899862825, "eval_support_PRON": 719.0, "eval_prec_PROPN": 0.01616161616161616, "eval_f1_PROPN": 0.03162055335968379, "eval_support_PROPN": 33.0, "eval_prec_PUNCT": 0.3548611111111111, "eval_f1_PUNCT": 0.5238339313172732, "eval_support_PUNCT": 2044.0, "eval_prec_SCONJ": 0.0, "eval_f1_SCONJ": 0.0, "eval_support_SCONJ": 16.0, "eval_prec_SYM": 0.0, "eval_f1_SYM": 0.0, "eval_support_SYM": 0.0, "eval_prec_VERB": 0.6326963906581741, "eval_f1_VERB": 0.2221393961982855, "eval_support_VERB": 2212.0, "eval_prec_X": 0.015151515151515152, "eval_f1_X": 0.028985507246376812, "eval_support_X": 6.0, "eval_runtime": 12.7761, "eval_samples_per_second": 70.444, "eval_steps_per_second": 2.27}