{"eval_loss": 1.4143040180206299, "eval_token_acc": 0.5409931678053658, "eval_f1_macro": 0.36329039639793026, "eval_prec_ADJ": 0.22603792926704255, "eval_f1_ADJ": 0.33638443935926776, "eval_support_ADJ": 671.0, "eval_prec_ADP": 0.6708333333333333, "eval_f1_ADP": 0.2719594594594595, "eval_support_ADP": 1888.0, "eval_prec_ADV": 0.23318385650224216, "eval_f1_ADV": 0.16024653312788906, "eval_support_ADV": 426.0, "eval_prec_AUX": 0.04878048780487805, "eval_f1_AUX": 0.010752688172043012, "eval_support_AUX": 331.0, "eval_prec_CCONJ": 0.9264305177111717, "eval_f1_CCONJ": 0.8900523560209425, "eval_support_CCONJ": 397.0, "eval_prec_DET": 0.9096573208722741, "eval_f1_DET": 0.2888229475766568, "eval_support_DET": 1701.0, "eval_prec_INTJ": 0.0, "eval_f1_INTJ": 0.0, "eval_support_INTJ": 1.0, "eval_prec_NOUN": 0.652542372881356, "eval_f1_NOUN": 0.7546174142480211, "eval_support_NOUN": 2238.0, "eval_prec_NUM": 0.37037037037037035, "eval_f1_NUM": 0.4475043029259897, "eval_support_NUM": 230.0, "eval_prec_PART": 0.0, "eval_f1_PART": 0.0, "eval_support_PART": 1.0, "eval_prec_PRON": 0.3425, "eval_f1_PRON": 0.43769968051118213, "eval_support_PRON": 452.0, "eval_prec_PROPN": 0.45808383233532934, "eval_f1_PROPN": 0.614951768488746, "eval_support_PROPN": 818.0, "eval_prec_PUNCT": 0.8802267895109851, "eval_f1_PUNCT": 0.9265199552405818, "eval_support_PUNCT": 1270.0, "eval_prec_SCONJ": 0.545816733067729, "eval_f1_SCONJ": 0.46598639455782315, "eval_support_SCONJ": 337.0, "eval_prec_SYM": 0.0, "eval_f1_SYM": 0.0, "eval_support_SYM": 25.0, "eval_prec_VERB": 0.8790035587188612, "eval_f1_VERB": 0.5704387990762124, "eval_support_VERB": 1170.0, "eval_prec_X": 0.0, "eval_f1_X": 0.0, "eval_support_X": 46.0, "eval_runtime": 8.3888, "eval_samples_per_second": 50.901, "eval_steps_per_second": 1.669}