{"eval_loss": 0.8501811027526855, "eval_token_acc": 0.8126245317605802, "eval_f1_macro": 0.6819567538220445, "eval_prec_ADJ": 0.8592171717171717, "eval_f1_ADJ": 0.8072360616844603, "eval_support_ADJ": 1788.0, "eval_prec_ADP": 0.7924276169265033, "eval_f1_ADP": 0.833255269320843, "eval_support_ADP": 2025.0, "eval_prec_ADV": 0.686247408431237, "eval_f1_ADV": 0.7528430629264594, "eval_support_ADV": 1191.0, "eval_prec_AUX": 0.9486338797814208, "eval_f1_AUX": 0.7062652563059398, "eval_support_AUX": 1543.0, "eval_prec_CCONJ": 0.979108635097493, "eval_f1_CCONJ": 0.9669876203576341, "eval_support_CCONJ": 736.0, "eval_prec_DET": 0.8414755732801595, "eval_f1_DET": 0.8649756597489111, "eval_support_DET": 1897.0, "eval_prec_INTJ": 0.4411764705882353, "eval_f1_INTJ": 0.1935483870967742, "eval_support_INTJ": 121.0, "eval_prec_NOUN": 0.9242546333601934, "eval_f1_NOUN": 0.8771348457812899, "eval_support_NOUN": 4123.0, "eval_prec_NUM": 0.8125, "eval_f1_NUM": 0.869639794168096, "eval_support_NUM": 542.0, "eval_prec_PART": 0.0, "eval_f1_PART": 0.0, "eval_support_PART": 649.0, "eval_prec_PRON": 0.9340183883180098, "eval_f1_PRON": 0.8607027161724395, "eval_support_PRON": 2164.0, "eval_prec_PROPN": 0.8247907949790795, "eval_f1_PROPN": 0.7910709806872335, "eval_support_PROPN": 2075.0, "eval_prec_PUNCT": 0.9468553459119496, "eval_f1_PUNCT": 0.9595283620140217, "eval_support_PUNCT": 3096.0, "eval_prec_SCONJ": 0.7987804878048781, "eval_f1_SCONJ": 0.7359550561797753, "eval_support_SCONJ": 384.0, "eval_prec_SYM": 0.3870967741935484, "eval_f1_SYM": 0.509090909090909, "eval_support_SYM": 113.0, "eval_prec_VERB": 0.7976391231028668, "eval_f1_VERB": 0.8491921005385996, "eval_support_VERB": 2605.0, "eval_prec_X": 0.008166295471417966, "eval_f1_X": 0.01583873290136789, "eval_support_X": 42.0, "eval_runtime": 24.6192, "eval_samples_per_second": 84.365, "eval_steps_per_second": 2.64}