{"eval_loss": 0.11088383942842484, "eval_token_acc": 0.968338610231628, "eval_f1_macro": 0.8138799835958802, "eval_prec_ADJ": 0.9476047904191617, "eval_f1_ADJ": 0.9454817027632562, "eval_support_ADJ": 671.0, "eval_prec_ADP": 0.9936136242682277, "eval_f1_ADP": 0.991239713299708, "eval_support_ADP": 1888.0, "eval_prec_ADV": 0.9704433497536946, "eval_f1_ADV": 0.9471153846153846, "eval_support_ADV": 426.0, "eval_prec_AUX": 0.9446064139941691, "eval_f1_AUX": 0.9614243323442137, "eval_support_AUX": 331.0, "eval_prec_CCONJ": 0.9643765903307888, "eval_f1_CCONJ": 0.959493670886076, "eval_support_CCONJ": 397.0, "eval_prec_DET": 0.9923842999414177, "eval_f1_DET": 0.994131455399061, "eval_support_DET": 1701.0, "eval_prec_INTJ": 0.0, "eval_f1_INTJ": 0.0, "eval_support_INTJ": 1.0, "eval_prec_NOUN": 0.9760919540229885, "eval_f1_NOUN": 0.9621572626331294, "eval_support_NOUN": 2238.0, "eval_prec_NUM": 0.9828326180257511, "eval_f1_NUM": 0.9892008639308856, "eval_support_NUM": 230.0, "eval_prec_PART": 0.0, "eval_f1_PART": 0.0, "eval_support_PART": 1.0, "eval_prec_PRON": 0.9225941422594143, "eval_f1_PRON": 0.9483870967741935, "eval_support_PRON": 452.0, "eval_prec_PROPN": 0.8755506607929515, "eval_f1_PROPN": 0.9212050984936269, "eval_support_PROPN": 818.0, "eval_prec_PUNCT": 0.9984276729559748, "eval_f1_PUNCT": 0.999213217938631, "eval_support_PUNCT": 1270.0, "eval_prec_SCONJ": 0.9166666666666666, "eval_f1_SCONJ": 0.9153046062407132, "eval_support_SCONJ": 337.0, "eval_prec_SYM": 1.0, "eval_f1_SYM": 0.8888888888888888, "eval_support_SYM": 25.0, "eval_prec_VERB": 0.9783174327840416, "eval_f1_VERB": 0.9711579853637538, "eval_support_VERB": 1170.0, "eval_prec_X": 0.5483870967741935, "eval_f1_X": 0.44155844155844154, "eval_support_X": 46.0, "eval_runtime": 8.9179, "eval_samples_per_second": 47.881, "eval_steps_per_second": 1.57}