{"eval_loss": 0.819574773311615, "eval_token_acc": 0.7775781172007588, "eval_f1_macro": 0.5938571396085282, "eval_prec_ADJ": 0.6732394366197183, "eval_f1_ADJ": 0.7247915087187263, "eval_support_ADJ": 609.0, "eval_prec_ADP": 0.8595360824742269, "eval_f1_ADP": 0.8802375453645661, "eval_support_ADP": 1479.0, "eval_prec_ADV": 0.8490028490028491, "eval_f1_ADV": 0.7129186602870813, "eval_support_ADV": 485.0, "eval_prec_AUX": 0.7789757412398922, "eval_f1_AUX": 0.7917808219178082, "eval_support_AUX": 359.0, "eval_prec_CCONJ": 0.9703389830508474, "eval_f1_CCONJ": 0.9385245901639344, "eval_support_CCONJ": 252.0, "eval_prec_DET": 0.9349881796690307, "eval_f1_DET": 0.6804301075268817, "eval_support_DET": 1479.0, "eval_prec_INTJ": 0.4444444444444444, "eval_f1_INTJ": 0.4444444444444444, "eval_support_INTJ": 9.0, "eval_prec_NOUN": 0.7397686832740213, "eval_f1_NOUN": 0.8076736279747451, "eval_support_NOUN": 1870.0, "eval_prec_NUM": 0.41754385964912283, "eval_f1_NUM": 0.46303501945525294, "eval_support_NUM": 229.0, "eval_prec_PART": 0.0, "eval_f1_PART": 0.0, "eval_support_PART": 0.0, "eval_prec_PRON": 0.8543689320388349, "eval_f1_PRON": 0.7257731958762886, "eval_support_PRON": 558.0, "eval_prec_PROPN": 0.4879328436516264, "eval_f1_PROPN": 0.6458333333333334, "eval_support_PROPN": 487.0, "eval_prec_PUNCT": 0.9825870646766169, "eval_f1_PUNCT": 0.9908026755852842, "eval_support_PUNCT": 1186.0, "eval_prec_SCONJ": 0.49122807017543857, "eval_f1_SCONJ": 0.6292134831460674, "eval_support_SCONJ": 128.0, "eval_prec_SYM": 0.0, "eval_f1_SYM": 0.0, "eval_support_SYM": 39.0, "eval_prec_VERB": 0.7794361525704809, "eval_f1_VERB": 0.6601123595505618, "eval_support_VERB": 821.0, "eval_prec_X": 0.0, "eval_f1_X": 0.0, "eval_support_X": 27.0, "eval_runtime": 6.5016, "eval_samples_per_second": 63.984, "eval_steps_per_second": 2.0}