{"eval_loss": 1.335261583328247, "eval_token_acc": 0.5918944767673547, "eval_f1_macro": 0.4141815806144961, "eval_prec_ADJ": 0.35291189646590343, "eval_f1_ADJ": 0.48846021357216673, "eval_support_ADJ": 1788.0, "eval_prec_ADP": 0.5761589403973509, "eval_f1_ADP": 0.2106537530266344, "eval_support_ADP": 2025.0, "eval_prec_ADV": 0.3701550387596899, "eval_f1_ADV": 0.22378441710603397, "eval_support_ADV": 1191.0, "eval_prec_AUX": 0.4878048780487805, "eval_f1_AUX": 0.025252525252525252, "eval_support_AUX": 1543.0, "eval_prec_CCONJ": 0.9817927170868347, "eval_f1_CCONJ": 0.9668965517241379, "eval_support_CCONJ": 736.0, "eval_prec_DET": 0.8652291105121294, "eval_f1_DET": 0.2830687830687831, "eval_support_DET": 1897.0, "eval_prec_INTJ": 0.0, "eval_f1_INTJ": 0.0, "eval_support_INTJ": 121.0, "eval_prec_NOUN": 0.6952308569257077, "eval_f1_NOUN": 0.7796718516940123, "eval_support_NOUN": 4123.0, "eval_prec_NUM": 0.5277777777777778, "eval_f1_NUM": 0.4891089108910891, "eval_support_NUM": 542.0, "eval_prec_PART": 0.12462006079027356, "eval_f1_PART": 0.17872711421098517, "eval_support_PART": 649.0, "eval_prec_PRON": 0.7543119969336911, "eval_f1_PRON": 0.8246385920804525, "eval_support_PRON": 2164.0, "eval_prec_PROPN": 0.4963044073364358, "eval_f1_PROPN": 0.6330307262569832, "eval_support_PROPN": 2075.0, "eval_prec_PUNCT": 0.8576023391812866, "eval_f1_PUNCT": 0.9002455494168201, "eval_support_PUNCT": 3096.0, "eval_prec_SCONJ": 0.5590717299578059, "eval_f1_SCONJ": 0.6177156177156177, "eval_support_SCONJ": 384.0, "eval_prec_SYM": 0.0, "eval_f1_SYM": 0.0, "eval_support_SYM": 113.0, "eval_prec_VERB": 0.5873015873015873, "eval_f1_VERB": 0.4198322644301924, "eval_support_VERB": 2605.0, "eval_prec_X": 0.0, "eval_f1_X": 0.0, "eval_support_X": 42.0, "eval_runtime": 24.7678, "eval_samples_per_second": 83.859, "eval_steps_per_second": 2.624}