{"eval_loss": 1.131569504737854, "eval_token_acc": 0.6523432644097295, "eval_f1_macro": 0.46438478603048217, "eval_prec_ADJ": 0.632630410654828, "eval_f1_ADJ": 0.44653349001175086, "eval_support_ADJ": 1652.0, "eval_prec_ADP": 0.9642857142857143, "eval_f1_ADP": 0.8199763792812552, "eval_support_ADP": 3407.0, "eval_prec_ADV": 0.09672466734902764, "eval_f1_ADV": 0.16167664670658682, "eval_support_ADV": 384.0, "eval_prec_AUX": 0.16263736263736264, "eval_f1_AUX": 0.16362631288004423, "eval_support_AUX": 899.0, "eval_prec_CCONJ": 0.9898477157360406, "eval_f1_CCONJ": 0.9696668324216807, "eval_support_CCONJ": 1026.0, "eval_prec_DET": 0.42857142857142855, "eval_f1_DET": 0.18269230769230768, "eval_support_DET": 491.0, "eval_prec_INTJ": 0.0, "eval_f1_INTJ": 0.0, "eval_support_INTJ": 27.0, "eval_prec_NOUN": 0.8239510228460505, "eval_f1_NOUN": 0.7398766425315098, "eval_support_NOUN": 8219.0, "eval_prec_NUM": 0.6124197002141327, "eval_f1_NUM": 0.7526315789473684, "eval_support_NUM": 293.0, "eval_prec_PART": 0.0, "eval_f1_PART": 0.0, "eval_support_PART": 28.0, "eval_prec_PRON": 0.49757575757575756, "eval_f1_PRON": 0.5914985590778098, "eval_support_PRON": 1126.0, "eval_prec_PROPN": 0.5335968379446641, "eval_f1_PROPN": 0.5681818181818182, "eval_support_PROPN": 1111.0, "eval_prec_PUNCT": 0.9811926605504587, "eval_f1_PUNCT": 0.9900485998611432, "eval_support_PUNCT": 2141.0, "eval_prec_SCONJ": 0.6196911196911197, "eval_f1_SCONJ": 0.5582608695652174, "eval_support_SCONJ": 632.0, "eval_prec_SYM": 0.0, "eval_f1_SYM": 0.0, "eval_support_SYM": 0.0, "eval_prec_VERB": 0.40829749557298256, "eval_f1_VERB": 0.4854865393292224, "eval_support_VERB": 2696.0, "eval_prec_X": 0.0, "eval_f1_X": 0.0, "eval_support_X": 1.0, "eval_runtime": 18.0309, "eval_samples_per_second": 80.695, "eval_steps_per_second": 2.551}