{"eval_loss": 0.7541409134864807, "eval_token_acc": 0.8111400690950967, "eval_f1_macro": 0.6088457695288706, "eval_prec_ADJ": 0.8255707762557077, "eval_f1_ADJ": 0.7713310580204779, "eval_support_ADJ": 1249.0, "eval_prec_ADP": 0.7050863275781615, "eval_f1_ADP": 0.806727175654031, "eval_support_ADP": 1603.0, "eval_prec_ADV": 0.7161778618732261, "eval_f1_ADV": 0.715839243498818, "eval_support_ADV": 1058.0, "eval_prec_AUX": 0.8445297504798465, "eval_f1_AUX": 0.7260726072607261, "eval_support_AUX": 691.0, "eval_prec_CCONJ": 0.9716312056737588, "eval_f1_CCONJ": 0.9309173272933182, "eval_support_CCONJ": 460.0, "eval_prec_DET": 0.955960516324981, "eval_f1_DET": 0.7031555431443731, "eval_support_DET": 2264.0, "eval_prec_INTJ": 0.2, "eval_f1_INTJ": 0.2857142857142857, "eval_support_INTJ": 4.0, "eval_prec_NOUN": 0.8484304932735426, "eval_f1_NOUN": 0.879182156133829, "eval_support_NOUN": 3111.0, "eval_prec_NUM": 0.43005181347150256, "eval_f1_NUM": 0.5363489499192245, "eval_support_NUM": 233.0, "eval_prec_PART": 0.0, "eval_f1_PART": 0.0, "eval_support_PART": 210.0, "eval_prec_PRON": 0.7972972972972973, "eval_f1_PRON": 0.774617067833698, "eval_support_PRON": 705.0, "eval_prec_PROPN": 0.6710526315789473, "eval_f1_PROPN": 0.7682008368200837, "eval_support_PROPN": 1022.0, "eval_prec_PUNCT": 0.9948519948519948, "eval_f1_PUNCT": 0.9874387907174792, "eval_support_PUNCT": 2366.0, "eval_prec_SCONJ": 0.5051546391752577, "eval_f1_SCONJ": 0.6405228758169934, "eval_support_SCONJ": 168.0, "eval_prec_SYM": 0.0, "eval_f1_SYM": 0.0, "eval_support_SYM": 4.0, "eval_prec_VERB": 0.7677293428757319, "eval_f1_VERB": 0.8243101641634649, "eval_support_VERB": 1326.0, "eval_prec_X": 0.0, "eval_f1_X": 0.0, "eval_support_X": 25.0, "eval_runtime": 11.9676, "eval_samples_per_second": 81.637, "eval_steps_per_second": 2.59}