{"eval_loss": 0.4909369945526123, "eval_token_acc": 0.8927470851733011, "eval_f1_macro": 0.6653655037295455, "eval_prec_ADJ": 0.7337192474674384, "eval_f1_ADJ": 0.7093389296956978, "eval_support_ADJ": 1477.0, "eval_prec_ADP": 0.9839537869062901, "eval_f1_ADP": 0.9463936618993724, "eval_support_ADP": 5045.0, "eval_prec_ADV": 0.8333333333333334, "eval_f1_ADV": 0.7577497129735936, "eval_support_ADV": 950.0, "eval_prec_AUX": 0.672650475184794, "eval_f1_AUX": 0.7922885572139303, "eval_support_AUX": 661.0, "eval_prec_CCONJ": 0.9830065359477124, "eval_f1_CCONJ": 0.8397543271915131, "eval_support_CCONJ": 1026.0, "eval_prec_DET": 0.9759304657900602, "eval_f1_DET": 0.9537188282696286, "eval_support_DET": 4696.0, "eval_prec_INTJ": 0.0, "eval_f1_INTJ": 0.0, "eval_support_INTJ": 0.0, "eval_prec_NOUN": 0.878373875374875, "eval_f1_NOUN": 0.9100638701881582, "eval_support_NOUN": 5584.0, "eval_prec_NUM": 0.9529964747356052, "eval_f1_NUM": 0.9502050380785003, "eval_support_NUM": 856.0, "eval_prec_PART": 0.0, "eval_f1_PART": 0.0, "eval_support_PART": 46.0, "eval_prec_PRON": 0.7105882352941176, "eval_f1_PRON": 0.7583176396735719, "eval_support_PRON": 743.0, "eval_prec_PROPN": 0.8918196994991653, "eval_f1_PROPN": 0.8584284107343725, "eval_support_PROPN": 3228.0, "eval_prec_PUNCT": 0.9935723114956737, "eval_f1_PUNCT": 0.9900234018967853, "eval_support_PUNCT": 4074.0, "eval_prec_SCONJ": 0.12054329371816638, "eval_f1_SCONJ": 0.2002820874471086, "eval_support_SCONJ": 120.0, "eval_prec_SYM": 0.572972972972973, "eval_f1_SYM": 0.726027397260274, "eval_support_SYM": 107.0, "eval_prec_VERB": 0.9453036589966051, "eval_f1_VERB": 0.9186217008797654, "eval_support_VERB": 2805.0, "eval_prec_X": 0.0, "eval_f1_X": 0.0, "eval_support_X": 59.0, "eval_runtime": 20.6299, "eval_samples_per_second": 58.168, "eval_steps_per_second": 1.842}