{"eval_loss": 0.5978813171386719, "eval_token_acc": 0.8721046492251291, "eval_f1_macro": 0.6667232572637728, "eval_prec_ADJ": 0.8292282430213465, "eval_f1_ADJ": 0.7890625, "eval_support_ADJ": 671.0, "eval_prec_ADP": 0.9810344827586207, "eval_f1_ADP": 0.9410143329658214, "eval_support_ADP": 1888.0, "eval_prec_ADV": 0.7855072463768116, "eval_f1_ADV": 0.7029831387808041, "eval_support_ADV": 426.0, "eval_prec_AUX": 0.6844349680170576, "eval_f1_AUX": 0.8025, "eval_support_AUX": 331.0, "eval_prec_CCONJ": 0.9754098360655737, "eval_f1_CCONJ": 0.9357798165137615, "eval_support_CCONJ": 397.0, "eval_prec_DET": 0.9847480106100795, "eval_f1_DET": 0.9255219694608913, "eval_support_DET": 1701.0, "eval_prec_INTJ": 0.0, "eval_f1_INTJ": 0.0, "eval_support_INTJ": 1.0, "eval_prec_NOUN": 0.9197642792384406, "eval_f1_NOUN": 0.9131413141314132, "eval_support_NOUN": 2238.0, "eval_prec_NUM": 0.8528301886792453, "eval_f1_NUM": 0.9131313131313131, "eval_support_NUM": 230.0, "eval_prec_PART": 0.0, "eval_f1_PART": 0.0, "eval_support_PART": 1.0, "eval_prec_PRON": 0.4539877300613497, "eval_f1_PRON": 0.5362318840579711, "eval_support_PRON": 452.0, "eval_prec_PROPN": 0.7705410821643287, "eval_f1_PROPN": 0.8469162995594713, "eval_support_PROPN": 818.0, "eval_prec_PUNCT": 0.9929411764705882, "eval_f1_PUNCT": 0.9948919449901769, "eval_support_PUNCT": 1270.0, "eval_prec_SCONJ": 0.5119453924914675, "eval_f1_SCONJ": 0.47619047619047616, "eval_support_SCONJ": 337.0, "eval_prec_SYM": 0.7647058823529411, "eval_f1_SYM": 0.6190476190476191, "eval_support_SYM": 25.0, "eval_prec_VERB": 0.9605734767025089, "eval_f1_VERB": 0.9378827646544182, "eval_support_VERB": 1170.0, "eval_prec_X": 0.0, "eval_f1_X": 0.0, "eval_support_X": 46.0, "eval_runtime": 8.8104, "eval_samples_per_second": 48.465, "eval_steps_per_second": 1.589}