{"eval_loss": 0.9388850331306458, "eval_token_acc": 0.7752808988764045, "eval_f1_macro": 0.5420738895227484, "eval_prec_ADJ": 0.7724317295188556, "eval_f1_ADJ": 0.8076138681169273, "eval_support_ADJ": 702.0, "eval_prec_ADP": 0.9474671669793621, "eval_f1_ADP": 0.8667048054919908, "eval_support_ADP": 1897.0, "eval_prec_ADV": 0.7227488151658767, "eval_f1_ADV": 0.7134502923976608, "eval_support_ADV": 433.0, "eval_prec_AUX": 0.29850746268656714, "eval_f1_AUX": 0.34285714285714286, "eval_support_AUX": 149.0, "eval_prec_CCONJ": 0.7038917089678511, "eval_f1_CCONJ": 0.8132942326490714, "eval_support_CCONJ": 432.0, "eval_prec_DET": 0.8999098286744815, "eval_f1_DET": 0.7990392313851081, "eval_support_DET": 1389.0, "eval_prec_INTJ": 0.0, "eval_f1_INTJ": 0.0, "eval_support_INTJ": 0.0, "eval_prec_NOUN": 0.9307995697382574, "eval_f1_NOUN": 0.8863093205872311, "eval_support_NOUN": 3069.0, "eval_prec_NUM": 0.9388489208633094, "eval_f1_NUM": 0.9238938053097345, "eval_support_NUM": 287.0, "eval_prec_PART": 0.0, "eval_f1_PART": 0.0, "eval_support_PART": 0.0, "eval_prec_PRON": 0.28484848484848485, "eval_f1_PRON": 0.2934443288241415, "eval_support_PRON": 466.0, "eval_prec_PROPN": 0.5005291005291005, "eval_f1_PROPN": 0.6207349081364829, "eval_support_PROPN": 579.0, "eval_prec_PUNCT": 0.7357180993059264, "eval_f1_PUNCT": 0.8459177409453652, "eval_support_PUNCT": 1385.0, "eval_prec_SCONJ": 0.0, "eval_f1_SCONJ": 0.0, "eval_support_SCONJ": 415.0, "eval_prec_SYM": 0.0, "eval_f1_SYM": 0.0, "eval_support_SYM": 0.0, "eval_prec_VERB": 0.7905337361530715, "eval_f1_VERB": 0.7599225556631172, "eval_support_VERB": 1073.0, "eval_prec_X": 0.0, "eval_f1_X": 0.0, "eval_support_X": 6.0, "eval_runtime": 10.0864, "eval_samples_per_second": 48.679, "eval_steps_per_second": 1.586}