{"eval_loss": 1.9210970401763916, "eval_token_acc": 0.5863996603453155, "eval_f1_macro": 0.4497647122775727, "eval_prec_ADJ": 0.7574511819116135, "eval_f1_ADJ": 0.3769820971867008, "eval_support_ADJ": 2937.0, "eval_prec_ADP": 0.9836471754212092, "eval_f1_ADP": 0.9271368519383466, "eval_support_ADP": 4528.0, "eval_prec_ADV": 0.06921944035346098, "eval_f1_ADV": 0.12005108556832694, "eval_support_ADV": 104.0, "eval_prec_AUX": 0.15376676986584106, "eval_f1_AUX": 0.2555746140651801, "eval_support_AUX": 197.0, "eval_prec_CCONJ": 0.9630471859010802, "eval_f1_CCONJ": 0.9105079279763505, "eval_support_CCONJ": 1962.0, "eval_prec_DET": 0.051042415528396834, "eval_f1_DET": 0.08340675477239354, "eval_support_DET": 623.0, "eval_prec_INTJ": 0.0, "eval_f1_INTJ": 0.0, "eval_support_INTJ": 0.0, "eval_prec_NOUN": 0.8505561172901921, "eval_f1_NOUN": 0.5804581838255589, "eval_support_NOUN": 9547.0, "eval_prec_NUM": 0.9271255060728745, "eval_f1_NUM": 0.9039473684210526, "eval_support_NUM": 779.0, "eval_prec_PART": 0.1657754010695187, "eval_f1_PART": 0.15012106537530268, "eval_support_PART": 226.0, "eval_prec_PRON": 0.557542768273717, "eval_f1_PRON": 0.5928069450186028, "eval_support_PRON": 1133.0, "eval_prec_PROPN": 0.007847533632286996, "eval_f1_PROPN": 0.015559877743817728, "eval_support_PROPN": 31.0, "eval_prec_PUNCT": 0.7846687211093991, "eval_f1_PUNCT": 0.8765060240963856, "eval_support_PUNCT": 2052.0, "eval_prec_SCONJ": 0.44564152791381, "eval_f1_SCONJ": 0.5848329048843187, "eval_support_SCONJ": 535.0, "eval_prec_SYM": 0.43529411764705883, "eval_f1_SYM": 0.5873015873015873, "eval_support_SYM": 41.0, "eval_prec_VERB": 0.6248091603053435, "eval_f1_VERB": 0.6808068205448118, "eval_support_VERB": 2189.0, "eval_prec_X": 0.0, "eval_f1_X": 0.0, "eval_support_X": 1380.0, "eval_runtime": 31.092, "eval_samples_per_second": 21.871, "eval_steps_per_second": 0.708}