{"eval_loss": 1.086226224899292, "eval_token_acc": 0.6814415493660777, "eval_f1_macro": 0.49017051744669865, "eval_prec_ADJ": 0.6262295081967213, "eval_f1_ADJ": 0.4179431072210066, "eval_support_ADJ": 609.0, "eval_prec_ADP": 0.8101667990468626, "eval_f1_ADP": 0.7450693937180424, "eval_support_ADP": 1479.0, "eval_prec_ADV": 0.6574468085106383, "eval_f1_ADV": 0.6471204188481675, "eval_support_ADV": 485.0, "eval_prec_AUX": 0.6666666666666666, "eval_f1_AUX": 0.7092568448500652, "eval_support_AUX": 359.0, "eval_prec_CCONJ": 0.8916256157635468, "eval_f1_CCONJ": 0.7956043956043956, "eval_support_CCONJ": 252.0, "eval_prec_DET": 0.9347826086956522, "eval_f1_DET": 0.3724959393611261, "eval_support_DET": 1479.0, "eval_prec_INTJ": 0.0, "eval_f1_INTJ": 0.0, "eval_support_INTJ": 9.0, "eval_prec_NOUN": 0.6791895314478683, "eval_f1_NOUN": 0.7591413069120075, "eval_support_NOUN": 1870.0, "eval_prec_NUM": 0.428842504743833, "eval_f1_NUM": 0.5978835978835979, "eval_support_NUM": 229.0, "eval_prec_PART": 0.0, "eval_f1_PART": 0.0, "eval_support_PART": 0.0, "eval_prec_PRON": 0.7565922920892495, "eval_f1_PRON": 0.7098001902949572, "eval_support_PRON": 558.0, "eval_prec_PROPN": 0.7580299785867237, "eval_f1_PROPN": 0.7421383647798742, "eval_support_PROPN": 487.0, "eval_prec_PUNCT": 0.9427207637231504, "eval_f1_PUNCT": 0.9701187065083913, "eval_support_PUNCT": 1186.0, "eval_prec_SCONJ": 0.0, "eval_f1_SCONJ": 0.0, "eval_support_SCONJ": 128.0, "eval_prec_SYM": 0.0, "eval_f1_SYM": 0.0, "eval_support_SYM": 39.0, "eval_prec_VERB": 0.6532045654082529, "eval_f1_VERB": 0.7591836734693878, "eval_support_VERB": 821.0, "eval_prec_X": 0.05825242718446602, "eval_f1_X": 0.10714285714285714, "eval_support_X": 27.0, "eval_runtime": 6.7185, "eval_samples_per_second": 61.919, "eval_steps_per_second": 1.935}