{"eval_loss": 2.153165340423584, "eval_token_acc": 0.410848216135582, "eval_f1_macro": 0.10754561042221052, "eval_prec_ADJ": 0.12, "eval_f1_ADJ": 0.0035778175313059034, "eval_support_ADJ": 1652.0, "eval_prec_ADP": 0.0, "eval_f1_ADP": 0.0, "eval_support_ADP": 3407.0, "eval_prec_ADV": 0.0, "eval_f1_ADV": 0.0, "eval_support_ADV": 384.0, "eval_prec_AUX": 0.16363636363636364, "eval_f1_AUX": 0.064343163538874, "eval_support_AUX": 899.0, "eval_prec_CCONJ": 0.0, "eval_f1_CCONJ": 0.0, "eval_support_CCONJ": 1026.0, "eval_prec_DET": 0.0, "eval_f1_DET": 0.0, "eval_support_DET": 491.0, "eval_prec_INTJ": 0.0, "eval_f1_INTJ": 0.0, "eval_support_INTJ": 27.0, "eval_prec_NOUN": 0.5775989005595367, "eval_f1_NOUN": 0.6393567315005977, "eval_support_NOUN": 8219.0, "eval_prec_NUM": 0.3076923076923077, "eval_f1_NUM": 0.050156739811912224, "eval_support_NUM": 293.0, "eval_prec_PART": 0.0, "eval_f1_PART": 0.0, "eval_support_PART": 28.0, "eval_prec_PRON": 0.1708542713567839, "eval_f1_PRON": 0.08923884514435695, "eval_support_PRON": 1126.0, "eval_prec_PROPN": 0.0, "eval_f1_PROPN": 0.0, "eval_support_PROPN": 1111.0, "eval_prec_PUNCT": 0.25577756379393357, "eval_f1_PUNCT": 0.40673748684084604, "eval_support_PUNCT": 2141.0, "eval_prec_SCONJ": 0.0, "eval_f1_SCONJ": 0.0, "eval_support_SCONJ": 632.0, "eval_prec_SYM": 0.0, "eval_f1_SYM": 0.0, "eval_support_SYM": 0.0, "eval_prec_VERB": 0.36043469510968, "eval_f1_VERB": 0.46731898238747555, "eval_support_VERB": 2696.0, "eval_prec_X": 0.0, "eval_f1_X": 0.0, "eval_support_X": 1.0, "eval_runtime": 18.088, "eval_samples_per_second": 80.44, "eval_steps_per_second": 2.543}