{"eval_loss": 1.0970065593719482, "eval_token_acc": 0.6792201299783369, "eval_f1_macro": 0.45606300488080775, "eval_prec_ADJ": 0.6447058823529411, "eval_f1_ADJ": 0.5, "eval_support_ADJ": 671.0, "eval_prec_ADP": 0.903169014084507, "eval_f1_ADP": 0.8569042316258352, "eval_support_ADP": 1888.0, "eval_prec_ADV": 0.2956730769230769, "eval_f1_ADV": 0.39109697933227344, "eval_support_ADV": 426.0, "eval_prec_AUX": 0.5309446254071661, "eval_f1_AUX": 0.5109717868338558, "eval_support_AUX": 331.0, "eval_prec_CCONJ": 0.9655172413793104, "eval_f1_CCONJ": 0.8603351955307262, "eval_support_CCONJ": 397.0, "eval_prec_DET": 0.9226006191950464, "eval_f1_DET": 0.29446640316205536, "eval_support_DET": 1701.0, "eval_prec_INTJ": 0.0, "eval_f1_INTJ": 0.0, "eval_support_INTJ": 1.0, "eval_prec_NOUN": 0.597926267281106, "eval_f1_NOUN": 0.7271453590192645, "eval_support_NOUN": 2238.0, "eval_prec_NUM": 0.28156748911465895, "eval_f1_NUM": 0.42219804134929273, "eval_support_NUM": 230.0, "eval_prec_PART": 0.0, "eval_f1_PART": 0.0, "eval_support_PART": 1.0, "eval_prec_PRON": 0.34615384615384615, "eval_f1_PRON": 0.3088235294117647, "eval_support_PRON": 452.0, "eval_prec_PROPN": 0.81292984869326, "eval_f1_PROPN": 0.7650485436893204, "eval_support_PROPN": 818.0, "eval_prec_PUNCT": 0.8277449046679816, "eval_f1_PUNCT": 0.9021855965603727, "eval_support_PUNCT": 1270.0, "eval_prec_SCONJ": 0.43891402714932126, "eval_f1_SCONJ": 0.34767025089605735, "eval_support_SCONJ": 337.0, "eval_prec_SYM": 0.0, "eval_f1_SYM": 0.0, "eval_support_SYM": 25.0, "eval_prec_VERB": 0.8958904109589041, "eval_f1_VERB": 0.866225165562914, "eval_support_VERB": 1170.0, "eval_prec_X": 0.0, "eval_f1_X": 0.0, "eval_support_X": 46.0, "eval_runtime": 8.6763, "eval_samples_per_second": 49.215, "eval_steps_per_second": 1.614}