{"eval_loss": 1.2855498790740967, "eval_token_acc": 0.7355126300148589, "eval_f1_macro": 0.6264459990834287, "eval_prec_ADJ": 0.7190426638917794, "eval_f1_ADJ": 0.6494360902255639, "eval_support_ADJ": 1167.0, "eval_prec_ADP": 0.971021860701576, "eval_f1_ADP": 0.7573354480570975, "eval_support_ADP": 3077.0, "eval_prec_ADV": 0.14545454545454545, "eval_f1_ADV": 0.2, "eval_support_ADV": 125.0, "eval_prec_AUX": 0.6859504132231405, "eval_f1_AUX": 0.563858695652174, "eval_support_AUX": 867.0, "eval_prec_CCONJ": 0.9493670886075949, "eval_f1_CCONJ": 0.9174311926605505, "eval_support_CCONJ": 338.0, "eval_prec_DET": 0.6472491909385113, "eval_f1_DET": 0.7326007326007326, "eval_support_DET": 237.0, "eval_prec_INTJ": 0.0, "eval_f1_INTJ": 0.0, "eval_support_INTJ": 0.0, "eval_prec_NOUN": 0.6633993743482794, "eval_f1_NOUN": 0.74979375368297, "eval_support_NOUN": 3690.0, "eval_prec_NUM": 0.8584474885844748, "eval_f1_NUM": 0.7736625514403292, "eval_support_NUM": 267.0, "eval_prec_PART": 0.0, "eval_f1_PART": 0.0, "eval_support_PART": 337.0, "eval_prec_PRON": 0.9672131147540983, "eval_f1_PRON": 0.7338308457711443, "eval_support_PRON": 499.0, "eval_prec_PROPN": 0.7319494584837545, "eval_f1_PROPN": 0.774039608685278, "eval_support_PROPN": 1975.0, "eval_prec_PUNCT": 0.9927113702623906, "eval_f1_PUNCT": 0.9956140350877193, "eval_support_PUNCT": 682.0, "eval_prec_SCONJ": 0.7125748502994012, "eval_f1_SCONJ": 0.8178694158075601, "eval_support_SCONJ": 248.0, "eval_prec_SYM": 0.0, "eval_f1_SYM": 0.0, "eval_support_SYM": 0.0, "eval_prec_VERB": 0.6303740926856505, "eval_f1_VERB": 0.7312176165803109, "eval_support_VERB": 1297.0, "eval_prec_X": 0.0, "eval_f1_X": 0.0, "eval_support_X": 0.0, "eval_runtime": 13.1109, "eval_samples_per_second": 40.806, "eval_steps_per_second": 1.297}