{"eval_loss": 0.5276564955711365, "eval_token_acc": 0.8633856597369538, "eval_f1_macro": 0.6061140793836863, "eval_prec_ADJ": 0.9503945885005637, "eval_f1_ADJ": 0.7893258426966292, "eval_support_ADJ": 1249.0, "eval_prec_ADP": 0.8843172331544424, "eval_f1_ADP": 0.9042682926829269, "eval_support_ADP": 1603.0, "eval_prec_ADV": 0.6464779460171165, "eval_f1_ADV": 0.7621265036864571, "eval_support_ADV": 1058.0, "eval_prec_AUX": 0.9661733615221987, "eval_f1_AUX": 0.7852233676975945, "eval_support_AUX": 691.0, "eval_prec_CCONJ": 0.7202680067001676, "eval_f1_CCONJ": 0.8136234626300851, "eval_support_CCONJ": 460.0, "eval_prec_DET": 0.9875324675324675, "eval_f1_DET": 0.9076151826211506, "eval_support_DET": 2264.0, "eval_prec_INTJ": 0.0, "eval_f1_INTJ": 0.0, "eval_support_INTJ": 4.0, "eval_prec_NOUN": 0.9749455337690632, "eval_f1_NOUN": 0.9156010230179028, "eval_support_NOUN": 3111.0, "eval_prec_NUM": 0.7264150943396226, "eval_f1_NUM": 0.838475499092559, "eval_support_NUM": 233.0, "eval_prec_PART": 0.0, "eval_f1_PART": 0.0, "eval_support_PART": 210.0, "eval_prec_PRON": 0.8720316622691293, "eval_f1_PRON": 0.9036226930963773, "eval_support_PRON": 705.0, "eval_prec_PROPN": 0.6666666666666666, "eval_f1_PROPN": 0.7858577742065086, "eval_support_PROPN": 1022.0, "eval_prec_PUNCT": 0.9926406926406927, "eval_f1_PUNCT": 0.9807527801539777, "eval_support_PUNCT": 2366.0, "eval_prec_SCONJ": 0.0, "eval_f1_SCONJ": 0.0, "eval_support_SCONJ": 168.0, "eval_prec_SYM": 0.0, "eval_f1_SYM": 0.0, "eval_support_SYM": 4.0, "eval_prec_VERB": 0.783946891973446, "eval_f1_VERB": 0.8709353000335233, "eval_support_VERB": 1326.0, "eval_prec_X": 0.03278688524590164, "eval_f1_X": 0.046511627906976744, "eval_support_X": 25.0, "eval_runtime": 11.8492, "eval_samples_per_second": 82.453, "eval_steps_per_second": 2.616}