{"eval_loss": 1.0789625644683838, "eval_token_acc": 0.7015958312978342, "eval_f1_macro": 0.5764243117631962, "eval_prec_ADJ": 0.6382660687593423, "eval_f1_ADJ": 0.6229029905178701, "eval_support_ADJ": 702.0, "eval_prec_ADP": 0.9441441441441442, "eval_f1_ADP": 0.8826501965188096, "eval_support_ADP": 1897.0, "eval_prec_ADV": 0.6093189964157706, "eval_f1_ADV": 0.47752808988764045, "eval_support_ADV": 433.0, "eval_prec_AUX": 0.2926829268292683, "eval_f1_AUX": 0.36455696202531646, "eval_support_AUX": 149.0, "eval_prec_CCONJ": 0.9716713881019831, "eval_f1_CCONJ": 0.8738853503184714, "eval_support_CCONJ": 432.0, "eval_prec_DET": 0.9586776859504132, "eval_f1_DET": 0.15364238410596026, "eval_support_DET": 1389.0, "eval_prec_INTJ": 0.0, "eval_f1_INTJ": 0.0, "eval_support_INTJ": 0.0, "eval_prec_NOUN": 0.6334443387250238, "eval_f1_NOUN": 0.7322975388422934, "eval_support_NOUN": 3069.0, "eval_prec_NUM": 0.5941043083900227, "eval_f1_NUM": 0.7197802197802198, "eval_support_NUM": 287.0, "eval_prec_PART": 0.0, "eval_f1_PART": 0.0, "eval_support_PART": 0.0, "eval_prec_PRON": 0.43513513513513513, "eval_f1_PRON": 0.38516746411483255, "eval_support_PRON": 466.0, "eval_prec_PROPN": 0.607681755829904, "eval_f1_PROPN": 0.6773700305810397, "eval_support_PROPN": 579.0, "eval_prec_PUNCT": 0.7680412371134021, "eval_f1_PUNCT": 0.8565953369530501, "eval_support_PUNCT": 1385.0, "eval_prec_SCONJ": 0.5902964959568733, "eval_f1_SCONJ": 0.5572519083969466, "eval_support_SCONJ": 415.0, "eval_prec_SYM": 0.0, "eval_f1_SYM": 0.0, "eval_support_SYM": 0.0, "eval_prec_VERB": 0.7610294117647058, "eval_f1_VERB": 0.7663118926422953, "eval_support_VERB": 1073.0, "eval_prec_X": 0.0, "eval_f1_X": 0.0, "eval_support_X": 6.0, "eval_runtime": 10.0656, "eval_samples_per_second": 48.78, "eval_steps_per_second": 1.59}