{"eval_loss": 0.26379817724227905, "eval_token_acc": 0.9346111610262554, "eval_f1_macro": 0.7861938867050096, "eval_prec_ADJ": 0.9288194444444444, "eval_f1_ADJ": 0.9029535864978903, "eval_support_ADJ": 609.0, "eval_prec_ADP": 0.9779706275033377, "eval_f1_ADP": 0.9842122942559623, "eval_support_ADP": 1479.0, "eval_prec_ADV": 0.9118852459016393, "eval_f1_ADV": 0.9146968139773896, "eval_support_ADV": 485.0, "eval_prec_AUX": 0.9047619047619048, "eval_f1_AUX": 0.9022346368715084, "eval_support_AUX": 359.0, "eval_prec_CCONJ": 0.8984962406015038, "eval_f1_CCONJ": 0.9227799227799228, "eval_support_CCONJ": 252.0, "eval_prec_DET": 0.9850136239782016, "eval_f1_DET": 0.9813369528333898, "eval_support_DET": 1479.0, "eval_prec_INTJ": 0.0, "eval_f1_INTJ": 0.0, "eval_support_INTJ": 9.0, "eval_prec_NOUN": 0.9820393974507532, "eval_f1_NOUN": 0.942714126807564, "eval_support_NOUN": 1870.0, "eval_prec_NUM": 0.9139344262295082, "eval_f1_NUM": 0.9429175475687104, "eval_support_NUM": 229.0, "eval_prec_PART": 0.0, "eval_f1_PART": 0.0, "eval_support_PART": 0.0, "eval_prec_PRON": 0.9424307036247335, "eval_f1_PRON": 0.8607594936708861, "eval_support_PRON": 558.0, "eval_prec_PROPN": 0.735202492211838, "eval_f1_PROPN": 0.8361381753764393, "eval_support_PROPN": 487.0, "eval_prec_PUNCT": 0.9761316872427983, "eval_f1_PUNCT": 0.9879216992919617, "eval_support_PUNCT": 1186.0, "eval_prec_SCONJ": 0.6046511627906976, "eval_f1_SCONJ": 0.6933333333333334, "eval_support_SCONJ": 128.0, "eval_prec_SYM": 0.75, "eval_f1_SYM": 0.676056338028169, "eval_support_SYM": 39.0, "eval_prec_VERB": 0.9058402860548271, "eval_f1_VERB": 0.9156626506024096, "eval_support_VERB": 821.0, "eval_prec_X": 0.12, "eval_f1_X": 0.11538461538461539, "eval_support_X": 27.0, "eval_runtime": 6.6825, "eval_samples_per_second": 62.252, "eval_steps_per_second": 1.945}