{"eval_loss": 0.8392996191978455, "eval_token_acc": 0.7883080931444391, "eval_f1_macro": 0.6592756894740596, "eval_prec_ADJ": 0.7233294255568582, "eval_f1_ADJ": 0.7935691318327974, "eval_support_ADJ": 702.0, "eval_prec_ADP": 0.8893254747871644, "eval_f1_ADP": 0.7932242990654206, "eval_support_ADP": 1897.0, "eval_prec_ADV": 0.7077625570776256, "eval_f1_ADV": 0.711825487944891, "eval_support_ADV": 433.0, "eval_prec_AUX": 0.4305555555555556, "eval_f1_AUX": 0.5095890410958904, "eval_support_AUX": 149.0, "eval_prec_CCONJ": 0.9875930521091811, "eval_f1_CCONJ": 0.9532934131736527, "eval_support_CCONJ": 432.0, "eval_prec_DET": 0.955637707948244, "eval_f1_DET": 0.8369081343585593, "eval_support_DET": 1389.0, "eval_prec_INTJ": 0.0, "eval_f1_INTJ": 0.0, "eval_support_INTJ": 0.0, "eval_prec_NOUN": 0.9379432624113475, "eval_f1_NOUN": 0.8982849380200374, "eval_support_NOUN": 3069.0, "eval_prec_NUM": 0.9637096774193549, "eval_f1_NUM": 0.8934579439252337, "eval_support_NUM": 287.0, "eval_prec_PART": 0.0, "eval_f1_PART": 0.0, "eval_support_PART": 0.0, "eval_prec_PRON": 0.457286432160804, "eval_f1_PRON": 0.2736842105263158, "eval_support_PRON": 466.0, "eval_prec_PROPN": 0.6545698924731183, "eval_f1_PROPN": 0.7362055933484505, "eval_support_PROPN": 579.0, "eval_prec_PUNCT": 0.8399029714978775, "eval_f1_PUNCT": 0.912986156888596, "eval_support_PUNCT": 1385.0, "eval_prec_SCONJ": 0.9709677419354839, "eval_f1_SCONJ": 0.8303448275862069, "eval_support_SCONJ": 415.0, "eval_prec_SYM": 0.0, "eval_f1_SYM": 0.0, "eval_support_SYM": 0.0, "eval_prec_VERB": 0.8232611174458381, "eval_f1_VERB": 0.7405128205128205, "eval_support_VERB": 1073.0, "eval_prec_X": 0.0026455026455026454, "eval_f1_X": 0.005249343832020997, "eval_support_X": 6.0, "eval_runtime": 10.1481, "eval_samples_per_second": 48.384, "eval_steps_per_second": 1.577}