{"eval_loss": 0.13970947265625, "eval_token_acc": 0.9644070195301444, "eval_f1_macro": 0.9208200176796546, "eval_prec_ADJ": 0.9345079787234043, "eval_f1_ADJ": 0.9456686291000841, "eval_support_ADJ": 2937.0, "eval_prec_ADP": 0.9929561963460268, "eval_f1_ADP": 0.9945981699922831, "eval_support_ADP": 4528.0, "eval_prec_ADV": 0.941747572815534, "eval_f1_ADV": 0.9371980676328503, "eval_support_ADV": 104.0, "eval_prec_AUX": 0.9072164948453608, "eval_f1_AUX": 0.9002557544757033, "eval_support_AUX": 197.0, "eval_prec_CCONJ": 0.9934043632673769, "eval_f1_CCONJ": 0.995677599796593, "eval_support_CCONJ": 1962.0, "eval_prec_DET": 0.9407294832826748, "eval_f1_DET": 0.9664324746291959, "eval_support_DET": 623.0, "eval_prec_INTJ": 0.0, "eval_f1_INTJ": 0.0, "eval_support_INTJ": 0.0, "eval_prec_NOUN": 0.9613426166476151, "eval_f1_NOUN": 0.9651538862806468, "eval_support_NOUN": 9547.0, "eval_prec_NUM": 0.9748427672955975, "eval_f1_NUM": 0.9847522236340533, "eval_support_NUM": 779.0, "eval_prec_PART": 0.9244444444444444, "eval_f1_PART": 0.9223946784922394, "eval_support_PART": 226.0, "eval_prec_PRON": 0.9877622377622378, "eval_f1_PRON": 0.9925340360122968, "eval_support_PRON": 1133.0, "eval_prec_PROPN": 0.9, "eval_f1_PROPN": 0.43902439024390244, "eval_support_PROPN": 31.0, "eval_prec_PUNCT": 0.9985401459854014, "eval_f1_PUNCT": 0.9992695398100804, "eval_support_PUNCT": 2052.0, "eval_prec_SCONJ": 0.9849906191369606, "eval_f1_SCONJ": 0.9831460674157303, "eval_support_SCONJ": 535.0, "eval_prec_SYM": 1.0, "eval_f1_SYM": 0.975, "eval_support_SYM": 41.0, "eval_prec_VERB": 0.9646579066606252, "eval_f1_VERB": 0.9686078252957234, "eval_support_VERB": 2189.0, "eval_prec_X": 0.8373702422145328, "eval_f1_X": 0.7634069400630915, "eval_support_X": 1380.0, "eval_runtime": 30.1666, "eval_samples_per_second": 22.541, "eval_steps_per_second": 0.729}