{"eval_loss": 1.2444894313812256, "eval_token_acc": 0.6626977518734388, "eval_f1_macro": 0.47291902618923104, "eval_prec_ADJ": 0.5606694560669456, "eval_f1_ADJ": 0.5244618395303327, "eval_support_ADJ": 272.0, "eval_prec_ADP": 0.36049723756906077, "eval_f1_ADP": 0.414614773629865, "eval_support_ADP": 535.0, "eval_prec_ADV": 0.300944669365722, "eval_f1_ADV": 0.4317521781219748, "eval_support_ADV": 292.0, "eval_prec_AUX": 0.48412698412698413, "eval_f1_AUX": 0.45807259073842305, "eval_support_AUX": 421.0, "eval_prec_CCONJ": 0.7123287671232876, "eval_f1_CCONJ": 0.7609756097560976, "eval_support_CCONJ": 191.0, "eval_prec_DET": 0.4520547945205479, "eval_f1_DET": 0.3113207547169811, "eval_support_DET": 139.0, "eval_prec_INTJ": 0.0, "eval_f1_INTJ": 0.0, "eval_support_INTJ": 0.0, "eval_prec_NOUN": 0.6944956544640506, "eval_f1_NOUN": 0.7418764945843297, "eval_support_NOUN": 3312.0, "eval_prec_NUM": 0.7855029585798816, "eval_f1_NUM": 0.7990970654627539, "eval_support_NUM": 653.0, "eval_prec_PART": 0.0, "eval_f1_PART": 0.0, "eval_support_PART": 992.0, "eval_prec_PRON": 0.4634146341463415, "eval_f1_PRON": 0.5846153846153846, "eval_support_PRON": 168.0, "eval_prec_PROPN": 0.7995951417004049, "eval_f1_PROPN": 0.7923771313941825, "eval_support_PROPN": 1006.0, "eval_prec_PUNCT": 0.732072151341839, "eval_f1_PUNCT": 0.8401918707397122, "eval_support_PUNCT": 1688.0, "eval_prec_SCONJ": 0.33689839572192515, "eval_f1_SCONJ": 0.18208092485549132, "eval_support_SCONJ": 505.0, "eval_prec_SYM": 0.0, "eval_f1_SYM": 0.0, "eval_support_SYM": 3.0, "eval_prec_VERB": 0.8060224089635855, "eval_f1_VERB": 0.7252678008821676, "eval_support_VERB": 1746.0, "eval_prec_X": 0.0, "eval_f1_X": 0.0, "eval_support_X": 87.0, "eval_runtime": 9.4429, "eval_samples_per_second": 52.95, "eval_steps_per_second": 1.694}