{"eval_loss": 1.0097756385803223, "eval_token_acc": 0.7194768892882101, "eval_f1_macro": 0.509997328081533, "eval_prec_ADJ": 0.5980861244019139, "eval_f1_ADJ": 0.48685491723466406, "eval_support_ADJ": 609.0, "eval_prec_ADP": 0.8633405639913232, "eval_f1_ADP": 0.8343815513626834, "eval_support_ADP": 1479.0, "eval_prec_ADV": 0.4560862865947612, "eval_f1_ADV": 0.5220458553791887, "eval_support_ADV": 485.0, "eval_prec_AUX": 0.7427652733118971, "eval_f1_AUX": 0.6895522388059702, "eval_support_AUX": 359.0, "eval_prec_CCONJ": 0.9617224880382775, "eval_f1_CCONJ": 0.8720173535791758, "eval_support_CCONJ": 252.0, "eval_prec_DET": 0.9036885245901639, "eval_f1_DET": 0.4483985765124555, "eval_support_DET": 1479.0, "eval_prec_INTJ": 0.0, "eval_f1_INTJ": 0.0, "eval_support_INTJ": 9.0, "eval_prec_NOUN": 0.6968325791855203, "eval_f1_NOUN": 0.7877237851662404, "eval_support_NOUN": 1870.0, "eval_prec_NUM": 0.3157894736842105, "eval_f1_NUM": 0.4662857142857143, "eval_support_NUM": 229.0, "eval_prec_PART": 0.0, "eval_f1_PART": 0.0, "eval_support_PART": 0.0, "eval_prec_PRON": 0.5592485549132948, "eval_f1_PRON": 0.6192, "eval_support_PRON": 558.0, "eval_prec_PROPN": 0.735966735966736, "eval_f1_PROPN": 0.731404958677686, "eval_support_PROPN": 487.0, "eval_prec_PUNCT": 0.9322301024428684, "eval_f1_PUNCT": 0.9637474541751527, "eval_support_PUNCT": 1186.0, "eval_prec_SCONJ": 0.39436619718309857, "eval_f1_SCONJ": 0.4148148148148148, "eval_support_SCONJ": 128.0, "eval_prec_SYM": 0.0, "eval_f1_SYM": 0.0, "eval_support_SYM": 39.0, "eval_prec_VERB": 0.798216276477146, "eval_f1_VERB": 0.8335273573923166, "eval_support_VERB": 821.0, "eval_prec_X": 0.0, "eval_f1_X": 0.0, "eval_support_X": 27.0, "eval_runtime": 6.738, "eval_samples_per_second": 61.74, "eval_steps_per_second": 1.929}