{"eval_loss": 1.3007370233535767, "eval_token_acc": 0.6482211043093521, "eval_f1_macro": 0.48868809151188536, "eval_prec_ADJ": 0.7566225165562914, "eval_f1_ADJ": 0.743996743996744, "eval_support_ADJ": 1249.0, "eval_prec_ADP": 0.8533480907581626, "eval_f1_ADP": 0.9043988269794722, "eval_support_ADP": 1603.0, "eval_prec_ADV": 0.8392857142857143, "eval_f1_ADV": 0.7144408251900108, "eval_support_ADV": 1058.0, "eval_prec_AUX": 0.855072463768116, "eval_f1_AUX": 0.5694980694980695, "eval_support_AUX": 691.0, "eval_prec_CCONJ": 0.7130872483221476, "eval_f1_CCONJ": 0.8049242424242424, "eval_support_CCONJ": 460.0, "eval_prec_DET": 0.4144144144144144, "eval_f1_DET": 0.10627647285329227, "eval_support_DET": 2264.0, "eval_prec_INTJ": 0.0, "eval_f1_INTJ": 0.0, "eval_support_INTJ": 4.0, "eval_prec_NOUN": 0.6013541239228559, "eval_f1_NOUN": 0.7341264871634314, "eval_support_NOUN": 3111.0, "eval_prec_NUM": 0.6297297297297297, "eval_f1_NUM": 0.7728026533996684, "eval_support_NUM": 233.0, "eval_prec_PART": 0.6593406593406593, "eval_f1_PART": 0.6122448979591837, "eval_support_PART": 210.0, "eval_prec_PRON": 0.9292035398230089, "eval_f1_PRON": 0.2567237163814181, "eval_support_PRON": 705.0, "eval_prec_PROPN": 0.0, "eval_f1_PROPN": 0.0, "eval_support_PROPN": 1022.0, "eval_prec_PUNCT": 0.9782312925170068, "eval_f1_PUNCT": 0.9437759789980311, "eval_support_PUNCT": 2366.0, "eval_prec_SCONJ": 0.4049079754601227, "eval_f1_SCONJ": 0.3987915407854985, "eval_support_SCONJ": 168.0, "eval_prec_SYM": 0.0, "eval_f1_SYM": 0.0, "eval_support_SYM": 4.0, "eval_prec_VERB": 0.6555223880597015, "eval_f1_VERB": 0.7317560813062313, "eval_support_VERB": 1326.0, "eval_prec_X": 0.007065217391304348, "eval_f1_X": 0.013941018766756031, "eval_support_X": 25.0, "eval_runtime": 11.712, "eval_samples_per_second": 83.419, "eval_steps_per_second": 2.647}