{"eval_loss": 0.5722532272338867, "eval_token_acc": 0.8579414994509335, "eval_f1_macro": 0.6637820171392355, "eval_prec_ADJ": 0.8678500986193294, "eval_f1_ADJ": 0.7885304659498208, "eval_support_ADJ": 609.0, "eval_prec_ADP": 0.9350104821802935, "eval_f1_ADP": 0.9195876288659793, "eval_support_ADP": 1479.0, "eval_prec_ADV": 0.6875, "eval_f1_ADV": 0.7464655984919887, "eval_support_ADV": 485.0, "eval_prec_AUX": 0.7686567164179104, "eval_f1_AUX": 0.812089356110381, "eval_support_AUX": 359.0, "eval_prec_CCONJ": 0.8776978417266187, "eval_f1_CCONJ": 0.9207547169811321, "eval_support_CCONJ": 252.0, "eval_prec_DET": 0.9511811023622048, "eval_f1_DET": 0.878865041833394, "eval_support_DET": 1479.0, "eval_prec_INTJ": 0.0, "eval_f1_INTJ": 0.0, "eval_support_INTJ": 9.0, "eval_prec_NOUN": 0.8916797488226059, "eval_f1_NOUN": 0.9013488495107115, "eval_support_NOUN": 1870.0, "eval_prec_NUM": 0.6064690026954178, "eval_f1_NUM": 0.75, "eval_support_NUM": 229.0, "eval_prec_PART": 0.0, "eval_f1_PART": 0.0, "eval_support_PART": 0.0, "eval_prec_PRON": 0.6508620689655172, "eval_f1_PRON": 0.5909980430528375, "eval_support_PRON": 558.0, "eval_prec_PROPN": 0.8512931034482759, "eval_f1_PROPN": 0.8307045215562566, "eval_support_PROPN": 487.0, "eval_prec_PUNCT": 0.9412698412698413, "eval_f1_PUNCT": 0.9697465249386754, "eval_support_PUNCT": 1186.0, "eval_prec_SCONJ": 0.5069124423963134, "eval_f1_SCONJ": 0.6376811594202898, "eval_support_SCONJ": 128.0, "eval_prec_SYM": 0.0, "eval_f1_SYM": 0.0, "eval_support_SYM": 39.0, "eval_prec_VERB": 0.851039260969977, "eval_f1_VERB": 0.8737403675163011, "eval_support_VERB": 821.0, "eval_prec_X": 0.0, "eval_f1_X": 0.0, "eval_support_X": 27.0, "eval_runtime": 6.7437, "eval_samples_per_second": 61.687, "eval_steps_per_second": 1.928}