{"eval_loss": 0.7381759285926819, "eval_token_acc": 0.8069579974543912, "eval_f1_macro": 0.5868634902410554, "eval_prec_ADJ": 0.9206008583690987, "eval_f1_ADJ": 0.5002915451895044, "eval_support_ADJ": 1249.0, "eval_prec_ADP": 0.766052762568442, "eval_f1_ADP": 0.8521594684385382, "eval_support_ADP": 1603.0, "eval_prec_ADV": 0.5878750765462339, "eval_f1_ADV": 0.7134894091415831, "eval_support_ADV": 1058.0, "eval_prec_AUX": 0.8851132686084142, "eval_f1_AUX": 0.8357524828113063, "eval_support_AUX": 691.0, "eval_prec_CCONJ": 0.9140461215932913, "eval_f1_CCONJ": 0.9306296691568837, "eval_support_CCONJ": 460.0, "eval_prec_DET": 0.9182984469952734, "eval_f1_DET": 0.7263017356475301, "eval_support_DET": 2264.0, "eval_prec_INTJ": 0.0, "eval_f1_INTJ": 0.0, "eval_support_INTJ": 4.0, "eval_prec_NOUN": 0.8459574468085106, "eval_f1_NOUN": 0.8987341772151899, "eval_support_NOUN": 3111.0, "eval_prec_NUM": 0.49361702127659574, "eval_f1_NUM": 0.6600284495021337, "eval_support_NUM": 233.0, "eval_prec_PART": 0.0, "eval_f1_PART": 0.0, "eval_support_PART": 210.0, "eval_prec_PRON": 0.5744089012517385, "eval_f1_PRON": 0.5800561797752809, "eval_support_PRON": 705.0, "eval_prec_PROPN": 0.8658798283261803, "eval_f1_PROPN": 0.8259979529170931, "eval_support_PROPN": 1022.0, "eval_prec_PUNCT": 0.9919390953873712, "eval_f1_PUNCT": 0.9632528810611002, "eval_support_PUNCT": 2366.0, "eval_prec_SCONJ": 0.5232974910394266, "eval_f1_SCONJ": 0.6532438478747203, "eval_support_SCONJ": 168.0, "eval_prec_SYM": 0.0, "eval_f1_SYM": 0.0, "eval_support_SYM": 4.0, "eval_prec_VERB": 0.7531683765841883, "eval_f1_VERB": 0.8367415353670801, "eval_support_VERB": 1326.0, "eval_prec_X": 0.0, "eval_f1_X": 0.0, "eval_support_X": 25.0, "eval_runtime": 11.8384, "eval_samples_per_second": 82.528, "eval_steps_per_second": 2.619}