{"eval_loss": 1.135844111442566, "eval_token_acc": 0.6635560739876687, "eval_f1_macro": 0.4916985291896645, "eval_prec_ADJ": 0.6455331412103746, "eval_f1_ADJ": 0.4400785854616896, "eval_support_ADJ": 671.0, "eval_prec_ADP": 0.797071129707113, "eval_f1_ADP": 0.6881396748946418, "eval_support_ADP": 1888.0, "eval_prec_ADV": 0.5058139534883721, "eval_f1_ADV": 0.554140127388535, "eval_support_ADV": 426.0, "eval_prec_AUX": 0.740983606557377, "eval_f1_AUX": 0.710691823899371, "eval_support_AUX": 331.0, "eval_prec_CCONJ": 0.9427609427609428, "eval_f1_CCONJ": 0.8069164265129684, "eval_support_CCONJ": 397.0, "eval_prec_DET": 0.962877030162413, "eval_f1_DET": 0.3893058161350844, "eval_support_DET": 1701.0, "eval_prec_INTJ": 0.0, "eval_f1_INTJ": 0.0, "eval_support_INTJ": 1.0, "eval_prec_NOUN": 0.717391304347826, "eval_f1_NOUN": 0.7923169267707083, "eval_support_NOUN": 2238.0, "eval_prec_NUM": 0.42447418738049714, "eval_f1_NUM": 0.5896414342629482, "eval_support_NUM": 230.0, "eval_prec_PART": 0.0, "eval_f1_PART": 0.0, "eval_support_PART": 1.0, "eval_prec_PRON": 0.38076923076923075, "eval_f1_PRON": 0.4074074074074074, "eval_support_PRON": 452.0, "eval_prec_PROPN": 0.8645669291338582, "eval_f1_PROPN": 0.755677907777013, "eval_support_PROPN": 818.0, "eval_prec_PUNCT": 0.930780559646539, "eval_f1_PUNCT": 0.9619482496194824, "eval_support_PUNCT": 1270.0, "eval_prec_SCONJ": 0.5418994413407822, "eval_f1_SCONJ": 0.375968992248062, "eval_support_SCONJ": 337.0, "eval_prec_SYM": 0.0, "eval_f1_SYM": 0.0, "eval_support_SYM": 25.0, "eval_prec_VERB": 0.7210072895957588, "eval_f1_VERB": 0.8122433743934304, "eval_support_VERB": 1170.0, "eval_prec_X": 0.0413625304136253, "eval_f1_X": 0.07439824945295405, "eval_support_X": 46.0, "eval_runtime": 8.6728, "eval_samples_per_second": 49.234, "eval_steps_per_second": 1.614}