{"eval_loss": 0.788506269454956, "eval_token_acc": 0.8029636866959778, "eval_f1_macro": 0.6023662894110289, "eval_prec_ADJ": 0.627170582226762, "eval_f1_ADJ": 0.7305175490779298, "eval_support_ADJ": 702.0, "eval_prec_ADP": 0.9667444574095683, "eval_f1_ADP": 0.91775131542509, "eval_support_ADP": 1897.0, "eval_prec_ADV": 0.7896825396825397, "eval_f1_ADV": 0.581021897810219, "eval_support_ADV": 433.0, "eval_prec_AUX": 0.6130952380952381, "eval_f1_AUX": 0.6498422712933754, "eval_support_AUX": 149.0, "eval_prec_CCONJ": 0.9781021897810219, "eval_f1_CCONJ": 0.9537366548042705, "eval_support_CCONJ": 432.0, "eval_prec_DET": 0.966698382492864, "eval_f1_DET": 0.8327868852459016, "eval_support_DET": 1389.0, "eval_prec_INTJ": 0.0, "eval_f1_INTJ": 0.0, "eval_support_INTJ": 0.0, "eval_prec_NOUN": 0.7665336374002281, "eval_f1_NOUN": 0.8176980386194314, "eval_support_NOUN": 3069.0, "eval_prec_NUM": 0.968503937007874, "eval_f1_NUM": 0.5942028985507246, "eval_support_NUM": 287.0, "eval_prec_PART": 0.0, "eval_f1_PART": 0.0, "eval_support_PART": 0.0, "eval_prec_PRON": 0.38227146814404434, "eval_f1_PRON": 0.33373639661426846, "eval_support_PRON": 466.0, "eval_prec_PROPN": 0.5328947368421053, "eval_f1_PROPN": 0.6519114688128773, "eval_support_PROPN": 579.0, "eval_prec_PUNCT": 0.8444722048719551, "eval_f1_PUNCT": 0.9055592766242465, "eval_support_PUNCT": 1385.0, "eval_prec_SCONJ": 0.9164556962025316, "eval_f1_SCONJ": 0.8938271604938272, "eval_support_SCONJ": 415.0, "eval_prec_SYM": 0.0, "eval_f1_SYM": 0.0, "eval_support_SYM": 0.0, "eval_prec_VERB": 0.9161372299872935, "eval_f1_VERB": 0.7752688172043011, "eval_support_VERB": 1073.0, "eval_prec_X": 0.0, "eval_f1_X": 0.0, "eval_support_X": 6.0, "eval_runtime": 10.2871, "eval_samples_per_second": 47.73, "eval_steps_per_second": 1.555}