{"eval_loss": 0.9687349796295166, "eval_token_acc": 0.7563561010600144, "eval_f1_macro": 0.5849753083865967, "eval_prec_ADJ": 0.6780072904009721, "eval_f1_ADJ": 0.6499708794408853, "eval_support_ADJ": 1788.0, "eval_prec_ADP": 0.7631802721088435, "eval_f1_ADP": 0.8201964816084076, "eval_support_ADP": 2025.0, "eval_prec_ADV": 0.7131519274376418, "eval_f1_ADV": 0.6068499758803666, "eval_support_ADV": 1191.0, "eval_prec_AUX": 0.8922448979591837, "eval_f1_AUX": 0.7897398843930635, "eval_support_AUX": 1543.0, "eval_prec_CCONJ": 0.9701492537313433, "eval_f1_CCONJ": 0.9708078750848609, "eval_support_CCONJ": 736.0, "eval_prec_DET": 0.8142774230992456, "eval_f1_DET": 0.7751381215469614, "eval_support_DET": 1897.0, "eval_prec_INTJ": 0.3208955223880597, "eval_f1_INTJ": 0.33725490196078434, "eval_support_INTJ": 121.0, "eval_prec_NOUN": 0.6201450443190974, "eval_f1_NOUN": 0.7451587916343919, "eval_support_NOUN": 4123.0, "eval_prec_NUM": 0.40643863179074446, "eval_f1_NUM": 0.3888354186717998, "eval_support_NUM": 542.0, "eval_prec_PART": 0.017241379310344827, "eval_f1_PART": 0.002828854314002829, "eval_support_PART": 649.0, "eval_prec_PRON": 0.931958762886598, "eval_f1_PRON": 0.8810916179337231, "eval_support_PRON": 2164.0, "eval_prec_PROPN": 0.7388724035608308, "eval_f1_PROPN": 0.7861975642760487, "eval_support_PROPN": 2075.0, "eval_prec_PUNCT": 0.9471048513302034, "eval_f1_PUNCT": 0.9620092195199491, "eval_support_PUNCT": 3096.0, "eval_prec_SCONJ": 0.577433628318584, "eval_f1_SCONJ": 0.6244019138755981, "eval_support_SCONJ": 384.0, "eval_prec_SYM": 0.0, "eval_f1_SYM": 0.0, "eval_support_SYM": 113.0, "eval_prec_VERB": 0.7679100059206632, "eval_f1_VERB": 0.6040987424312995, "eval_support_VERB": 2605.0, "eval_prec_X": 0.0, "eval_f1_X": 0.0, "eval_support_X": 42.0, "eval_runtime": 24.7209, "eval_samples_per_second": 84.018, "eval_steps_per_second": 2.629}