{"eval_loss": 0.766624391078949, "eval_token_acc": 0.796834210417271, "eval_f1_macro": 0.6283335500663264, "eval_prec_ADJ": 0.7656934306569343, "eval_f1_ADJ": 0.6942422236929185, "eval_support_ADJ": 1652.0, "eval_prec_ADP": 0.986692759295499, "eval_f1_ADP": 0.8456893659845689, "eval_support_ADP": 3407.0, "eval_prec_ADV": 0.4004474272930649, "eval_f1_ADV": 0.5602503912363067, "eval_support_ADV": 384.0, "eval_prec_AUX": 0.84, "eval_f1_AUX": 0.6724482988659106, "eval_support_AUX": 899.0, "eval_prec_CCONJ": 0.9903288201160542, "eval_f1_CCONJ": 0.9941747572815534, "eval_support_CCONJ": 1026.0, "eval_prec_DET": 0.7418111753371869, "eval_f1_DET": 0.7623762376237624, "eval_support_DET": 491.0, "eval_prec_INTJ": 0.0, "eval_f1_INTJ": 0.0, "eval_support_INTJ": 27.0, "eval_prec_NOUN": 0.9234080451239424, "eval_f1_NOUN": 0.8319069269858251, "eval_support_NOUN": 8219.0, "eval_prec_NUM": 0.7066666666666667, "eval_f1_NUM": 0.715008431703204, "eval_support_NUM": 293.0, "eval_prec_PART": 0.0, "eval_f1_PART": 0.0, "eval_support_PART": 28.0, "eval_prec_PRON": 0.49409571162212557, "eval_f1_PRON": 0.5813528336380256, "eval_support_PRON": 1126.0, "eval_prec_PROPN": 0.643652561247216, "eval_f1_PROPN": 0.7054515866558178, "eval_support_PROPN": 1111.0, "eval_prec_PUNCT": 0.9524021352313167, "eval_f1_PUNCT": 0.9756208703577125, "eval_support_PUNCT": 2141.0, "eval_prec_SCONJ": 0.9649122807017544, "eval_f1_SCONJ": 0.9610802223987291, "eval_support_SCONJ": 632.0, "eval_prec_SYM": 0.0, "eval_f1_SYM": 0.0, "eval_support_SYM": 0.0, "eval_prec_VERB": 0.6268142681426814, "eval_f1_VERB": 0.753734654636888, "eval_support_VERB": 2696.0, "eval_prec_X": 0.0, "eval_f1_X": 0.0, "eval_support_X": 1.0, "eval_runtime": 18.1052, "eval_samples_per_second": 80.363, "eval_steps_per_second": 2.541}