{"eval_loss": 1.1117106676101685, "eval_token_acc": 0.7554695062923523, "eval_f1_macro": 0.4458502835881623, "eval_prec_ADJ": 0.6258278145695364, "eval_f1_ADJ": 0.5815384615384616, "eval_support_ADJ": 696.0, "eval_prec_ADP": 0.9868421052631579, "eval_f1_ADP": 0.6578947368421053, "eval_support_ADP": 152.0, "eval_prec_ADV": 0.23952095808383234, "eval_f1_ADV": 0.36003600360036003, "eval_support_ADV": 276.0, "eval_prec_AUX": 0.7384615384615385, "eval_f1_AUX": 0.5, "eval_support_AUX": 254.0, "eval_prec_CCONJ": 0.6666666666666666, "eval_f1_CCONJ": 0.6495726495726496, "eval_support_CCONJ": 120.0, "eval_prec_DET": 0.13513513513513514, "eval_f1_DET": 0.18716577540106952, "eval_support_DET": 115.0, "eval_prec_INTJ": 0.0, "eval_f1_INTJ": 0.0, "eval_support_INTJ": 30.0, "eval_prec_NOUN": 0.8856271444910407, "eval_f1_NOUN": 0.7777033813190493, "eval_support_NOUN": 3351.0, "eval_prec_NUM": 0.7294685990338164, "eval_f1_NUM": 0.6439232409381663, "eval_support_NUM": 262.0, "eval_prec_PART": 0.0, "eval_f1_PART": 0.0, "eval_support_PART": 44.0, "eval_prec_PRON": 0.8475499092558983, "eval_f1_PRON": 0.7354330708661417, "eval_support_PRON": 719.0, "eval_prec_PROPN": 0.06540084388185655, "eval_f1_PROPN": 0.1222879684418146, "eval_support_PROPN": 33.0, "eval_prec_PUNCT": 0.9801644895984518, "eval_f1_PUNCT": 0.9856482607638044, "eval_support_PUNCT": 2044.0, "eval_prec_SCONJ": 0.8571428571428571, "eval_f1_SCONJ": 0.5217391304347826, "eval_support_SCONJ": 16.0, "eval_prec_SYM": 0.0, "eval_f1_SYM": 0.0, "eval_support_SYM": 0.0, "eval_prec_VERB": 0.8369283865401208, "eval_f1_VERB": 0.8565121412803532, "eval_support_VERB": 2212.0, "eval_prec_X": 0.0, "eval_f1_X": 0.0, "eval_support_X": 6.0, "eval_runtime": 10.9553, "eval_samples_per_second": 82.152, "eval_steps_per_second": 2.647}