{"eval_loss": 1.7866777181625366, "eval_token_acc": 0.529090619271539, "eval_f1_macro": 0.28697174297567174, "eval_prec_ADJ": 0.676343421865349, "eval_f1_ADJ": 0.6427942471382448, "eval_support_ADJ": 1788.0, "eval_prec_ADP": 0.7913669064748201, "eval_f1_ADP": 0.10166358595194085, "eval_support_ADP": 2025.0, "eval_prec_ADV": 0.631578947368421, "eval_f1_ADV": 0.09331259720062209, "eval_support_ADV": 1191.0, "eval_prec_AUX": 0.8691796008869179, "eval_f1_AUX": 0.39317953861584753, "eval_support_AUX": 1543.0, "eval_prec_CCONJ": 0.8038461538461539, "eval_f1_CCONJ": 0.6656050955414012, "eval_support_CCONJ": 736.0, "eval_prec_DET": 1.0, "eval_f1_DET": 0.001053740779768177, "eval_support_DET": 1897.0, "eval_prec_INTJ": 0.0, "eval_f1_INTJ": 0.0, "eval_support_INTJ": 121.0, "eval_prec_NOUN": 0.4722882968601332, "eval_f1_NOUN": 0.6337882052509776, "eval_support_NOUN": 4123.0, "eval_prec_NUM": 0.3516483516483517, "eval_f1_NUM": 0.320962888665998, "eval_support_NUM": 542.0, "eval_prec_PART": 0.0, "eval_f1_PART": 0.0, "eval_support_PART": 649.0, "eval_prec_PRON": 0.3229546207353428, "eval_f1_PRON": 0.4754937820043892, "eval_support_PRON": 2164.0, "eval_prec_PROPN": 0.0, "eval_f1_PROPN": 0.0, "eval_support_PROPN": 2075.0, "eval_prec_PUNCT": 0.7232351566152407, "eval_f1_PUNCT": 0.8391646324925414, "eval_support_PUNCT": 3096.0, "eval_prec_SCONJ": 0.0, "eval_f1_SCONJ": 0.0, "eval_support_SCONJ": 384.0, "eval_prec_SYM": 0.0, "eval_f1_SYM": 0.0, "eval_support_SYM": 113.0, "eval_prec_VERB": 0.655663430420712, "eval_f1_VERB": 0.7115013169446883, "eval_support_VERB": 2605.0, "eval_prec_X": 0.0, "eval_f1_X": 0.0, "eval_support_X": 42.0, "eval_runtime": 24.3301, "eval_samples_per_second": 85.368, "eval_steps_per_second": 2.672}