{"eval_loss": 0.8466012477874756, "eval_token_acc": 0.7884878549435511, "eval_f1_macro": 0.5431287495708865, "eval_prec_ADJ": 0.604551920341394, "eval_f1_ADJ": 0.5977496483825597, "eval_support_ADJ": 719.0, "eval_prec_ADP": 0.7446540880503144, "eval_f1_ADP": 0.8222222222222222, "eval_support_ADP": 645.0, "eval_prec_ADV": 0.6068447412353923, "eval_f1_ADV": 0.6555455365193869, "eval_support_ADV": 1020.0, "eval_prec_AUX": 0.5625, "eval_f1_AUX": 0.6263736263736264, "eval_support_AUX": 242.0, "eval_prec_CCONJ": 0.41025641025641024, "eval_f1_CCONJ": 0.5818181818181818, "eval_support_CCONJ": 144.0, "eval_prec_DET": 0.4492753623188406, "eval_f1_DET": 0.6126482213438735, "eval_support_DET": 161.0, "eval_prec_INTJ": 0.0, "eval_f1_INTJ": 0.0, "eval_support_INTJ": 17.0, "eval_prec_NOUN": 0.9131736526946108, "eval_f1_NOUN": 0.8559901771619014, "eval_support_NOUN": 3029.0, "eval_prec_NUM": 0.9385474860335196, "eval_f1_NUM": 0.75, "eval_support_NUM": 269.0, "eval_prec_PART": 0.0, "eval_f1_PART": 0.0, "eval_support_PART": 89.0, "eval_prec_PRON": 0.5236686390532544, "eval_f1_PRON": 0.5865782932891467, "eval_support_PRON": 531.0, "eval_prec_PROPN": 0.9265734265734266, "eval_f1_PROPN": 0.9363957597173145, "eval_support_PROPN": 560.0, "eval_prec_PUNCT": 0.9976567076742824, "eval_f1_PUNCT": 0.9988269794721407, "eval_support_PUNCT": 1703.0, "eval_prec_SCONJ": 0.3602941176470588, "eval_f1_SCONJ": 0.1891891891891892, "eval_support_SCONJ": 382.0, "eval_prec_SYM": 0.14285714285714285, "eval_f1_SYM": 0.14285714285714285, "eval_support_SYM": 7.0, "eval_prec_VERB": 0.8703612073231074, "eval_f1_VERB": 0.846690734055355, "eval_support_VERB": 2134.0, "eval_prec_X": 0.038461538461538464, "eval_f1_X": 0.030303030303030304, "eval_support_X": 40.0, "eval_runtime": 6.1987, "eval_samples_per_second": 129.059, "eval_steps_per_second": 4.033}