{"eval_loss": 0.3899572491645813, "eval_token_acc": 0.9330944842526245, "eval_f1_macro": 0.7377646940345154, "eval_prec_ADJ": 0.8731034482758621, "eval_f1_ADJ": 0.9068767908309455, "eval_support_ADJ": 671.0, "eval_prec_ADP": 0.9909766454352441, "eval_f1_ADP": 0.9899257688229056, "eval_support_ADP": 1888.0, "eval_prec_ADV": 0.9209302325581395, "eval_f1_ADV": 0.9252336448598131, "eval_support_ADV": 426.0, "eval_prec_AUX": 0.8690095846645367, "eval_f1_AUX": 0.84472049689441, "eval_support_AUX": 331.0, "eval_prec_CCONJ": 0.9805013927576601, "eval_f1_CCONJ": 0.9312169312169312, "eval_support_CCONJ": 397.0, "eval_prec_DET": 0.9787750151607034, "eval_f1_DET": 0.9635820895522388, "eval_support_DET": 1701.0, "eval_prec_INTJ": 0.0, "eval_f1_INTJ": 0.0, "eval_support_INTJ": 1.0, "eval_prec_NOUN": 0.9533450704225352, "eval_f1_NOUN": 0.9605321507760533, "eval_support_NOUN": 2238.0, "eval_prec_NUM": 0.9531914893617022, "eval_f1_NUM": 0.9634408602150538, "eval_support_NUM": 230.0, "eval_prec_PART": 0.0, "eval_f1_PART": 0.0, "eval_support_PART": 1.0, "eval_prec_PRON": 0.6550079491255962, "eval_f1_PRON": 0.7622571692876966, "eval_support_PRON": 452.0, "eval_prec_PROPN": 0.9591836734693877, "eval_f1_PROPN": 0.9079201545396007, "eval_support_PROPN": 818.0, "eval_prec_PUNCT": 0.9984214680347278, "eval_f1_PUNCT": 0.997240835632637, "eval_support_PUNCT": 1270.0, "eval_prec_SCONJ": 0.7673267326732673, "eval_f1_SCONJ": 0.575139146567718, "eval_support_SCONJ": 337.0, "eval_prec_SYM": 0.6956521739130435, "eval_f1_SYM": 0.6666666666666666, "eval_support_SYM": 25.0, "eval_prec_VERB": 0.9241666666666667, "eval_f1_VERB": 0.9358649789029536, "eval_support_VERB": 1170.0, "eval_prec_X": 0.16883116883116883, "eval_f1_X": 0.21138211382113822, "eval_support_X": 46.0, "eval_runtime": 8.917, "eval_samples_per_second": 47.886, "eval_steps_per_second": 1.57}