{"eval_loss": 0.461077481508255, "eval_token_acc": 0.8817011081162025, "eval_f1_macro": 0.6689273112924861, "eval_prec_ADJ": 0.8326612903225806, "eval_f1_ADJ": 0.7475113122171946, "eval_support_ADJ": 609.0, "eval_prec_ADP": 0.9627465303140978, "eval_f1_ADP": 0.925561797752809, "eval_support_ADP": 1479.0, "eval_prec_ADV": 0.7539267015706806, "eval_f1_ADV": 0.6643598615916955, "eval_support_ADV": 485.0, "eval_prec_AUX": 0.8783068783068783, "eval_f1_AUX": 0.9009497964721845, "eval_support_AUX": 359.0, "eval_prec_CCONJ": 0.964, "eval_f1_CCONJ": 0.9601593625498008, "eval_support_CCONJ": 252.0, "eval_prec_DET": 0.9315514993481095, "eval_f1_DET": 0.9485562562230335, "eval_support_DET": 1479.0, "eval_prec_INTJ": 0.0, "eval_f1_INTJ": 0.0, "eval_support_INTJ": 9.0, "eval_prec_NOUN": 0.9319221967963387, "eval_f1_NOUN": 0.900497512437811, "eval_support_NOUN": 1870.0, "eval_prec_NUM": 0.9409090909090909, "eval_f1_NUM": 0.9220489977728286, "eval_support_NUM": 229.0, "eval_prec_PART": 0.0, "eval_f1_PART": 0.0, "eval_support_PART": 0.0, "eval_prec_PRON": 0.9747899159663865, "eval_f1_PRON": 0.8974854932301741, "eval_support_PRON": 558.0, "eval_prec_PROPN": 0.5551684088269454, "eval_f1_PROPN": 0.7091988130563798, "eval_support_PROPN": 487.0, "eval_prec_PUNCT": 0.9801652892561984, "eval_f1_PUNCT": 0.989983305509182, "eval_support_PUNCT": 1186.0, "eval_prec_SCONJ": 0.8222222222222222, "eval_f1_SCONJ": 0.844106463878327, "eval_support_SCONJ": 128.0, "eval_prec_SYM": 1.0, "eval_f1_SYM": 0.05, "eval_support_SYM": 39.0, "eval_prec_VERB": 0.928030303030303, "eval_f1_VERB": 0.9113453192808432, "eval_support_VERB": 821.0, "eval_prec_X": 0.0, "eval_f1_X": 0.0, "eval_support_X": 27.0, "eval_runtime": 7.2751, "eval_samples_per_second": 57.181, "eval_steps_per_second": 1.787}