{"eval_loss": 0.931833803653717, "eval_token_acc": 0.7641452489119039, "eval_f1_macro": 0.518856141967653, "eval_prec_ADJ": 0.6185567010309279, "eval_f1_ADJ": 0.4595744680851064, "eval_support_ADJ": 1477.0, "eval_prec_ADP": 0.7452801461632156, "eval_f1_ADP": 0.8430207526048394, "eval_support_ADP": 5045.0, "eval_prec_ADV": 0.5004712535344015, "eval_f1_ADV": 0.5280954748881154, "eval_support_ADV": 950.0, "eval_prec_AUX": 0.766743648960739, "eval_f1_AUX": 0.6069469835466179, "eval_support_AUX": 661.0, "eval_prec_CCONJ": 0.9968304278922345, "eval_f1_CCONJ": 0.7592033796016898, "eval_support_CCONJ": 1026.0, "eval_prec_DET": 0.9854238588415803, "eval_f1_DET": 0.7035464877447625, "eval_support_DET": 4696.0, "eval_prec_INTJ": 0.0, "eval_f1_INTJ": 0.0, "eval_support_INTJ": 0.0, "eval_prec_NOUN": 0.6632070576024909, "eval_f1_NOUN": 0.7691844718627746, "eval_support_NOUN": 5584.0, "eval_prec_NUM": 0.6666666666666666, "eval_f1_NUM": 0.7089715536105032, "eval_support_NUM": 856.0, "eval_prec_PART": 0.0, "eval_f1_PART": 0.0, "eval_support_PART": 46.0, "eval_prec_PRON": 0.2817796610169492, "eval_f1_PRON": 0.3153526970954357, "eval_support_PRON": 743.0, "eval_prec_PROPN": 0.8792540792540793, "eval_f1_PROPN": 0.7020286618276568, "eval_support_PROPN": 3228.0, "eval_prec_PUNCT": 0.9583924349881797, "eval_f1_PUNCT": 0.9763969171483622, "eval_support_PUNCT": 4074.0, "eval_prec_SCONJ": 0.06779661016949153, "eval_f1_SCONJ": 0.06722689075630252, "eval_support_SCONJ": 120.0, "eval_prec_SYM": 0.0, "eval_f1_SYM": 0.0, "eval_support_SYM": 107.0, "eval_prec_VERB": 0.8104800753059304, "eval_f1_VERB": 0.8621495327102804, "eval_support_VERB": 2805.0, "eval_prec_X": 0.0, "eval_f1_X": 0.0, "eval_support_X": 59.0, "eval_runtime": 21.5151, "eval_samples_per_second": 55.775, "eval_steps_per_second": 1.766}