{"eval_loss": 4.727897644042969, "eval_token_acc": 0.3563696919233972, "eval_f1_macro": 0.267728605054284, "eval_prec_ADJ": 0.21052631578947367, "eval_f1_ADJ": 0.0729483282674772, "eval_support_ADJ": 272.0, "eval_prec_ADP": 0.4425087108013937, "eval_f1_ADP": 0.30900243309002434, "eval_support_ADP": 535.0, "eval_prec_ADV": 0.16666666666666666, "eval_f1_ADV": 0.056818181818181816, "eval_support_ADV": 292.0, "eval_prec_AUX": 0.92, "eval_f1_AUX": 0.1031390134529148, "eval_support_AUX": 421.0, "eval_prec_CCONJ": 0.0392156862745098, "eval_f1_CCONJ": 0.01652892561983471, "eval_support_CCONJ": 191.0, "eval_prec_DET": 0.49074074074074076, "eval_f1_DET": 0.4291497975708502, "eval_support_DET": 139.0, "eval_prec_INTJ": 0.0, "eval_f1_INTJ": 0.0, "eval_support_INTJ": 0.0, "eval_prec_NOUN": 0.8716119828815977, "eval_f1_NOUN": 0.30451034139048094, "eval_support_NOUN": 3312.0, "eval_prec_NUM": 0.7653701380175659, "eval_f1_NUM": 0.8413793103448276, "eval_support_NUM": 653.0, "eval_prec_PART": 0.0, "eval_f1_PART": 0.0, "eval_support_PART": 992.0, "eval_prec_PRON": 0.9903846153846154, "eval_f1_PRON": 0.7573529411764706, "eval_support_PRON": 168.0, "eval_prec_PROPN": 0.6890547263681592, "eval_f1_PROPN": 0.7513562386980108, "eval_support_PROPN": 1006.0, "eval_prec_PUNCT": 0.20925328702555196, "eval_f1_PUNCT": 0.34605128205128205, "eval_support_PUNCT": 1688.0, "eval_prec_SCONJ": 0.0, "eval_f1_SCONJ": 0.0, "eval_support_SCONJ": 505.0, "eval_prec_SYM": 0.0, "eval_f1_SYM": 0.0, "eval_support_SYM": 3.0, "eval_prec_VERB": 0.8166666666666667, "eval_f1_VERB": 0.1973816717019134, "eval_support_VERB": 1746.0, "eval_prec_X": 0.0684931506849315, "eval_f1_X": 0.09803921568627451, "eval_support_X": 87.0, "eval_runtime": 13.6284, "eval_samples_per_second": 36.688, "eval_steps_per_second": 1.174}