{"eval_loss": 0.8958739042282104, "eval_token_acc": 0.785247469514625, "eval_f1_macro": 0.6120027127206688, "eval_prec_ADJ": 0.7315993359158827, "eval_f1_ADJ": 0.7354659248956884, "eval_support_ADJ": 1788.0, "eval_prec_ADP": 0.7696697920913168, "eval_f1_ADP": 0.84323358642251, "eval_support_ADP": 2025.0, "eval_prec_ADV": 0.7649880095923262, "eval_f1_ADV": 0.6301234567901235, "eval_support_ADV": 1191.0, "eval_prec_AUX": 0.8633093525179856, "eval_f1_AUX": 0.5361930294906166, "eval_support_AUX": 1543.0, "eval_prec_CCONJ": 0.9972260748959778, "eval_f1_CCONJ": 0.9869595058339052, "eval_support_CCONJ": 736.0, "eval_prec_DET": 0.9117312072892938, "eval_f1_DET": 0.8765398302764851, "eval_support_DET": 1897.0, "eval_prec_INTJ": 0.4906832298136646, "eval_f1_INTJ": 0.5602836879432624, "eval_support_INTJ": 121.0, "eval_prec_NOUN": 0.6797792808828764, "eval_f1_NOUN": 0.7841084077610102, "eval_support_NOUN": 4123.0, "eval_prec_NUM": 0.5880503144654088, "eval_f1_NUM": 0.43488372093023253, "eval_support_NUM": 542.0, "eval_prec_PART": 0.0, "eval_f1_PART": 0.0, "eval_support_PART": 649.0, "eval_prec_PRON": 0.9726663228468283, "eval_f1_PRON": 0.9193273214720936, "eval_support_PRON": 2164.0, "eval_prec_PROPN": 0.7786512205213074, "eval_f1_PROPN": 0.8379341050756901, "eval_support_PROPN": 2075.0, "eval_prec_PUNCT": 0.9270051066386302, "eval_f1_PUNCT": 0.9606225680933852, "eval_support_PUNCT": 3096.0, "eval_prec_SCONJ": 0.5908045977011495, "eval_f1_SCONJ": 0.6275946275946276, "eval_support_SCONJ": 384.0, "eval_prec_SYM": 0.0, "eval_f1_SYM": 0.0, "eval_support_SYM": 113.0, "eval_prec_VERB": 0.6732405259087394, "eval_f1_VERB": 0.6707763436717395, "eval_support_VERB": 2605.0, "eval_prec_X": 0.0, "eval_f1_X": 0.0, "eval_support_X": 42.0, "eval_runtime": 24.5335, "eval_samples_per_second": 84.66, "eval_steps_per_second": 2.649}