{"eval_loss": 0.0944845899939537, "eval_token_acc": 0.9727243120013027, "eval_f1_macro": 0.8975284220981662, "eval_prec_ADJ": 0.8761290322580645, "eval_f1_ADJ": 0.919431279620853, "eval_support_ADJ": 702.0, "eval_prec_ADP": 0.9910854745673833, "eval_f1_ADP": 0.9936908517350158, "eval_support_ADP": 1897.0, "eval_prec_ADV": 0.9635036496350365, "eval_f1_ADV": 0.9383886255924171, "eval_support_ADV": 433.0, "eval_prec_AUX": 0.9487179487179487, "eval_f1_AUX": 0.9704918032786886, "eval_support_AUX": 149.0, "eval_prec_CCONJ": 0.9792147806004619, "eval_f1_CCONJ": 0.9803468208092485, "eval_support_CCONJ": 432.0, "eval_prec_DET": 0.9935064935064936, "eval_f1_DET": 0.9924324324324324, "eval_support_DET": 1389.0, "eval_prec_INTJ": 0.0, "eval_f1_INTJ": 0.0, "eval_support_INTJ": 0.0, "eval_prec_NOUN": 0.9786254521538967, "eval_f1_NOUN": 0.9741407528641571, "eval_support_NOUN": 3069.0, "eval_prec_NUM": 0.9659863945578231, "eval_f1_NUM": 0.9776247848537005, "eval_support_NUM": 287.0, "eval_prec_PART": 0.0, "eval_f1_PART": 0.0, "eval_support_PART": 0.0, "eval_prec_PRON": 0.9789473684210527, "eval_f1_PRON": 0.9883103081827843, "eval_support_PRON": 466.0, "eval_prec_PROPN": 0.9054982817869416, "eval_f1_PROPN": 0.9078380706287683, "eval_support_PROPN": 579.0, "eval_prec_PUNCT": 1.0, "eval_f1_PUNCT": 1.0, "eval_support_PUNCT": 1385.0, "eval_prec_SCONJ": 0.9691943127962085, "eval_f1_SCONJ": 0.977299880525687, "eval_support_SCONJ": 415.0, "eval_prec_SYM": 0.0, "eval_f1_SYM": 0.0, "eval_support_SYM": 0.0, "eval_prec_VERB": 0.9724137931034482, "eval_f1_VERB": 0.9454022988505747, "eval_support_VERB": 1073.0, "eval_prec_X": 0.0, "eval_f1_X": 0.0, "eval_support_X": 6.0, "eval_runtime": 9.4288, "eval_samples_per_second": 52.074, "eval_steps_per_second": 1.697}