{"eval_loss": 1.53728449344635, "eval_token_acc": 0.565053242981607, "eval_f1_macro": 0.2938059597582813, "eval_prec_ADJ": 0.4327731092436975, "eval_f1_ADJ": 0.22055674518201285, "eval_support_ADJ": 696.0, "eval_prec_ADP": 0.15169366715758467, "eval_f1_ADP": 0.24789410348977137, "eval_support_ADP": 152.0, "eval_prec_ADV": 0.6296296296296297, "eval_f1_ADV": 0.11221122112211221, "eval_support_ADV": 276.0, "eval_prec_AUX": 0.2547584187408492, "eval_f1_AUX": 0.37139807897545357, "eval_support_AUX": 254.0, "eval_prec_CCONJ": 0.0, "eval_f1_CCONJ": 0.0, "eval_support_CCONJ": 120.0, "eval_prec_DET": 0.03783783783783784, "eval_f1_DET": 0.04666666666666667, "eval_support_DET": 115.0, "eval_prec_INTJ": 0.0, "eval_f1_INTJ": 0.0, "eval_support_INTJ": 30.0, "eval_prec_NOUN": 0.7854406130268199, "eval_f1_NOUN": 0.5542680571649286, "eval_support_NOUN": 3351.0, "eval_prec_NUM": 0.49385245901639346, "eval_f1_NUM": 0.6426666666666667, "eval_support_NUM": 262.0, "eval_prec_PART": 0.0020833333333333333, "eval_f1_PART": 0.003816793893129771, "eval_support_PART": 44.0, "eval_prec_PRON": 0.7548387096774194, "eval_f1_PRON": 0.6990291262135923, "eval_support_PRON": 719.0, "eval_prec_PROPN": 0.05604203152364273, "eval_f1_PROPN": 0.10596026490066225, "eval_support_PROPN": 33.0, "eval_prec_PUNCT": 0.9708691499522445, "eval_f1_PUNCT": 0.9826002899951668, "eval_support_PUNCT": 2044.0, "eval_prec_SCONJ": 0.02564102564102564, "eval_f1_SCONJ": 0.045112781954887216, "eval_support_SCONJ": 16.0, "eval_prec_SYM": 0.0, "eval_f1_SYM": 0.0, "eval_support_SYM": 0.0, "eval_prec_VERB": 0.8365384615384616, "eval_f1_VERB": 0.6641221374045801, "eval_support_VERB": 2212.0, "eval_prec_X": 0.0023121387283236996, "eval_f1_X": 0.004592422502870264, "eval_support_X": 6.0, "eval_runtime": 10.0553, "eval_samples_per_second": 89.505, "eval_steps_per_second": 2.884}