{"eval_loss": 3.578734874725342, "eval_token_acc": 0.4559533721898418, "eval_f1_macro": 0.30208190253928624, "eval_prec_ADJ": 0.24929178470254956, "eval_f1_ADJ": 0.2816, "eval_support_ADJ": 272.0, "eval_prec_ADP": 0.42628205128205127, "eval_f1_ADP": 0.3140495867768595, "eval_support_ADP": 535.0, "eval_prec_ADV": 0.15441176470588236, "eval_f1_ADV": 0.09813084112149532, "eval_support_ADV": 292.0, "eval_prec_AUX": 0.9523809523809523, "eval_f1_AUX": 0.09049773755656108, "eval_support_AUX": 421.0, "eval_prec_CCONJ": 0.043478260869565216, "eval_f1_CCONJ": 0.016877637130801686, "eval_support_CCONJ": 191.0, "eval_prec_DET": 0.43434343434343436, "eval_f1_DET": 0.36134453781512604, "eval_support_DET": 139.0, "eval_prec_INTJ": 0.0, "eval_f1_INTJ": 0.0, "eval_support_INTJ": 0.0, "eval_prec_NOUN": 0.8488372093023255, "eval_f1_NOUN": 0.5802861685214626, "eval_support_NOUN": 3312.0, "eval_prec_NUM": 0.9247311827956989, "eval_f1_NUM": 0.8521882741535921, "eval_support_NUM": 653.0, "eval_prec_PART": 0.0, "eval_f1_PART": 0.0, "eval_support_PART": 992.0, "eval_prec_PRON": 1.0, "eval_f1_PRON": 0.7076923076923077, "eval_support_PRON": 168.0, "eval_prec_PROPN": 0.5457227138643068, "eval_f1_PROPN": 0.684931506849315, "eval_support_PROPN": 1006.0, "eval_prec_PUNCT": 0.2618272064526136, "eval_f1_PUNCT": 0.41499692685925016, "eval_support_PUNCT": 1688.0, "eval_prec_SCONJ": 0.0, "eval_f1_SCONJ": 0.0, "eval_support_SCONJ": 505.0, "eval_prec_SYM": 0.0, "eval_f1_SYM": 0.0, "eval_support_SYM": 3.0, "eval_prec_VERB": 0.9384615384615385, "eval_f1_VERB": 0.43071491615180935, "eval_support_VERB": 1746.0, "eval_prec_X": 0.0, "eval_f1_X": 0.0, "eval_support_X": 87.0, "eval_runtime": 13.0651, "eval_samples_per_second": 38.27, "eval_steps_per_second": 1.225}