{"eval_loss": 1.9500406980514526, "eval_token_acc": 0.4482002732153636, "eval_f1_macro": 0.2627453057810494, "eval_prec_ADJ": 0.5066864784546805, "eval_f1_ADJ": 0.48317392844491674, "eval_support_ADJ": 1477.0, "eval_prec_ADP": 0.9844961240310077, "eval_f1_ADP": 0.22319859402460457, "eval_support_ADP": 5045.0, "eval_prec_ADV": 0.5, "eval_f1_ADV": 0.036511156186612576, "eval_support_ADV": 950.0, "eval_prec_AUX": 0.6681222707423581, "eval_f1_AUX": 0.546916890080429, "eval_support_AUX": 661.0, "eval_prec_CCONJ": 0.5309973045822103, "eval_f1_CCONJ": 0.28203292770221905, "eval_support_CCONJ": 1026.0, "eval_prec_DET": 0.6666666666666666, "eval_f1_DET": 0.0008512449457331347, "eval_support_DET": 4696.0, "eval_prec_INTJ": 0.0, "eval_f1_INTJ": 0.0, "eval_support_INTJ": 0.0, "eval_prec_NOUN": 0.49037937919767655, "eval_f1_NOUN": 0.6508854354897, "eval_support_NOUN": 5584.0, "eval_prec_NUM": 0.6928327645051194, "eval_f1_NUM": 0.3533507397737163, "eval_support_NUM": 856.0, "eval_prec_PART": 0.0, "eval_f1_PART": 0.0, "eval_support_PART": 46.0, "eval_prec_PRON": 0.04761317380041939, "eval_f1_PRON": 0.0872316384180791, "eval_support_PRON": 743.0, "eval_prec_PROPN": 0.0, "eval_f1_PROPN": 0.0, "eval_support_PROPN": 3228.0, "eval_prec_PUNCT": 0.7020908933817176, "eval_f1_PUNCT": 0.8240543555420343, "eval_support_PUNCT": 4074.0, "eval_prec_SCONJ": 0.0, "eval_f1_SCONJ": 0.0, "eval_support_SCONJ": 120.0, "eval_prec_SYM": 0.0, "eval_f1_SYM": 0.0, "eval_support_SYM": 107.0, "eval_prec_VERB": 0.6549274933412252, "eval_f1_VERB": 0.7157179818887451, "eval_support_VERB": 2805.0, "eval_prec_X": 0.0, "eval_f1_X": 0.0, "eval_support_X": 59.0, "eval_runtime": 20.4753, "eval_samples_per_second": 58.607, "eval_steps_per_second": 1.856}