{"eval_loss": 1.170900821685791, "eval_token_acc": 0.7664085188770571, "eval_f1_macro": 0.4441781023336637, "eval_prec_ADJ": 0.6153846153846154, "eval_f1_ADJ": 0.612274368231047, "eval_support_ADJ": 696.0, "eval_prec_ADP": 0.8627450980392157, "eval_f1_ADP": 0.43349753694581283, "eval_support_ADP": 152.0, "eval_prec_ADV": 0.3105095541401274, "eval_f1_ADV": 0.4314159292035398, "eval_support_ADV": 276.0, "eval_prec_AUX": 0.6237113402061856, "eval_f1_AUX": 0.5401785714285714, "eval_support_AUX": 254.0, "eval_prec_CCONJ": 0.7281553398058253, "eval_f1_CCONJ": 0.672645739910314, "eval_support_CCONJ": 120.0, "eval_prec_DET": 0.1880108991825613, "eval_f1_DET": 0.2863070539419087, "eval_support_DET": 115.0, "eval_prec_INTJ": 0.25, "eval_f1_INTJ": 0.3404255319148936, "eval_support_INTJ": 30.0, "eval_prec_NOUN": 0.8771171171171172, "eval_f1_NOUN": 0.7946457721188377, "eval_support_NOUN": 3351.0, "eval_prec_NUM": 0.8859649122807017, "eval_f1_NUM": 0.5372340425531915, "eval_support_NUM": 262.0, "eval_prec_PART": 0.0, "eval_f1_PART": 0.0, "eval_support_PART": 44.0, "eval_prec_PRON": 0.9134438305709024, "eval_f1_PRON": 0.786053882725832, "eval_support_PRON": 719.0, "eval_prec_PROPN": 0.07256235827664399, "eval_f1_PROPN": 0.1350210970464135, "eval_support_PROPN": 33.0, "eval_prec_PUNCT": 0.9941548952752071, "eval_f1_PUNCT": 0.9963387844764462, "eval_support_PUNCT": 2044.0, "eval_prec_SCONJ": 0.07964601769911504, "eval_f1_SCONJ": 0.13953488372093023, "eval_support_SCONJ": 16.0, "eval_prec_SYM": 0.0, "eval_f1_SYM": 0.0, "eval_support_SYM": 0.0, "eval_prec_VERB": 0.850091407678245, "eval_f1_VERB": 0.8454545454545455, "eval_support_VERB": 2212.0, "eval_prec_X": 0.0, "eval_f1_X": 0.0, "eval_support_X": 6.0, "eval_runtime": 10.6597, "eval_samples_per_second": 84.43, "eval_steps_per_second": 2.721}