{"eval_loss": 0.5266935229301453, "eval_token_acc": 0.8556631171345596, "eval_f1_macro": 0.5044188560717882, "eval_prec_ADJ": 0.6420289855072464, "eval_f1_ADJ": 0.6392496392496393, "eval_support_ADJ": 696.0, "eval_prec_ADP": 0.9917355371900827, "eval_f1_ADP": 0.8791208791208791, "eval_support_ADP": 152.0, "eval_prec_ADV": 0.5628930817610063, "eval_f1_ADV": 0.6026936026936027, "eval_support_ADV": 276.0, "eval_prec_AUX": 0.7201834862385321, "eval_f1_AUX": 0.6652542372881356, "eval_support_AUX": 254.0, "eval_prec_CCONJ": 0.8106060606060606, "eval_f1_CCONJ": 0.8492063492063492, "eval_support_CCONJ": 120.0, "eval_prec_DET": 1.0, "eval_f1_DET": 0.03418803418803419, "eval_support_DET": 115.0, "eval_prec_INTJ": 0.0, "eval_f1_INTJ": 0.0, "eval_support_INTJ": 30.0, "eval_prec_NOUN": 0.864938197166114, "eval_f1_NOUN": 0.8605278944211158, "eval_support_NOUN": 3351.0, "eval_prec_NUM": 0.6411609498680739, "eval_f1_NUM": 0.7581903276131046, "eval_support_NUM": 262.0, "eval_prec_PART": 0.0, "eval_f1_PART": 0.0, "eval_support_PART": 44.0, "eval_prec_PRON": 0.9120567375886525, "eval_f1_PRON": 0.9030898876404494, "eval_support_PRON": 719.0, "eval_prec_PROPN": 0.0, "eval_f1_PROPN": 0.0, "eval_support_PROPN": 33.0, "eval_prec_PUNCT": 0.988394584139265, "eval_f1_PUNCT": 0.9941634241245136, "eval_support_PUNCT": 2044.0, "eval_prec_SCONJ": 0.0, "eval_f1_SCONJ": 0.0, "eval_support_SCONJ": 16.0, "eval_prec_SYM": 0.0, "eval_f1_SYM": 0.0, "eval_support_SYM": 0.0, "eval_prec_VERB": 0.853781512605042, "eval_f1_VERB": 0.8850174216027874, "eval_support_VERB": 2212.0, "eval_prec_X": 0.0, "eval_f1_X": 0.0, "eval_support_X": 6.0, "eval_runtime": 10.8138, "eval_samples_per_second": 83.227, "eval_steps_per_second": 2.682}