{"eval_loss": 1.424407958984375, "eval_token_acc": 0.6965446459117345, "eval_f1_macro": 0.5252705903944819, "eval_prec_ADJ": 0.5836216839677048, "eval_f1_ADJ": 0.6380832282471627, "eval_support_ADJ": 719.0, "eval_prec_ADP": 0.6147704590818364, "eval_f1_ADP": 0.74802671523983, "eval_support_ADP": 645.0, "eval_prec_ADV": 0.7133917396745932, "eval_f1_ADV": 0.6267179769103903, "eval_support_ADV": 1020.0, "eval_prec_AUX": 0.25842696629213485, "eval_f1_AUX": 0.21904761904761905, "eval_support_AUX": 242.0, "eval_prec_CCONJ": 0.5877551020408164, "eval_f1_CCONJ": 0.7403598971722365, "eval_support_CCONJ": 144.0, "eval_prec_DET": 0.562015503875969, "eval_f1_DET": 0.6921241050119332, "eval_support_DET": 161.0, "eval_prec_INTJ": 0.21818181818181817, "eval_f1_INTJ": 0.3333333333333333, "eval_support_INTJ": 17.0, "eval_prec_NOUN": 0.6311132956500368, "eval_f1_NOUN": 0.7235841081994928, "eval_support_NOUN": 3029.0, "eval_prec_NUM": 0.9525862068965517, "eval_f1_NUM": 0.8822355289421158, "eval_support_NUM": 269.0, "eval_prec_PART": 0.0, "eval_f1_PART": 0.0, "eval_support_PART": 89.0, "eval_prec_PRON": 0.6394557823129252, "eval_f1_PRON": 0.6720285969615728, "eval_support_PRON": 531.0, "eval_prec_PROPN": 0.7302904564315352, "eval_f1_PROPN": 0.8230709275136399, "eval_support_PROPN": 560.0, "eval_prec_PUNCT": 0.997072599531616, "eval_f1_PUNCT": 0.9985341542069774, "eval_support_PUNCT": 1703.0, "eval_prec_SCONJ": 0.732484076433121, "eval_f1_SCONJ": 0.4267161410018553, "eval_support_SCONJ": 382.0, "eval_prec_SYM": 0.0, "eval_f1_SYM": 0.0, "eval_support_SYM": 7.0, "eval_prec_VERB": 0.7481108312342569, "eval_f1_VERB": 0.4057377049180328, "eval_support_VERB": 2134.0, "eval_prec_X": 0.0, "eval_f1_X": 0.0, "eval_support_X": 40.0, "eval_runtime": 6.0453, "eval_samples_per_second": 132.334, "eval_steps_per_second": 4.135}