{"eval_loss": 3.8120903968811035, "eval_token_acc": 0.40840965861781847, "eval_f1_macro": 0.2544673123965661, "eval_prec_ADJ": 0.31313131313131315, "eval_f1_ADJ": 0.16711590296495957, "eval_support_ADJ": 272.0, "eval_prec_ADP": 0.40988372093023256, "eval_f1_ADP": 0.32081911262798635, "eval_support_ADP": 535.0, "eval_prec_ADV": 0.2459016393442623, "eval_f1_ADV": 0.08498583569405099, "eval_support_ADV": 292.0, "eval_prec_AUX": 0.0, "eval_f1_AUX": 0.0, "eval_support_AUX": 421.0, "eval_prec_CCONJ": 0.05, "eval_f1_CCONJ": 0.017316017316017316, "eval_support_CCONJ": 191.0, "eval_prec_DET": 0.4842105263157895, "eval_f1_DET": 0.39316239316239315, "eval_support_DET": 139.0, "eval_prec_INTJ": 0.0, "eval_f1_INTJ": 0.0, "eval_support_INTJ": 0.0, "eval_prec_NOUN": 0.6401077752117013, "eval_f1_NOUN": 0.5627749576988156, "eval_support_NOUN": 3312.0, "eval_prec_NUM": 0.7459016393442623, "eval_f1_NUM": 0.535819430814524, "eval_support_NUM": 653.0, "eval_prec_PART": 0.0, "eval_f1_PART": 0.0, "eval_support_PART": 992.0, "eval_prec_PRON": 0.9807692307692307, "eval_f1_PRON": 0.75, "eval_support_PRON": 168.0, "eval_prec_PROPN": 0.6926131850675139, "eval_f1_PROPN": 0.7699779249448123, "eval_support_PROPN": 1006.0, "eval_prec_PUNCT": 0.24263331895932155, "eval_f1_PUNCT": 0.39051474840948525, "eval_support_PUNCT": 1688.0, "eval_prec_SCONJ": 0.0, "eval_f1_SCONJ": 0.0, "eval_support_SCONJ": 505.0, "eval_prec_SYM": 0.0, "eval_f1_SYM": 0.0, "eval_support_SYM": 3.0, "eval_prec_VERB": 0.935064935064935, "eval_f1_VERB": 0.07899067471201317, "eval_support_VERB": 1746.0, "eval_prec_X": 0.0, "eval_f1_X": 0.0, "eval_support_X": 87.0, "eval_runtime": 13.1386, "eval_samples_per_second": 38.056, "eval_steps_per_second": 1.218}