{"eval_loss": 1.2922210693359375, "eval_token_acc": 0.7559014710913445, "eval_f1_macro": 0.5822928629071151, "eval_prec_ADJ": 0.7262357414448669, "eval_f1_ADJ": 0.6136546184738956, "eval_support_ADJ": 719.0, "eval_prec_ADP": 0.6808252427184466, "eval_f1_ADP": 0.763784887678693, "eval_support_ADP": 645.0, "eval_prec_ADV": 0.45844044558697516, "eval_f1_ADV": 0.489254686785551, "eval_support_ADV": 1020.0, "eval_prec_AUX": 0.42191780821917807, "eval_f1_AUX": 0.5074135090609555, "eval_support_AUX": 242.0, "eval_prec_CCONJ": 0.5393258426966292, "eval_f1_CCONJ": 0.7007299270072993, "eval_support_CCONJ": 144.0, "eval_prec_DET": 0.4567901234567901, "eval_f1_DET": 0.6103092783505155, "eval_support_DET": 161.0, "eval_prec_INTJ": 0.3611111111111111, "eval_f1_INTJ": 0.49056603773584906, "eval_support_INTJ": 17.0, "eval_prec_NOUN": 0.8787653402751953, "eval_f1_NOUN": 0.826512766701644, "eval_support_NOUN": 3029.0, "eval_prec_NUM": 0.9294117647058824, "eval_f1_NUM": 0.7198177676537585, "eval_support_NUM": 269.0, "eval_prec_PART": 0.0, "eval_f1_PART": 0.0, "eval_support_PART": 89.0, "eval_prec_PRON": 0.5271966527196653, "eval_f1_PRON": 0.6057692307692307, "eval_support_PRON": 531.0, "eval_prec_PROPN": 0.8114374034003091, "eval_f1_PROPN": 0.8699254349627175, "eval_support_PROPN": 560.0, "eval_prec_PUNCT": 1.0, "eval_f1_PUNCT": 0.9982352941176471, "eval_support_PUNCT": 1703.0, "eval_prec_SCONJ": 0.5131578947368421, "eval_f1_SCONJ": 0.3836065573770492, "eval_support_SCONJ": 382.0, "eval_prec_SYM": 0.4, "eval_f1_SYM": 0.47058823529411764, "eval_support_SYM": 7.0, "eval_prec_VERB": 0.9346478873239437, "eval_f1_VERB": 0.8488104374520338, "eval_support_VERB": 2134.0, "eval_prec_X": 0.0, "eval_f1_X": 0.0, "eval_support_X": 40.0, "eval_runtime": 5.0556, "eval_samples_per_second": 158.24, "eval_steps_per_second": 4.945}