{"eval_loss": 1.932043194770813, "eval_token_acc": 0.4392747177557304, "eval_f1_macro": 0.29903078531470145, "eval_prec_ADJ": 0.6075949367088608, "eval_f1_ADJ": 0.12030075187969924, "eval_support_ADJ": 719.0, "eval_prec_ADP": 0.2570253598355038, "eval_f1_ADP": 0.3564638783269962, "eval_support_ADP": 645.0, "eval_prec_ADV": 0.5, "eval_f1_ADV": 0.0019569471624266144, "eval_support_ADV": 1020.0, "eval_prec_AUX": 0.07933081489476525, "eval_f1_AUX": 0.14033412887828162, "eval_support_AUX": 242.0, "eval_prec_CCONJ": 0.0, "eval_f1_CCONJ": 0.0, "eval_support_CCONJ": 144.0, "eval_prec_DET": 0.42424242424242425, "eval_f1_DET": 0.4294478527607362, "eval_support_DET": 161.0, "eval_prec_INTJ": 0.0, "eval_f1_INTJ": 0.0, "eval_support_INTJ": 17.0, "eval_prec_NOUN": 0.8502369668246446, "eval_f1_NOUN": 0.43927522037218414, "eval_support_NOUN": 3029.0, "eval_prec_NUM": 0.3250620347394541, "eval_f1_NUM": 0.4874418604651163, "eval_support_NUM": 269.0, "eval_prec_PART": 0.0, "eval_f1_PART": 0.0, "eval_support_PART": 89.0, "eval_prec_PRON": 0.3652694610778443, "eval_f1_PRON": 0.4465592972181552, "eval_support_PRON": 531.0, "eval_prec_PROPN": 0.5960264900662252, "eval_f1_PROPN": 0.6844106463878327, "eval_support_PROPN": 560.0, "eval_prec_PUNCT": 0.92, "eval_f1_PUNCT": 0.958063608218407, "eval_support_PUNCT": 1703.0, "eval_prec_SCONJ": 0.7023809523809523, "eval_f1_SCONJ": 0.5583596214511041, "eval_support_SCONJ": 382.0, "eval_prec_SYM": 0.0, "eval_f1_SYM": 0.0, "eval_support_SYM": 7.0, "eval_prec_VERB": 0.7409766454352441, "eval_f1_VERB": 0.4538361508452536, "eval_support_VERB": 2134.0, "eval_prec_X": 0.0036663611365719525, "eval_f1_X": 0.007073386383731211, "eval_support_X": 40.0, "eval_runtime": 6.0223, "eval_samples_per_second": 132.839, "eval_steps_per_second": 4.151}