{"eval_loss": 1.4672428369522095, "eval_token_acc": 0.6008712487899323, "eval_f1_macro": 0.3527553414921589, "eval_prec_ADJ": 0.5173299101412067, "eval_f1_ADJ": 0.5464406779661017, "eval_support_ADJ": 696.0, "eval_prec_ADP": 0.875, "eval_f1_ADP": 0.7424242424242424, "eval_support_ADP": 152.0, "eval_prec_ADV": 0.43243243243243246, "eval_f1_ADV": 0.3470715835140998, "eval_support_ADV": 276.0, "eval_prec_AUX": 1.0, "eval_f1_AUX": 0.046153846153846156, "eval_support_AUX": 254.0, "eval_prec_CCONJ": 0.4015444015444015, "eval_f1_CCONJ": 0.5488126649076517, "eval_support_CCONJ": 120.0, "eval_prec_DET": 0.05533596837944664, "eval_f1_DET": 0.07608695652173914, "eval_support_DET": 115.0, "eval_prec_INTJ": 0.0, "eval_f1_INTJ": 0.0, "eval_support_INTJ": 30.0, "eval_prec_NOUN": 0.8189806678383128, "eval_f1_NOUN": 0.6625199928914164, "eval_support_NOUN": 3351.0, "eval_prec_NUM": 0.71, "eval_f1_NUM": 0.6147186147186147, "eval_support_NUM": 262.0, "eval_prec_PART": 0.06666666666666667, "eval_f1_PART": 0.03389830508474576, "eval_support_PART": 44.0, "eval_prec_PRON": 0.9533333333333334, "eval_f1_PRON": 0.3291139240506329, "eval_support_PRON": 719.0, "eval_prec_PROPN": 0.0, "eval_f1_PROPN": 0.0, "eval_support_PROPN": 33.0, "eval_prec_PUNCT": 0.9970731707317073, "eval_f1_PUNCT": 0.9985344406448461, "eval_support_PUNCT": 2044.0, "eval_prec_SCONJ": 0.0, "eval_f1_SCONJ": 0.0, "eval_support_SCONJ": 16.0, "eval_prec_SYM": 0.0, "eval_f1_SYM": 0.0, "eval_support_SYM": 0.0, "eval_prec_VERB": 0.8497072218607677, "eval_f1_VERB": 0.6967191251000266, "eval_support_VERB": 2212.0, "eval_prec_X": 0.0007974481658692185, "eval_f1_X": 0.0015910898965791568, "eval_support_X": 6.0, "eval_runtime": 10.8186, "eval_samples_per_second": 83.19, "eval_steps_per_second": 2.681}