{"eval_loss": 1.0320255756378174, "eval_token_acc": 0.7254667065987821, "eval_f1_macro": 0.503387402371939, "eval_prec_ADJ": 0.5979381443298969, "eval_f1_ADJ": 0.5843828715365239, "eval_support_ADJ": 609.0, "eval_prec_ADP": 0.7931297709923664, "eval_f1_ADP": 0.745069917533166, "eval_support_ADP": 1479.0, "eval_prec_ADV": 0.5468164794007491, "eval_f1_ADV": 0.3882978723404255, "eval_support_ADV": 485.0, "eval_prec_AUX": 0.8787878787878788, "eval_f1_AUX": 0.14795918367346939, "eval_support_AUX": 359.0, "eval_prec_CCONJ": 0.9367588932806324, "eval_f1_CCONJ": 0.9386138613861386, "eval_support_CCONJ": 252.0, "eval_prec_DET": 0.9385474860335196, "eval_f1_DET": 0.7076663858466723, "eval_support_DET": 1479.0, "eval_prec_INTJ": 0.0, "eval_f1_INTJ": 0.0, "eval_support_INTJ": 9.0, "eval_prec_NOUN": 0.8566416040100251, "eval_f1_NOUN": 0.8843467011642949, "eval_support_NOUN": 1870.0, "eval_prec_NUM": 0.6074766355140186, "eval_f1_NUM": 0.5869074492099323, "eval_support_NUM": 229.0, "eval_prec_PART": 0.0, "eval_f1_PART": 0.0, "eval_support_PART": 0.0, "eval_prec_PRON": 0.5578947368421052, "eval_f1_PRON": 0.6751592356687898, "eval_support_PRON": 558.0, "eval_prec_PROPN": 0.4830148619957537, "eval_f1_PROPN": 0.6368089573128062, "eval_support_PROPN": 487.0, "eval_prec_PUNCT": 0.9729286300246104, "eval_f1_PUNCT": 0.9862785862785863, "eval_support_PUNCT": 1186.0, "eval_prec_SCONJ": 0.6699029126213593, "eval_f1_SCONJ": 0.5974025974025974, "eval_support_SCONJ": 128.0, "eval_prec_SYM": 0.0, "eval_f1_SYM": 0.0, "eval_support_SYM": 39.0, "eval_prec_VERB": 0.6316894018887723, "eval_f1_VERB": 0.6786922209695603, "eval_support_VERB": 821.0, "eval_prec_X": 0.0, "eval_f1_X": 0.0, "eval_support_X": 27.0, "eval_runtime": 7.2991, "eval_samples_per_second": 56.993, "eval_steps_per_second": 1.781}