{"eval_loss": 0.5880481004714966, "eval_token_acc": 0.891934677553741, "eval_f1_macro": 0.6873735383446421, "eval_prec_ADJ": 0.8645066273932254, "eval_f1_ADJ": 0.8696296296296296, "eval_support_ADJ": 671.0, "eval_prec_ADP": 0.9796033994334278, "eval_f1_ADP": 0.9466192170818505, "eval_support_ADP": 1888.0, "eval_prec_ADV": 0.8523076923076923, "eval_f1_ADV": 0.7376830892143809, "eval_support_ADV": 426.0, "eval_prec_AUX": 0.7633410672853829, "eval_f1_AUX": 0.863517060367454, "eval_support_AUX": 331.0, "eval_prec_CCONJ": 0.9779005524861878, "eval_f1_CCONJ": 0.932806324110672, "eval_support_CCONJ": 397.0, "eval_prec_DET": 0.9586466165413534, "eval_f1_DET": 0.9281164695177434, "eval_support_DET": 1701.0, "eval_prec_INTJ": 0.0, "eval_f1_INTJ": 0.0, "eval_support_INTJ": 1.0, "eval_prec_NOUN": 0.9507366482504604, "eval_f1_NOUN": 0.9365079365079365, "eval_support_NOUN": 2238.0, "eval_prec_NUM": 0.9125, "eval_f1_NUM": 0.9319148936170213, "eval_support_NUM": 230.0, "eval_prec_PART": 0.0, "eval_f1_PART": 0.0, "eval_support_PART": 1.0, "eval_prec_PRON": 0.5185185185185185, "eval_f1_PRON": 0.610909090909091, "eval_support_PRON": 452.0, "eval_prec_PROPN": 0.8211991434689507, "eval_f1_PROPN": 0.8755707762557078, "eval_support_PROPN": 818.0, "eval_prec_PUNCT": 1.0, "eval_f1_PUNCT": 0.998422712933754, "eval_support_PUNCT": 1270.0, "eval_prec_SCONJ": 0.5238095238095238, "eval_f1_SCONJ": 0.48811410459587956, "eval_support_SCONJ": 337.0, "eval_prec_SYM": 0.7647058823529411, "eval_f1_SYM": 0.6190476190476191, "eval_support_SYM": 25.0, "eval_prec_VERB": 0.972072072072072, "eval_f1_VERB": 0.9464912280701754, "eval_support_VERB": 1170.0, "eval_prec_X": 0.0, "eval_f1_X": 0.0, "eval_support_X": 46.0, "eval_runtime": 9.1209, "eval_samples_per_second": 46.816, "eval_steps_per_second": 1.535}