{"eval_loss": 1.0973902940750122, "eval_token_acc": 0.7723136495643756, "eval_f1_macro": 0.5180143082693369, "eval_prec_ADJ": 0.4590542099192618, "eval_f1_ADJ": 0.509277031349968, "eval_support_ADJ": 696.0, "eval_prec_ADP": 0.9590163934426229, "eval_f1_ADP": 0.8540145985401459, "eval_support_ADP": 152.0, "eval_prec_ADV": 0.4206128133704735, "eval_f1_ADV": 0.4755905511811024, "eval_support_ADV": 276.0, "eval_prec_AUX": 0.776, "eval_f1_AUX": 0.5118733509234829, "eval_support_AUX": 254.0, "eval_prec_CCONJ": 0.9705882352941176, "eval_f1_CCONJ": 0.7021276595744681, "eval_support_CCONJ": 120.0, "eval_prec_DET": 0.21132075471698114, "eval_f1_DET": 0.29473684210526313, "eval_support_DET": 115.0, "eval_prec_INTJ": 0.18823529411764706, "eval_f1_INTJ": 0.2782608695652174, "eval_support_INTJ": 30.0, "eval_prec_NOUN": 0.7902753368482718, "eval_f1_NOUN": 0.7976348854397635, "eval_support_NOUN": 3351.0, "eval_prec_NUM": 0.7932489451476793, "eval_f1_NUM": 0.7535070140280561, "eval_support_NUM": 262.0, "eval_prec_PART": 0.0, "eval_f1_PART": 0.0, "eval_support_PART": 44.0, "eval_prec_PRON": 0.9298245614035088, "eval_f1_PRON": 0.7743506493506493, "eval_support_PRON": 719.0, "eval_prec_PROPN": 0.1111111111111111, "eval_f1_PROPN": 0.1987179487179487, "eval_support_PROPN": 33.0, "eval_prec_PUNCT": 0.997559785261103, "eval_f1_PUNCT": 0.9987784021500122, "eval_support_PUNCT": 2044.0, "eval_prec_SCONJ": 0.2916666666666667, "eval_f1_SCONJ": 0.35, "eval_support_SCONJ": 16.0, "eval_prec_SYM": 0.0, "eval_f1_SYM": 0.0, "eval_support_SYM": 0.0, "eval_prec_VERB": 0.8486739469578783, "eval_f1_VERB": 0.7893591293833132, "eval_support_VERB": 2212.0, "eval_prec_X": 0.0, "eval_f1_X": 0.0, "eval_support_X": 6.0, "eval_runtime": 10.9512, "eval_samples_per_second": 82.183, "eval_steps_per_second": 2.648}