{"eval_loss": 1.0683575868606567, "eval_token_acc": 0.7095936907257662, "eval_f1_macro": 0.5310791222017704, "eval_prec_ADJ": 0.6496519721577726, "eval_f1_ADJ": 0.761386811692726, "eval_support_ADJ": 609.0, "eval_prec_ADP": 0.7920258620689655, "eval_f1_ADP": 0.881559220389805, "eval_support_ADP": 1479.0, "eval_prec_ADV": 0.901840490797546, "eval_f1_ADV": 0.4537037037037037, "eval_support_ADV": 485.0, "eval_prec_AUX": 0.8545454545454545, "eval_f1_AUX": 0.22705314009661837, "eval_support_AUX": 359.0, "eval_prec_CCONJ": 0.8571428571428571, "eval_f1_CCONJ": 0.9230769230769231, "eval_support_CCONJ": 252.0, "eval_prec_DET": 0.7788079470198676, "eval_f1_DET": 0.5264100268576545, "eval_support_DET": 1479.0, "eval_prec_INTJ": 0.0, "eval_f1_INTJ": 0.0, "eval_support_INTJ": 9.0, "eval_prec_NOUN": 0.7896174863387978, "eval_f1_NOUN": 0.852926709296606, "eval_support_NOUN": 1870.0, "eval_prec_NUM": 0.8426966292134831, "eval_f1_NUM": 0.907258064516129, "eval_support_NUM": 229.0, "eval_prec_PART": 0.0, "eval_f1_PART": 0.0, "eval_support_PART": 0.0, "eval_prec_PRON": 0.677570093457944, "eval_f1_PRON": 0.3756476683937824, "eval_support_PRON": 558.0, "eval_prec_PROPN": 0.0, "eval_f1_PROPN": 0.0, "eval_support_PROPN": 487.0, "eval_prec_PUNCT": 0.975328947368421, "eval_f1_PUNCT": 0.9875104079933389, "eval_support_PUNCT": 1186.0, "eval_prec_SCONJ": 0.9761904761904762, "eval_f1_SCONJ": 0.7735849056603774, "eval_support_SCONJ": 128.0, "eval_prec_SYM": 0.8333333333333334, "eval_f1_SYM": 0.6349206349206349, "eval_support_SYM": 39.0, "eval_prec_VERB": 0.6356435643564357, "eval_f1_VERB": 0.7012561441835062, "eval_support_VERB": 821.0, "eval_prec_X": 0.011363636363636364, "eval_f1_X": 0.022050716648291068, "eval_support_X": 27.0, "eval_runtime": 7.3026, "eval_samples_per_second": 56.966, "eval_steps_per_second": 1.78}