{"eval_loss": 1.9353890419006348, "eval_token_acc": 0.45742376270621565, "eval_f1_macro": 0.2720753473884582, "eval_prec_ADJ": 0.5831842576028623, "eval_f1_ADJ": 0.5300813008130081, "eval_support_ADJ": 671.0, "eval_prec_ADP": 0.9516129032258065, "eval_f1_ADP": 0.2209737827715356, "eval_support_ADP": 1888.0, "eval_prec_ADV": 0.4, "eval_f1_ADV": 0.06073752711496746, "eval_support_ADV": 426.0, "eval_prec_AUX": 0.6787330316742082, "eval_f1_AUX": 0.5434782608695652, "eval_support_AUX": 331.0, "eval_prec_CCONJ": 0.7258064516129032, "eval_f1_CCONJ": 0.4631217838765009, "eval_support_CCONJ": 397.0, "eval_prec_DET": 1.0, "eval_f1_DET": 0.0011750881316098707, "eval_support_DET": 1701.0, "eval_prec_INTJ": 0.0, "eval_f1_INTJ": 0.0, "eval_support_INTJ": 1.0, "eval_prec_NOUN": 0.5070989115002367, "eval_f1_NOUN": 0.6630569306930693, "eval_support_NOUN": 2238.0, "eval_prec_NUM": 0.6595744680851063, "eval_f1_NUM": 0.38271604938271603, "eval_support_NUM": 230.0, "eval_prec_PART": 0.0, "eval_f1_PART": 0.0, "eval_support_PART": 1.0, "eval_prec_PRON": 0.08431426225020532, "eval_f1_PRON": 0.15006090133982947, "eval_support_PRON": 452.0, "eval_prec_PROPN": 0.0, "eval_f1_PROPN": 0.0, "eval_support_PROPN": 818.0, "eval_prec_PUNCT": 0.7550535077288941, "eval_f1_PUNCT": 0.8604336043360433, "eval_support_PUNCT": 1270.0, "eval_prec_SCONJ": 0.0, "eval_f1_SCONJ": 0.0, "eval_support_SCONJ": 337.0, "eval_prec_SYM": 0.0, "eval_f1_SYM": 0.0, "eval_support_SYM": 25.0, "eval_prec_VERB": 0.7788018433179723, "eval_f1_VERB": 0.7494456762749445, "eval_support_VERB": 1170.0, "eval_prec_X": 0.0, "eval_f1_X": 0.0, "eval_support_X": 46.0, "eval_runtime": 8.8693, "eval_samples_per_second": 48.144, "eval_steps_per_second": 1.578}