{"eval_loss": 0.18395645916461945, "eval_token_acc": 0.9434013237876536, "eval_f1_macro": 0.9309473244885634, "eval_prec_ADJ": 0.8661157024793389, "eval_f1_ADJ": 0.8817837610433319, "eval_support_ADJ": 1167.0, "eval_prec_ADP": 0.9801345722524831, "eval_f1_ADP": 0.9870926105195225, "eval_support_ADP": 3077.0, "eval_prec_ADV": 0.7961165048543689, "eval_f1_ADV": 0.7192982456140351, "eval_support_ADV": 125.0, "eval_prec_AUX": 0.977751756440281, "eval_f1_AUX": 0.9703660662405578, "eval_support_AUX": 867.0, "eval_prec_CCONJ": 0.9684813753581661, "eval_f1_CCONJ": 0.9839883551673945, "eval_support_CCONJ": 338.0, "eval_prec_DET": 0.8923766816143498, "eval_f1_DET": 0.8652173913043478, "eval_support_DET": 237.0, "eval_prec_INTJ": 0.0, "eval_f1_INTJ": 0.0, "eval_support_INTJ": 0.0, "eval_prec_NOUN": 0.9470236399886073, "eval_f1_NOUN": 0.9234828496042217, "eval_support_NOUN": 3690.0, "eval_prec_NUM": 0.9657794676806084, "eval_f1_NUM": 0.9584905660377359, "eval_support_NUM": 267.0, "eval_prec_PART": 0.9864864864864865, "eval_f1_PART": 0.9225908372827805, "eval_support_PART": 337.0, "eval_prec_PRON": 0.9503968253968254, "eval_f1_PRON": 0.9551345962113659, "eval_support_PRON": 499.0, "eval_prec_PROPN": 0.8767123287671232, "eval_f1_PROPN": 0.9071358748778103, "eval_support_PROPN": 1975.0, "eval_prec_PUNCT": 0.9956204379562044, "eval_f1_PUNCT": 0.9978054133138259, "eval_support_PUNCT": 682.0, "eval_prec_SCONJ": 0.9763779527559056, "eval_f1_SCONJ": 0.9880478087649402, "eval_support_SCONJ": 248.0, "eval_prec_SYM": 0.0, "eval_f1_SYM": 0.0, "eval_support_SYM": 0.0, "eval_prec_VERB": 0.96580547112462, "eval_f1_VERB": 0.9728281668580177, "eval_support_VERB": 1297.0, "eval_prec_X": 0.0, "eval_f1_X": 0.0, "eval_support_X": 0.0, "eval_runtime": 9.9621, "eval_samples_per_second": 53.703, "eval_steps_per_second": 1.706}