{"eval_loss": 1.3939900398254395, "eval_token_acc": 0.6957314602188303, "eval_f1_macro": 0.5706090745178682, "eval_prec_ADJ": 0.6480865224625624, "eval_f1_ADJ": 0.65766146053187, "eval_support_ADJ": 1167.0, "eval_prec_ADP": 0.9898119122257053, "eval_f1_ADP": 0.580289455547898, "eval_support_ADP": 3077.0, "eval_prec_ADV": 0.07136715391229578, "eval_f1_ADV": 0.12888198757763975, "eval_support_ADV": 125.0, "eval_prec_AUX": 0.5834845735027223, "eval_f1_AUX": 0.6531234128999492, "eval_support_AUX": 867.0, "eval_prec_CCONJ": 0.8461538461538461, "eval_f1_CCONJ": 0.8923076923076924, "eval_support_CCONJ": 338.0, "eval_prec_DET": 0.5878594249201278, "eval_f1_DET": 0.6690909090909091, "eval_support_DET": 237.0, "eval_prec_INTJ": 0.0, "eval_f1_INTJ": 0.0, "eval_support_INTJ": 0.0, "eval_prec_NOUN": 0.8545714285714285, "eval_f1_NOUN": 0.8319888734353268, "eval_support_NOUN": 3690.0, "eval_prec_NUM": 0.7509433962264151, "eval_f1_NUM": 0.7481203007518797, "eval_support_NUM": 267.0, "eval_prec_PART": 0.0, "eval_f1_PART": 0.0, "eval_support_PART": 337.0, "eval_prec_PRON": 0.509090909090909, "eval_f1_PRON": 0.5798101811906816, "eval_support_PRON": 499.0, "eval_prec_PROPN": 0.8265019651880966, "eval_f1_PROPN": 0.7838125665601704, "eval_support_PROPN": 1975.0, "eval_prec_PUNCT": 0.982532751091703, "eval_f1_PUNCT": 0.9861212563915267, "eval_support_PUNCT": 682.0, "eval_prec_SCONJ": 0.9368932038834952, "eval_f1_SCONJ": 0.8502202643171806, "eval_support_SCONJ": 248.0, "eval_prec_SYM": 0.0, "eval_f1_SYM": 0.0, "eval_support_SYM": 0.0, "eval_prec_VERB": 0.671667628390075, "eval_f1_VERB": 0.7683168316831683, "eval_support_VERB": 1297.0, "eval_prec_X": 0.0, "eval_f1_X": 0.0, "eval_support_X": 0.0, "eval_runtime": 9.7779, "eval_samples_per_second": 54.715, "eval_steps_per_second": 1.739}