{"eval_loss": 0.45530250668525696, "eval_token_acc": 0.9092066185829444, "eval_f1_macro": 0.7878832790192221, "eval_prec_ADJ": 0.8351431391905232, "eval_f1_ADJ": 0.7480106100795756, "eval_support_ADJ": 1249.0, "eval_prec_ADP": 0.97544080604534, "eval_f1_ADP": 0.9708555311814479, "eval_support_ADP": 1603.0, "eval_prec_ADV": 0.7481089258698941, "eval_f1_ADV": 0.83109243697479, "eval_support_ADV": 1058.0, "eval_prec_AUX": 0.9168900804289544, "eval_f1_AUX": 0.9519832985386222, "eval_support_AUX": 691.0, "eval_prec_CCONJ": 0.9688888888888889, "eval_f1_CCONJ": 0.9582417582417583, "eval_support_CCONJ": 460.0, "eval_prec_DET": 0.9868753154972236, "eval_f1_DET": 0.9210836277974087, "eval_support_DET": 2264.0, "eval_prec_INTJ": 0.4, "eval_f1_INTJ": 0.5714285714285714, "eval_support_INTJ": 4.0, "eval_prec_NOUN": 0.9780259365994236, "eval_f1_NOUN": 0.922371326651945, "eval_support_NOUN": 3111.0, "eval_prec_NUM": 0.7759197324414716, "eval_f1_NUM": 0.8721804511278195, "eval_support_NUM": 233.0, "eval_prec_PART": 0.975, "eval_f1_PART": 0.9512195121951219, "eval_support_PART": 210.0, "eval_prec_PRON": 0.7814645308924485, "eval_f1_PRON": 0.8651044965167828, "eval_support_PRON": 705.0, "eval_prec_PROPN": 0.7294028722600151, "eval_f1_PROPN": 0.8230277185501066, "eval_support_PROPN": 1022.0, "eval_prec_PUNCT": 0.9991532599491956, "eval_f1_PUNCT": 0.9983079526226735, "eval_support_PUNCT": 2366.0, "eval_prec_SCONJ": 0.8268156424581006, "eval_f1_SCONJ": 0.8530259365994236, "eval_support_SCONJ": 168.0, "eval_prec_SYM": 0.15384615384615385, "eval_f1_SYM": 0.23529411764705882, "eval_support_SYM": 4.0, "eval_prec_VERB": 0.9082905355832722, "eval_f1_VERB": 0.9207883971736706, "eval_support_VERB": 1326.0, "eval_prec_X": 0.0, "eval_f1_X": 0.0, "eval_support_X": 25.0, "eval_runtime": 11.8333, "eval_samples_per_second": 82.564, "eval_steps_per_second": 2.62}