{"eval_loss": 0.7198090553283691, "eval_token_acc": 0.8430302064238463, "eval_f1_macro": 0.6367529480743657, "eval_prec_ADJ": 0.8822742474916387, "eval_f1_ADJ": 0.8035333536399635, "eval_support_ADJ": 1788.0, "eval_prec_ADP": 0.8594965675057208, "eval_f1_ADP": 0.8921615201900237, "eval_support_ADP": 2025.0, "eval_prec_ADV": 0.6572504708097928, "eval_f1_ADV": 0.7521551724137931, "eval_support_ADV": 1191.0, "eval_prec_AUX": 0.9504273504273504, "eval_f1_AUX": 0.819756726870623, "eval_support_AUX": 1543.0, "eval_prec_CCONJ": 0.6870229007633588, "eval_f1_CCONJ": 0.8071748878923767, "eval_support_CCONJ": 736.0, "eval_prec_DET": 0.8102836879432624, "eval_f1_DET": 0.8803274741150975, "eval_support_DET": 1897.0, "eval_prec_INTJ": 0.0, "eval_f1_INTJ": 0.0, "eval_support_INTJ": 121.0, "eval_prec_NOUN": 0.9505165851005981, "eval_f1_NOUN": 0.8962953467504167, "eval_support_NOUN": 4123.0, "eval_prec_NUM": 0.9069767441860465, "eval_f1_NUM": 0.9209809264305178, "eval_support_NUM": 542.0, "eval_prec_PART": 0.0, "eval_f1_PART": 0.0, "eval_support_PART": 649.0, "eval_prec_PRON": 0.9323189926547744, "eval_f1_PRON": 0.8732186732186732, "eval_support_PRON": 2164.0, "eval_prec_PROPN": 0.7156789197299325, "eval_f1_PROPN": 0.8048934823876819, "eval_support_PROPN": 2075.0, "eval_prec_PUNCT": 0.9280143971205759, "eval_f1_PUNCT": 0.9623639191290825, "eval_support_PUNCT": 3096.0, "eval_prec_SCONJ": 0.009302325581395349, "eval_f1_SCONJ": 0.00667779632721202, "eval_support_SCONJ": 384.0, "eval_prec_SYM": 1.0, "eval_f1_SYM": 0.5228758169934641, "eval_support_SYM": 113.0, "eval_prec_VERB": 0.8380524861878453, "eval_f1_VERB": 0.8823850209052899, "eval_support_VERB": 2605.0, "eval_prec_X": 0.0, "eval_f1_X": 0.0, "eval_support_X": 42.0, "eval_runtime": 24.4414, "eval_samples_per_second": 84.979, "eval_steps_per_second": 2.659}