{"eval_loss": 1.1615992784500122, "eval_token_acc": 0.7112147975337444, "eval_f1_macro": 0.5216756222544993, "eval_prec_ADJ": 0.6693961105424769, "eval_f1_ADJ": 0.7936893203883495, "eval_support_ADJ": 671.0, "eval_prec_ADP": 0.885470894462849, "eval_f1_ADP": 0.9352661834541365, "eval_support_ADP": 1888.0, "eval_prec_ADV": 0.8211382113821138, "eval_f1_ADV": 0.3679417122040073, "eval_support_ADV": 426.0, "eval_prec_AUX": 0.7552447552447552, "eval_f1_AUX": 0.45569620253164556, "eval_support_AUX": 331.0, "eval_prec_CCONJ": 0.8013245033112583, "eval_f1_CCONJ": 0.8541176470588235, "eval_support_CCONJ": 397.0, "eval_prec_DET": 0.6790744466800804, "eval_f1_DET": 0.5009276437847866, "eval_support_DET": 1701.0, "eval_prec_INTJ": 0.0, "eval_f1_INTJ": 0.0, "eval_support_INTJ": 1.0, "eval_prec_NOUN": 0.6918300653594771, "eval_f1_NOUN": 0.7991694979237448, "eval_support_NOUN": 2238.0, "eval_prec_NUM": 0.8352059925093633, "eval_f1_NUM": 0.89738430583501, "eval_support_NUM": 230.0, "eval_prec_PART": 0.0, "eval_f1_PART": 0.0, "eval_support_PART": 1.0, "eval_prec_PRON": 0.6105263157894737, "eval_f1_PRON": 0.3613707165109034, "eval_support_PRON": 452.0, "eval_prec_PROPN": 0.0, "eval_f1_PROPN": 0.0, "eval_support_PROPN": 818.0, "eval_prec_PUNCT": 0.9952978056426333, "eval_f1_PUNCT": 0.997643362136685, "eval_support_PUNCT": 1270.0, "eval_prec_SCONJ": 0.8347107438016529, "eval_f1_SCONJ": 0.4410480349344978, "eval_support_SCONJ": 337.0, "eval_prec_SYM": 1.0, "eval_f1_SYM": 0.6842105263157895, "eval_support_SYM": 25.0, "eval_prec_VERB": 0.7414910858995137, "eval_f1_VERB": 0.7612312811980033, "eval_support_VERB": 1170.0, "eval_prec_X": 0.009868421052631578, "eval_f1_X": 0.018789144050104383, "eval_support_X": 46.0, "eval_runtime": 8.2557, "eval_samples_per_second": 51.722, "eval_steps_per_second": 1.696}