{"eval_loss": 0.9231034517288208, "eval_token_acc": 0.8105357433642729, "eval_f1_macro": 0.6666727968011608, "eval_prec_ADJ": 0.7949367088607595, "eval_f1_ADJ": 0.8418230563002681, "eval_support_ADJ": 702.0, "eval_prec_ADP": 0.9784349969192853, "eval_f1_ADP": 0.9022727272727272, "eval_support_ADP": 1897.0, "eval_prec_ADV": 0.7494736842105263, "eval_f1_ADV": 0.7841409691629956, "eval_support_ADV": 433.0, "eval_prec_AUX": 0.7784431137724551, "eval_f1_AUX": 0.8227848101265823, "eval_support_AUX": 149.0, "eval_prec_CCONJ": 0.9588377723970944, "eval_f1_CCONJ": 0.9372781065088758, "eval_support_CCONJ": 432.0, "eval_prec_DET": 0.9016393442622951, "eval_f1_DET": 0.6223479490806223, "eval_support_DET": 1389.0, "eval_prec_INTJ": 0.0, "eval_f1_INTJ": 0.0, "eval_support_INTJ": 0.0, "eval_prec_NOUN": 0.9594368085819645, "eval_f1_NOUN": 0.9458030403172505, "eval_support_NOUN": 3069.0, "eval_prec_NUM": 0.8561643835616438, "eval_f1_NUM": 0.8635578583765112, "eval_support_NUM": 287.0, "eval_prec_PART": 0.0, "eval_f1_PART": 0.0, "eval_support_PART": 0.0, "eval_prec_PRON": 0.32036613272311215, "eval_f1_PRON": 0.31007751937984496, "eval_support_PRON": 466.0, "eval_prec_PROPN": 0.8204283360790774, "eval_f1_PROPN": 0.8397976391231029, "eval_support_PROPN": 579.0, "eval_prec_PUNCT": 0.7203125, "eval_f1_PUNCT": 0.8369137670196671, "eval_support_PUNCT": 1385.0, "eval_prec_SCONJ": 0.9484536082474226, "eval_f1_SCONJ": 0.359375, "eval_support_SCONJ": 415.0, "eval_prec_SYM": 0.0, "eval_f1_SYM": 0.0, "eval_support_SYM": 0.0, "eval_prec_VERB": 0.9176915799432356, "eval_f1_VERB": 0.9107981220657277, "eval_support_VERB": 1073.0, "eval_prec_X": 0.011976047904191617, "eval_f1_X": 0.023121387283236993, "eval_support_X": 6.0, "eval_runtime": 9.3662, "eval_samples_per_second": 52.422, "eval_steps_per_second": 1.708}