{"eval_loss": 2.063823699951172, "eval_token_acc": 0.3507958191695524, "eval_f1_macro": 0.2215579599693508, "eval_prec_ADJ": 0.43478260869565216, "eval_f1_ADJ": 0.09632751354605659, "eval_support_ADJ": 1477.0, "eval_prec_ADP": 0.5134474327628362, "eval_f1_ADP": 0.37177541729893776, "eval_support_ADP": 5045.0, "eval_prec_ADV": 0.0, "eval_f1_ADV": 0.0, "eval_support_ADV": 950.0, "eval_prec_AUX": 0.13020594965675059, "eval_f1_AUX": 0.22619757503478433, "eval_support_AUX": 661.0, "eval_prec_CCONJ": 0.0, "eval_f1_CCONJ": 0.0, "eval_support_CCONJ": 1026.0, "eval_prec_DET": 0.6217948717948718, "eval_f1_DET": 0.588010776829816, "eval_support_DET": 4696.0, "eval_prec_INTJ": 0.0, "eval_f1_INTJ": 0.0, "eval_support_INTJ": 0.0, "eval_prec_NOUN": 0.3361921097770154, "eval_f1_NOUN": 0.11614814814814815, "eval_support_NOUN": 5584.0, "eval_prec_NUM": 0.2999635966508919, "eval_f1_NUM": 0.45739661393283376, "eval_support_NUM": 856.0, "eval_prec_PART": 0.01092896174863388, "eval_f1_PART": 0.02081165452653486, "eval_support_PART": 46.0, "eval_prec_PRON": 0.3181242078580482, "eval_f1_PRON": 0.3276762402088773, "eval_support_PRON": 743.0, "eval_prec_PROPN": 0.23479318734793186, "eval_f1_PROPN": 0.15845648604269294, "eval_support_PROPN": 3228.0, "eval_prec_PUNCT": 0.8728499891138689, "eval_f1_PUNCT": 0.9251182646821277, "eval_support_PUNCT": 4074.0, "eval_prec_SCONJ": 0.0091324200913242, "eval_f1_SCONJ": 0.011799410029498525, "eval_support_SCONJ": 120.0, "eval_prec_SYM": 0.0, "eval_f1_SYM": 0.0, "eval_support_SYM": 107.0, "eval_prec_VERB": 0.6683006535947712, "eval_f1_VERB": 0.23939127889961956, "eval_support_VERB": 2805.0, "eval_prec_X": 0.0029329608938547485, "eval_f1_X": 0.005817980329685552, "eval_support_X": 59.0, "eval_runtime": 20.314, "eval_samples_per_second": 59.073, "eval_steps_per_second": 1.871}