{"eval_loss": 0.6687310934066772, "eval_token_acc": 0.8350391579994199, "eval_f1_macro": 0.6274734747278419, "eval_prec_ADJ": 0.9026701119724375, "eval_f1_ADJ": 0.745111980092428, "eval_support_ADJ": 1652.0, "eval_prec_ADP": 0.9509272467902996, "eval_f1_ADP": 0.9644097222222222, "eval_support_ADP": 3407.0, "eval_prec_ADV": 0.31082251082251083, "eval_f1_ADV": 0.4665367121507472, "eval_support_ADV": 384.0, "eval_prec_AUX": 0.8178963893249608, "eval_f1_AUX": 0.6783854166666666, "eval_support_AUX": 899.0, "eval_prec_CCONJ": 0.955743879472693, "eval_f1_CCONJ": 0.9722222222222222, "eval_support_CCONJ": 1026.0, "eval_prec_DET": 0.49842271293375395, "eval_f1_DET": 0.3910891089108911, "eval_support_DET": 491.0, "eval_prec_INTJ": 0.0, "eval_f1_INTJ": 0.0, "eval_support_INTJ": 27.0, "eval_prec_NOUN": 0.9252510760401722, "eval_f1_NOUN": 0.8491671604450589, "eval_support_NOUN": 8219.0, "eval_prec_NUM": 0.6722689075630253, "eval_f1_NUM": 0.7384615384615385, "eval_support_NUM": 293.0, "eval_prec_PART": 0.0, "eval_f1_PART": 0.0, "eval_support_PART": 28.0, "eval_prec_PRON": 0.7728658536585366, "eval_f1_PRON": 0.8318293683347006, "eval_support_PRON": 1126.0, "eval_prec_PROPN": 0.7137330754352031, "eval_f1_PROPN": 0.6881118881118881, "eval_support_PROPN": 1111.0, "eval_prec_PUNCT": 0.9995331465919701, "eval_f1_PUNCT": 0.999766518795237, "eval_support_PUNCT": 2141.0, "eval_prec_SCONJ": 0.9194528875379939, "eval_f1_SCONJ": 0.937984496124031, "eval_support_SCONJ": 632.0, "eval_prec_SYM": 0.0, "eval_f1_SYM": 0.0, "eval_support_SYM": 0.0, "eval_prec_VERB": 0.6620455139942454, "eval_f1_VERB": 0.7764994631078386, "eval_support_VERB": 2696.0, "eval_prec_X": 0.0, "eval_f1_X": 0.0, "eval_support_X": 1.0, "eval_runtime": 12.8888, "eval_samples_per_second": 112.888, "eval_steps_per_second": 3.569}