{"eval_loss": 1.903509497642517, "eval_token_acc": 0.4536032486817383, "eval_f1_macro": 0.28109374720956193, "eval_prec_ADJ": 0.6561085972850679, "eval_f1_ADJ": 0.19727891156462585, "eval_support_ADJ": 1249.0, "eval_prec_ADP": 0.48013967699694454, "eval_f1_ADP": 0.5649717514124294, "eval_support_ADP": 1603.0, "eval_prec_ADV": 0.0975609756097561, "eval_f1_ADV": 0.007279344858962694, "eval_support_ADV": 1058.0, "eval_prec_AUX": 0.24047373841400618, "eval_f1_AUX": 0.35472844663881503, "eval_support_AUX": 691.0, "eval_prec_CCONJ": 1.0, "eval_f1_CCONJ": 0.008658008658008658, "eval_support_CCONJ": 460.0, "eval_prec_DET": 0.9094874591057798, "eval_f1_DET": 0.5243634077334172, "eval_support_DET": 2264.0, "eval_prec_INTJ": 0.0, "eval_f1_INTJ": 0.0, "eval_support_INTJ": 4.0, "eval_prec_NOUN": 0.7593939393939394, "eval_f1_NOUN": 0.5263600084015964, "eval_support_NOUN": 3111.0, "eval_prec_NUM": 0.15441176470588236, "eval_f1_NUM": 0.26720647773279355, "eval_support_NUM": 233.0, "eval_prec_PART": 0.0034129692832764505, "eval_f1_PART": 0.005025125628140704, "eval_support_PART": 210.0, "eval_prec_PRON": 0.5261984392419174, "eval_f1_PRON": 0.5892634207240949, "eval_support_PRON": 705.0, "eval_prec_PROPN": 0.3283018867924528, "eval_f1_PROPN": 0.22422680412371135, "eval_support_PROPN": 1022.0, "eval_prec_PUNCT": 0.9329855537720706, "eval_f1_PUNCT": 0.9571840263482915, "eval_support_PUNCT": 2366.0, "eval_prec_SCONJ": 0.06086956521739131, "eval_f1_SCONJ": 0.08187134502923976, "eval_support_SCONJ": 168.0, "eval_prec_SYM": 0.0, "eval_f1_SYM": 0.0, "eval_support_SYM": 4.0, "eval_prec_VERB": 0.7453625632377741, "eval_f1_VERB": 0.460656591974987, "eval_support_VERB": 1326.0, "eval_prec_X": 0.004807692307692308, "eval_f1_X": 0.009520031733439112, "eval_support_X": 25.0, "eval_runtime": 12.3004, "eval_samples_per_second": 79.428, "eval_steps_per_second": 2.52}