{"eval_loss": 0.1593172252178192, "eval_token_acc": 0.9548709408825978, "eval_f1_macro": 0.8838158290614619, "eval_prec_ADJ": 0.7954545454545454, "eval_f1_ADJ": 0.8448275862068966, "eval_support_ADJ": 272.0, "eval_prec_ADP": 0.9216757741347905, "eval_f1_ADP": 0.933579335793358, "eval_support_ADP": 535.0, "eval_prec_ADV": 0.8854166666666666, "eval_f1_ADV": 0.8793103448275862, "eval_support_ADV": 292.0, "eval_prec_AUX": 0.9484777517564403, "eval_f1_AUX": 0.9551886792452831, "eval_support_AUX": 421.0, "eval_prec_CCONJ": 0.9619565217391305, "eval_f1_CCONJ": 0.944, "eval_support_CCONJ": 191.0, "eval_prec_DET": 0.9166666666666666, "eval_f1_DET": 0.9328621908127208, "eval_support_DET": 139.0, "eval_prec_INTJ": 0.0, "eval_f1_INTJ": 0.0, "eval_support_INTJ": 0.0, "eval_prec_NOUN": 0.9629517157607045, "eval_f1_NOUN": 0.9601816805450416, "eval_support_NOUN": 3312.0, "eval_prec_NUM": 0.9848484848484849, "eval_f1_NUM": 0.9900990099009901, "eval_support_NUM": 653.0, "eval_prec_PART": 0.9520897043832823, "eval_f1_PART": 0.9467815509376584, "eval_support_PART": 992.0, "eval_prec_PRON": 0.9814814814814815, "eval_f1_PRON": 0.9636363636363636, "eval_support_PRON": 168.0, "eval_prec_PROPN": 0.9565217391304348, "eval_f1_PROPN": 0.9593657086223984, "eval_support_PROPN": 1006.0, "eval_prec_PUNCT": 0.9982259018332348, "eval_f1_PUNCT": 0.9991121633619414, "eval_support_PUNCT": 1688.0, "eval_prec_SCONJ": 0.9122137404580153, "eval_f1_SCONJ": 0.9290573372206026, "eval_support_SCONJ": 505.0, "eval_prec_SYM": 0.0, "eval_f1_SYM": 0.0, "eval_support_SYM": 3.0, "eval_prec_VERB": 0.9500587544065805, "eval_f1_VERB": 0.9379350348027842, "eval_support_VERB": 1746.0, "eval_prec_X": 0.9764705882352941, "eval_f1_X": 0.9651162790697675, "eval_support_X": 87.0, "eval_runtime": 13.0984, "eval_samples_per_second": 38.173, "eval_steps_per_second": 1.222}