{"eval_loss": 0.8505802154541016, "eval_token_acc": 0.7916463116756228, "eval_f1_macro": 0.5550548771409745, "eval_prec_ADJ": 0.7091954022988506, "eval_f1_ADJ": 0.7849872773536896, "eval_support_ADJ": 702.0, "eval_prec_ADP": 0.978448275862069, "eval_f1_ADP": 0.9025844930417495, "eval_support_ADP": 1897.0, "eval_prec_ADV": 0.7233606557377049, "eval_f1_ADV": 0.7665580890336591, "eval_support_ADV": 433.0, "eval_prec_AUX": 0.3902439024390244, "eval_f1_AUX": 0.40894568690095845, "eval_support_AUX": 149.0, "eval_prec_CCONJ": 0.7288732394366197, "eval_f1_CCONJ": 0.828, "eval_support_CCONJ": 432.0, "eval_prec_DET": 0.9106425702811245, "eval_f1_DET": 0.760587002096436, "eval_support_DET": 1389.0, "eval_prec_INTJ": 0.0, "eval_f1_INTJ": 0.0, "eval_support_INTJ": 0.0, "eval_prec_NOUN": 0.9598214285714286, "eval_f1_NOUN": 0.8963001563314226, "eval_support_NOUN": 3069.0, "eval_prec_NUM": 0.9359430604982206, "eval_f1_NUM": 0.926056338028169, "eval_support_NUM": 287.0, "eval_prec_PART": 0.0, "eval_f1_PART": 0.0, "eval_support_PART": 0.0, "eval_prec_PRON": 0.32432432432432434, "eval_f1_PRON": 0.31648351648351647, "eval_support_PRON": 466.0, "eval_prec_PROPN": 0.5190677966101694, "eval_f1_PROPN": 0.6434668417596848, "eval_support_PROPN": 579.0, "eval_prec_PUNCT": 0.6533018867924528, "eval_f1_PUNCT": 0.7902995720399429, "eval_support_PUNCT": 1385.0, "eval_prec_SCONJ": 0.0, "eval_f1_SCONJ": 0.0, "eval_support_SCONJ": 415.0, "eval_prec_SYM": 0.0, "eval_f1_SYM": 0.0, "eval_support_SYM": 0.0, "eval_prec_VERB": 0.8586142322097379, "eval_f1_VERB": 0.8566090611863615, "eval_support_VERB": 1073.0, "eval_prec_X": 0.0, "eval_f1_X": 0.0, "eval_support_X": 6.0, "eval_runtime": 9.3399, "eval_samples_per_second": 52.57, "eval_steps_per_second": 1.713}