{"eval_loss": 1.8653512001037598, "eval_token_acc": 0.5943536404160475, "eval_f1_macro": 0.44369048312265474, "eval_prec_ADJ": 0.7520161290322581, "eval_f1_ADJ": 0.4485868911605532, "eval_support_ADJ": 1167.0, "eval_prec_ADP": 0.9683143219264893, "eval_f1_ADP": 0.6564983888292159, "eval_support_ADP": 3077.0, "eval_prec_ADV": 0.29245283018867924, "eval_f1_ADV": 0.2683982683982684, "eval_support_ADV": 125.0, "eval_prec_AUX": 0.792336217552534, "eval_f1_AUX": 0.7649164677804295, "eval_support_AUX": 867.0, "eval_prec_CCONJ": 0.810126582278481, "eval_f1_CCONJ": 0.7828746177370031, "eval_support_CCONJ": 338.0, "eval_prec_DET": 0.5, "eval_f1_DET": 0.016597510373443983, "eval_support_DET": 237.0, "eval_prec_INTJ": 0.0, "eval_f1_INTJ": 0.0, "eval_support_INTJ": 0.0, "eval_prec_NOUN": 0.5135455218356773, "eval_f1_NOUN": 0.6642412637625659, "eval_support_NOUN": 3690.0, "eval_prec_NUM": 0.5558912386706949, "eval_f1_NUM": 0.6153846153846154, "eval_support_NUM": 267.0, "eval_prec_PART": 0.0, "eval_f1_PART": 0.0, "eval_support_PART": 337.0, "eval_prec_PRON": 0.30468204053109715, "eval_f1_PRON": 0.45181347150259066, "eval_support_PRON": 499.0, "eval_prec_PROPN": 0.0, "eval_f1_PROPN": 0.0, "eval_support_PROPN": 1975.0, "eval_prec_PUNCT": 0.6826826826826827, "eval_f1_PUNCT": 0.8114217727543129, "eval_support_PUNCT": 682.0, "eval_prec_SCONJ": 0.0, "eval_f1_SCONJ": 0.0, "eval_support_SCONJ": 248.0, "eval_prec_SYM": 0.0, "eval_f1_SYM": 0.0, "eval_support_SYM": 0.0, "eval_prec_VERB": 0.6047450782433115, "eval_f1_VERB": 0.7309334960341671, "eval_support_VERB": 1297.0, "eval_prec_X": 0.0, "eval_f1_X": 0.0, "eval_support_X": 0.0, "eval_runtime": 9.8291, "eval_samples_per_second": 54.43, "eval_steps_per_second": 1.73}