{"eval_loss": 1.2896252870559692, "eval_token_acc": 0.6934904851161166, "eval_f1_macro": 0.5183877629242233, "eval_prec_ADJ": 0.5692746536267319, "eval_f1_ADJ": 0.7107606207071991, "eval_support_ADJ": 1477.0, "eval_prec_ADP": 0.6438728024819028, "eval_f1_ADP": 0.7794382286206087, "eval_support_ADP": 5045.0, "eval_prec_ADV": 0.9695945945945946, "eval_f1_ADV": 0.4606741573033708, "eval_support_ADV": 950.0, "eval_prec_AUX": 0.4517766497461929, "eval_f1_AUX": 0.20745920745920746, "eval_support_AUX": 661.0, "eval_prec_CCONJ": 0.8945615982241953, "eval_f1_CCONJ": 0.8365334717176959, "eval_support_CCONJ": 1026.0, "eval_prec_DET": 0.7651195499296765, "eval_f1_DET": 0.4779616342070581, "eval_support_DET": 4696.0, "eval_prec_INTJ": 0.0, "eval_f1_INTJ": 0.0, "eval_support_INTJ": 0.0, "eval_prec_NOUN": 0.7557349192863212, "eval_f1_NOUN": 0.8440613632769255, "eval_support_NOUN": 5584.0, "eval_prec_NUM": 0.9162995594713657, "eval_f1_NUM": 0.9433106575963719, "eval_support_NUM": 856.0, "eval_prec_PART": 0.0, "eval_f1_PART": 0.0, "eval_support_PART": 46.0, "eval_prec_PRON": 0.6351931330472103, "eval_f1_PRON": 0.30327868852459017, "eval_support_PRON": 743.0, "eval_prec_PROPN": 0.0, "eval_f1_PROPN": 0.0, "eval_support_PROPN": 3228.0, "eval_prec_PUNCT": 0.988037109375, "eval_f1_PUNCT": 0.9906976744186047, "eval_support_PUNCT": 4074.0, "eval_prec_SCONJ": 0.17272727272727273, "eval_f1_SCONJ": 0.2235294117647059, "eval_support_SCONJ": 120.0, "eval_prec_SYM": 1.0, "eval_f1_SYM": 0.7261904761904762, "eval_support_SYM": 107.0, "eval_prec_VERB": 0.7791033984092552, "eval_f1_VERB": 0.7736492550709029, "eval_support_VERB": 2805.0, "eval_prec_X": 0.008550855085508551, "eval_f1_X": 0.016659359929855327, "eval_support_X": 59.0, "eval_runtime": 20.6279, "eval_samples_per_second": 58.174, "eval_steps_per_second": 1.842}