{"eval_loss": 0.8505194783210754, "eval_token_acc": 0.7751210067763795, "eval_f1_macro": 0.4195445595446635, "eval_prec_ADJ": 0.4787985865724382, "eval_f1_ADJ": 0.4294770206022187, "eval_support_ADJ": 696.0, "eval_prec_ADP": 0.6971428571428572, "eval_f1_ADP": 0.746177370030581, "eval_support_ADP": 152.0, "eval_prec_ADV": 0.36293436293436293, "eval_f1_ADV": 0.3514018691588785, "eval_support_ADV": 276.0, "eval_prec_AUX": 0.2, "eval_f1_AUX": 0.007722007722007722, "eval_support_AUX": 254.0, "eval_prec_CCONJ": 1.0, "eval_f1_CCONJ": 0.5365853658536586, "eval_support_CCONJ": 120.0, "eval_prec_DET": 0.43333333333333335, "eval_f1_DET": 0.1793103448275862, "eval_support_DET": 115.0, "eval_prec_INTJ": 0.0, "eval_f1_INTJ": 0.0, "eval_support_INTJ": 30.0, "eval_prec_NOUN": 0.8021212121212121, "eval_f1_NOUN": 0.7959705307472561, "eval_support_NOUN": 3351.0, "eval_prec_NUM": 0.6797583081570997, "eval_f1_NUM": 0.7588532883642496, "eval_support_NUM": 262.0, "eval_prec_PART": 0.0, "eval_f1_PART": 0.0, "eval_support_PART": 44.0, "eval_prec_PRON": 0.7951977401129944, "eval_f1_PRON": 0.7890679747722494, "eval_support_PRON": 719.0, "eval_prec_PROPN": 0.06315789473684211, "eval_f1_PROPN": 0.10762331838565023, "eval_support_PROPN": 33.0, "eval_prec_PUNCT": 0.960075152653828, "eval_f1_PUNCT": 0.9796309609393722, "eval_support_PUNCT": 2044.0, "eval_prec_SCONJ": 0.10714285714285714, "eval_f1_SCONJ": 0.19230769230769232, "eval_support_SCONJ": 16.0, "eval_prec_SYM": 0.0, "eval_f1_SYM": 0.0, "eval_support_SYM": 0.0, "eval_prec_VERB": 0.7973909498573176, "eval_f1_VERB": 0.8385852090032154, "eval_support_VERB": 2212.0, "eval_prec_X": 0.0, "eval_f1_X": 0.0, "eval_support_X": 6.0, "eval_runtime": 10.9392, "eval_samples_per_second": 82.273, "eval_steps_per_second": 2.651}