{"eval_loss": 1.162384271621704, "eval_token_acc": 0.7496108123407869, "eval_f1_macro": 0.570636166622893, "eval_prec_ADJ": 0.9128076762619941, "eval_f1_ADJ": 0.8203974503187101, "eval_support_ADJ": 2937.0, "eval_prec_ADP": 0.9853862212943633, "eval_f1_ADP": 0.9611947052834031, "eval_support_ADP": 4528.0, "eval_prec_ADV": 0.09664429530201342, "eval_f1_ADV": 0.1696113074204947, "eval_support_ADV": 104.0, "eval_prec_AUX": 0.19230769230769232, "eval_f1_AUX": 0.18469656992084432, "eval_support_AUX": 197.0, "eval_prec_CCONJ": 0.9755661501787842, "eval_f1_CCONJ": 0.8994505494505495, "eval_support_CCONJ": 1962.0, "eval_prec_DET": 0.2918287937743191, "eval_f1_DET": 0.2638522427440633, "eval_support_DET": 623.0, "eval_prec_INTJ": 0.0, "eval_f1_INTJ": 0.0, "eval_support_INTJ": 0.0, "eval_prec_NOUN": 0.9423885618166526, "eval_f1_NOUN": 0.8060667825669924, "eval_support_NOUN": 9547.0, "eval_prec_NUM": 0.9482071713147411, "eval_f1_NUM": 0.9321148825065274, "eval_support_NUM": 779.0, "eval_prec_PART": 0.0, "eval_f1_PART": 0.0, "eval_support_PART": 226.0, "eval_prec_PRON": 0.6633165829145728, "eval_f1_PRON": 0.6203007518796992, "eval_support_PRON": 1133.0, "eval_prec_PROPN": 0.011432926829268292, "eval_f1_PROPN": 0.022598870056497175, "eval_support_PROPN": 31.0, "eval_prec_PUNCT": 0.9314259763851045, "eval_f1_PUNCT": 0.9642689233662435, "eval_support_PUNCT": 2052.0, "eval_prec_SCONJ": 0.5959367945823928, "eval_f1_SCONJ": 0.7431386347642506, "eval_support_SCONJ": 535.0, "eval_prec_SYM": 0.9285714285714286, "eval_f1_SYM": 0.9397590361445783, "eval_support_SYM": 41.0, "eval_prec_VERB": 0.6802325581395349, "eval_f1_VERB": 0.796972563859981, "eval_support_VERB": 2189.0, "eval_prec_X": 0.00851063829787234, "eval_f1_X": 0.0057553956834532375, "eval_support_X": 1380.0, "eval_runtime": 23.6791, "eval_samples_per_second": 28.717, "eval_steps_per_second": 0.929}