{"eval_loss": 1.5731515884399414, "eval_token_acc": 0.5697690125624747, "eval_f1_macro": 0.45485155552345535, "eval_prec_ADJ": 0.7180232558139535, "eval_f1_ADJ": 0.3269358041032429, "eval_support_ADJ": 1167.0, "eval_prec_ADP": 0.9154834347532116, "eval_f1_ADP": 0.5943810359964882, "eval_support_ADP": 3077.0, "eval_prec_ADV": 0.03680203045685279, "eval_f1_ADV": 0.06352683461117196, "eval_support_ADV": 125.0, "eval_prec_AUX": 0.6739130434782609, "eval_f1_AUX": 0.06790799561883899, "eval_support_AUX": 867.0, "eval_prec_CCONJ": 0.9879518072289156, "eval_f1_CCONJ": 0.6507936507936508, "eval_support_CCONJ": 338.0, "eval_prec_DET": 0.6, "eval_f1_DET": 0.07142857142857142, "eval_support_DET": 237.0, "eval_prec_INTJ": 0.0, "eval_f1_INTJ": 0.0, "eval_support_INTJ": 0.0, "eval_prec_NOUN": 0.503931738330266, "eval_f1_NOUN": 0.6231509258301438, "eval_support_NOUN": 3690.0, "eval_prec_NUM": 0.6491803278688525, "eval_f1_NUM": 0.6923076923076923, "eval_support_NUM": 267.0, "eval_prec_PART": 0.0, "eval_f1_PART": 0.0, "eval_support_PART": 337.0, "eval_prec_PRON": 0.4504830917874396, "eval_f1_PRON": 0.5621703089675961, "eval_support_PRON": 499.0, "eval_prec_PROPN": 0.9474747474747475, "eval_f1_PROPN": 0.6327150084317033, "eval_support_PROPN": 1975.0, "eval_prec_PUNCT": 0.6759167492566898, "eval_f1_PUNCT": 0.8066232998225902, "eval_support_PUNCT": 682.0, "eval_prec_SCONJ": 0.6338582677165354, "eval_f1_SCONJ": 0.6414342629482072, "eval_support_SCONJ": 248.0, "eval_prec_SYM": 0.0, "eval_f1_SYM": 0.0, "eval_support_SYM": 0.0, "eval_prec_VERB": 0.47523992322456815, "eval_f1_VERB": 0.6345463864684777, "eval_support_VERB": 1297.0, "eval_prec_X": 0.0, "eval_f1_X": 0.0, "eval_support_X": 0.0, "eval_runtime": 10.0929, "eval_samples_per_second": 53.008, "eval_steps_per_second": 1.684}