{"eval_loss": 0.9647982120513916, "eval_token_acc": 0.7286602375069737, "eval_f1_macro": 0.5334339529736569, "eval_prec_ADJ": 0.5439842209072978, "eval_f1_ADJ": 0.6379828822576914, "eval_support_ADJ": 1788.0, "eval_prec_ADP": 0.6672443674176777, "eval_f1_ADP": 0.6150159744408946, "eval_support_ADP": 2025.0, "eval_prec_ADV": 0.6897810218978102, "eval_f1_ADV": 0.4347326049453709, "eval_support_ADV": 1191.0, "eval_prec_AUX": 0.42105263157894735, "eval_f1_AUX": 0.03, "eval_support_AUX": 1543.0, "eval_prec_CCONJ": 0.965893587994543, "eval_f1_CCONJ": 0.9639210347174949, "eval_support_CCONJ": 736.0, "eval_prec_DET": 0.9026676279740447, "eval_f1_DET": 0.7624847746650426, "eval_support_DET": 1897.0, "eval_prec_INTJ": 0.0, "eval_f1_INTJ": 0.0, "eval_support_INTJ": 121.0, "eval_prec_NOUN": 0.8134344072436303, "eval_f1_NOUN": 0.8708295761947701, "eval_support_NOUN": 4123.0, "eval_prec_NUM": 0.6143497757847534, "eval_f1_NUM": 0.5546558704453441, "eval_support_NUM": 542.0, "eval_prec_PART": 0.19926873857404023, "eval_f1_PART": 0.25014343086632246, "eval_support_PART": 649.0, "eval_prec_PRON": 0.8046458492003047, "eval_f1_PRON": 0.8822546972860126, "eval_support_PRON": 2164.0, "eval_prec_PROPN": 0.7147335423197492, "eval_f1_PROPN": 0.7884158201858655, "eval_support_PROPN": 2075.0, "eval_prec_PUNCT": 0.9114598756292568, "eval_f1_PUNCT": 0.9510273443534683, "eval_support_PUNCT": 3096.0, "eval_prec_SCONJ": 0.7918088737201365, "eval_f1_SCONJ": 0.6853766617429837, "eval_support_SCONJ": 384.0, "eval_prec_SYM": 0.0, "eval_f1_SYM": 0.0, "eval_support_SYM": 113.0, "eval_prec_VERB": 0.6024949426837491, "eval_f1_VERB": 0.6415365284509065, "eval_support_VERB": 2605.0, "eval_prec_X": 0.0, "eval_f1_X": 0.0, "eval_support_X": 42.0, "eval_runtime": 24.4537, "eval_samples_per_second": 84.936, "eval_steps_per_second": 2.658}