{"eval_loss": 0.9429192543029785, "eval_token_acc": 0.809802963686696, "eval_f1_macro": 0.6281705030095043, "eval_prec_ADJ": 0.7925033467202142, "eval_f1_ADJ": 0.8171152518978606, "eval_support_ADJ": 702.0, "eval_prec_ADP": 0.9732484076433121, "eval_f1_ADP": 0.881453706374387, "eval_support_ADP": 1897.0, "eval_prec_ADV": 0.7289473684210527, "eval_f1_ADV": 0.6814268142681427, "eval_support_ADV": 433.0, "eval_prec_AUX": 0.5936254980079682, "eval_f1_AUX": 0.745, "eval_support_AUX": 149.0, "eval_prec_CCONJ": 0.9832935560859188, "eval_f1_CCONJ": 0.9682726204465335, "eval_support_CCONJ": 432.0, "eval_prec_DET": 0.8595555555555555, "eval_f1_DET": 0.7692919649960223, "eval_support_DET": 1389.0, "eval_prec_INTJ": 0.0, "eval_f1_INTJ": 0.0, "eval_support_INTJ": 0.0, "eval_prec_NOUN": 0.9338842975206612, "eval_f1_NOUN": 0.9080863887493722, "eval_support_NOUN": 3069.0, "eval_prec_NUM": 0.9813432835820896, "eval_f1_NUM": 0.9477477477477477, "eval_support_NUM": 287.0, "eval_prec_PART": 0.0, "eval_f1_PART": 0.0, "eval_support_PART": 0.0, "eval_prec_PRON": 0.4523809523809524, "eval_f1_PRON": 0.35, "eval_support_PRON": 466.0, "eval_prec_PROPN": 0.6442687747035574, "eval_f1_PROPN": 0.7309417040358744, "eval_support_PROPN": 579.0, "eval_prec_PUNCT": 0.7622454595487067, "eval_f1_PUNCT": 0.8650843222985634, "eval_support_PUNCT": 1385.0, "eval_prec_SCONJ": 0.7579908675799086, "eval_f1_SCONJ": 0.5236593059936908, "eval_support_SCONJ": 415.0, "eval_prec_SYM": 0.0, "eval_f1_SYM": 0.0, "eval_support_SYM": 0.0, "eval_prec_VERB": 0.917981072555205, "eval_f1_VERB": 0.8626482213438735, "eval_support_VERB": 1073.0, "eval_prec_X": 0.0, "eval_f1_X": 0.0, "eval_support_X": 6.0, "eval_runtime": 9.4367, "eval_samples_per_second": 52.031, "eval_steps_per_second": 1.696}