{"eval_loss": 0.8730041980743408, "eval_token_acc": 0.8378496851837093, "eval_f1_macro": 0.7080994091843555, "eval_prec_ADJ": 0.896136795440152, "eval_f1_ADJ": 0.8405108405108405, "eval_support_ADJ": 1788.0, "eval_prec_ADP": 0.7817021276595745, "eval_f1_ADP": 0.8397714285714286, "eval_support_ADP": 2025.0, "eval_prec_ADV": 0.6712689020381328, "eval_f1_ADV": 0.7529498525073747, "eval_support_ADV": 1191.0, "eval_prec_AUX": 0.9447852760736196, "eval_f1_AUX": 0.7330424434748116, "eval_support_AUX": 1543.0, "eval_prec_CCONJ": 0.9448924731182796, "eval_f1_CCONJ": 0.95, "eval_support_CCONJ": 736.0, "eval_prec_DET": 0.8320222119389171, "eval_f1_DET": 0.8861508132084771, "eval_support_DET": 1897.0, "eval_prec_INTJ": 0.4125, "eval_f1_INTJ": 0.3283582089552239, "eval_support_INTJ": 121.0, "eval_prec_NOUN": 0.9374167776298269, "eval_f1_NOUN": 0.8936278243208936, "eval_support_NOUN": 4123.0, "eval_prec_NUM": 0.9340866290018832, "eval_f1_NUM": 0.9245107176141659, "eval_support_NUM": 542.0, "eval_prec_PART": 0.0, "eval_f1_PART": 0.0, "eval_support_PART": 649.0, "eval_prec_PRON": 0.9234279918864098, "eval_f1_PRON": 0.8805609284332688, "eval_support_PRON": 2164.0, "eval_prec_PROPN": 0.8521927449918787, "eval_f1_PROPN": 0.8026517083120857, "eval_support_PROPN": 2075.0, "eval_prec_PUNCT": 0.9353855531850046, "eval_f1_PUNCT": 0.9625215618629449, "eval_support_PUNCT": 3096.0, "eval_prec_SCONJ": 0.8355263157894737, "eval_f1_SCONJ": 0.7383720930232558, "eval_support_SCONJ": 384.0, "eval_prec_SYM": 0.475, "eval_f1_SYM": 0.6070287539936102, "eval_support_SYM": 113.0, "eval_prec_VERB": 0.8029459901800328, "eval_f1_VERB": 0.8667844522968198, "eval_support_VERB": 2605.0, "eval_prec_X": 0.016304347826086956, "eval_f1_X": 0.030848329048843187, "eval_support_X": 42.0, "eval_runtime": 24.6384, "eval_samples_per_second": 84.299, "eval_steps_per_second": 2.638}