{"eval_loss": 0.7021798491477966, "eval_token_acc": 0.8294627823490167, "eval_f1_macro": 0.5409942195472612, "eval_prec_ADJ": 0.6595636732623034, "eval_f1_ADJ": 0.7540603248259861, "eval_support_ADJ": 1477.0, "eval_prec_ADP": 0.8892727272727273, "eval_f1_ADP": 0.9276434329065908, "eval_support_ADP": 5045.0, "eval_prec_ADV": 0.965034965034965, "eval_f1_ADV": 0.7253613666228647, "eval_support_ADV": 950.0, "eval_prec_AUX": 0.7574468085106383, "eval_f1_AUX": 0.39732142857142855, "eval_support_AUX": 661.0, "eval_prec_CCONJ": 0.9777486910994765, "eval_f1_CCONJ": 0.8346368715083798, "eval_support_CCONJ": 1026.0, "eval_prec_DET": 0.9720101781170484, "eval_f1_DET": 0.8351755131786712, "eval_support_DET": 4696.0, "eval_prec_INTJ": 0.0, "eval_f1_INTJ": 0.0, "eval_support_INTJ": 0.0, "eval_prec_NOUN": 0.7544604927782498, "eval_f1_NOUN": 0.8426379882966946, "eval_support_NOUN": 5584.0, "eval_prec_NUM": 0.608058608058608, "eval_f1_NUM": 0.5946268656716418, "eval_support_NUM": 856.0, "eval_prec_PART": 0.2222222222222222, "eval_f1_PART": 0.07272727272727272, "eval_support_PART": 46.0, "eval_prec_PRON": 0.5355871886120996, "eval_f1_PRON": 0.46130268199233715, "eval_support_PRON": 743.0, "eval_prec_PROPN": 0.846012832263978, "eval_f1_PROPN": 0.8518689432395016, "eval_support_PROPN": 3228.0, "eval_prec_PUNCT": 0.9987645169261181, "eval_f1_PUNCT": 0.9954439108484177, "eval_support_PUNCT": 4074.0, "eval_prec_SCONJ": 0.08681672025723473, "eval_f1_SCONJ": 0.14555256064690028, "eval_support_SCONJ": 120.0, "eval_prec_SYM": 0.0, "eval_f1_SYM": 0.0, "eval_support_SYM": 107.0, "eval_prec_VERB": 0.8061797752808989, "eval_f1_VERB": 0.7585425712667547, "eval_support_VERB": 2805.0, "eval_prec_X": 0.0, "eval_f1_X": 0.0, "eval_support_X": 59.0, "eval_runtime": 20.6302, "eval_samples_per_second": 58.167, "eval_steps_per_second": 1.842}