{"eval_loss": 1.034420132637024, "eval_token_acc": 0.708994708994709, "eval_f1_macro": 0.5178921506000331, "eval_prec_ADJ": 0.5412026726057907, "eval_f1_ADJ": 0.45935727788279773, "eval_support_ADJ": 609.0, "eval_prec_ADP": 0.6051861145964031, "eval_f1_ADP": 0.7478036175710594, "eval_support_ADP": 1479.0, "eval_prec_ADV": 0.4369230769230769, "eval_f1_ADV": 0.5004405286343613, "eval_support_ADV": 485.0, "eval_prec_AUX": 0.9880952380952381, "eval_f1_AUX": 0.3747178329571106, "eval_support_AUX": 359.0, "eval_prec_CCONJ": 0.9894179894179894, "eval_f1_CCONJ": 0.8480725623582767, "eval_support_CCONJ": 252.0, "eval_prec_DET": 0.9561128526645768, "eval_f1_DET": 0.339265850945495, "eval_support_DET": 1479.0, "eval_prec_INTJ": 0.0, "eval_f1_INTJ": 0.0, "eval_support_INTJ": 9.0, "eval_prec_NOUN": 0.7503337783711616, "eval_f1_NOUN": 0.8190429924702454, "eval_support_NOUN": 1870.0, "eval_prec_NUM": 0.5781818181818181, "eval_f1_NUM": 0.6309523809523809, "eval_support_NUM": 229.0, "eval_prec_PART": 0.0, "eval_f1_PART": 0.0, "eval_support_PART": 0.0, "eval_prec_PRON": 0.5947368421052631, "eval_f1_PRON": 0.601063829787234, "eval_support_PRON": 558.0, "eval_prec_PROPN": 0.7739872068230277, "eval_f1_PROPN": 0.7594142259414226, "eval_support_PROPN": 487.0, "eval_prec_PUNCT": 0.9689542483660131, "eval_f1_PUNCT": 0.9842323651452282, "eval_support_PUNCT": 1186.0, "eval_prec_SCONJ": 0.4631578947368421, "eval_f1_SCONJ": 0.39461883408071746, "eval_support_SCONJ": 128.0, "eval_prec_SYM": 0.0, "eval_f1_SYM": 0.0, "eval_support_SYM": 39.0, "eval_prec_VERB": 0.7355450236966825, "eval_f1_VERB": 0.8272921108742004, "eval_support_VERB": 821.0, "eval_prec_X": 0.0, "eval_f1_X": 0.0, "eval_support_X": 27.0, "eval_runtime": 7.5907, "eval_samples_per_second": 54.804, "eval_steps_per_second": 1.713}