{"eval_loss": 0.7837543487548828, "eval_token_acc": 0.8253541768441622, "eval_f1_macro": 0.6703912646829443, "eval_prec_ADJ": 0.6747881355932204, "eval_f1_ADJ": 0.7739975698663426, "eval_support_ADJ": 702.0, "eval_prec_ADP": 0.9765580331618068, "eval_f1_ADP": 0.9369171695008228, "eval_support_ADP": 1897.0, "eval_prec_ADV": 0.9437229437229437, "eval_f1_ADV": 0.6566265060240963, "eval_support_ADV": 433.0, "eval_prec_AUX": 0.7875, "eval_f1_AUX": 0.8155339805825242, "eval_support_AUX": 149.0, "eval_prec_CCONJ": 0.9951219512195122, "eval_f1_CCONJ": 0.9691211401425178, "eval_support_CCONJ": 432.0, "eval_prec_DET": 0.9745676500508647, "eval_f1_DET": 0.8077571669477235, "eval_support_DET": 1389.0, "eval_prec_INTJ": 0.0, "eval_f1_INTJ": 0.0, "eval_support_INTJ": 0.0, "eval_prec_NOUN": 0.8052662037037037, "eval_f1_NOUN": 0.8530268199233716, "eval_support_NOUN": 3069.0, "eval_prec_NUM": 0.9769230769230769, "eval_f1_NUM": 0.6091127098321343, "eval_support_NUM": 287.0, "eval_prec_PART": 0.0, "eval_f1_PART": 0.0, "eval_support_PART": 0.0, "eval_prec_PRON": 0.31875, "eval_f1_PRON": 0.32346723044397463, "eval_support_PRON": 466.0, "eval_prec_PROPN": 0.6308100929614874, "eval_f1_PROPN": 0.7132132132132132, "eval_support_PROPN": 579.0, "eval_prec_PUNCT": 0.7900741585852824, "eval_f1_PUNCT": 0.882727852135118, "eval_support_PUNCT": 1385.0, "eval_prec_SCONJ": 0.9672619047619048, "eval_f1_SCONJ": 0.8655126498002663, "eval_support_SCONJ": 415.0, "eval_prec_SYM": 0.0, "eval_f1_SYM": 0.0, "eval_support_SYM": 0.0, "eval_prec_VERB": 0.9349775784753364, "eval_f1_VERB": 0.8488549618320611, "eval_support_VERB": 1073.0, "eval_prec_X": 0.0, "eval_f1_X": 0.0, "eval_support_X": 6.0, "eval_runtime": 9.3784, "eval_samples_per_second": 52.354, "eval_steps_per_second": 1.706}