{"eval_loss": 1.3996737003326416, "eval_token_acc": 0.7138763090857628, "eval_f1_macro": 0.5435518400189256, "eval_prec_ADJ": 0.8601346297681376, "eval_f1_ADJ": 0.5381375760411792, "eval_support_ADJ": 2937.0, "eval_prec_ADP": 0.9755772646536413, "eval_f1_ADP": 0.9729849424269265, "eval_support_ADP": 4528.0, "eval_prec_ADV": 0.08396946564885496, "eval_f1_ADV": 0.15083251714005877, "eval_support_ADV": 104.0, "eval_prec_AUX": 0.2084942084942085, "eval_f1_AUX": 0.23684210526315788, "eval_support_AUX": 197.0, "eval_prec_CCONJ": 0.980379746835443, "eval_f1_CCONJ": 0.8746470920383964, "eval_support_CCONJ": 1962.0, "eval_prec_DET": 0.4444444444444444, "eval_f1_DET": 0.3405940594059406, "eval_support_DET": 623.0, "eval_prec_INTJ": 0.0, "eval_f1_INTJ": 0.0, "eval_support_INTJ": 0.0, "eval_prec_NOUN": 0.8792877716679759, "eval_f1_NOUN": 0.7816118708175734, "eval_support_NOUN": 9547.0, "eval_prec_NUM": 0.9266187050359712, "eval_f1_NUM": 0.8738127544097694, "eval_support_NUM": 779.0, "eval_prec_PART": 0.7676056338028169, "eval_f1_PART": 0.592391304347826, "eval_support_PART": 226.0, "eval_prec_PRON": 0.7560718057022175, "eval_f1_PRON": 0.6884615384615385, "eval_support_PRON": 1133.0, "eval_prec_PROPN": 0.007027884833371118, "eval_f1_PROPN": 0.013957676722197209, "eval_support_PROPN": 31.0, "eval_prec_PUNCT": 0.9289271163422363, "eval_f1_PUNCT": 0.9631541891574747, "eval_support_PUNCT": 2052.0, "eval_prec_SCONJ": 0.75, "eval_f1_SCONJ": 0.8099742046431643, "eval_support_SCONJ": 535.0, "eval_prec_SYM": 0.0, "eval_f1_SYM": 0.0, "eval_support_SYM": 41.0, "eval_prec_VERB": 0.796722590714007, "eval_f1_VERB": 0.8594276094276094, "eval_support_VERB": 2189.0, "eval_prec_X": 0.0, "eval_f1_X": 0.0, "eval_support_X": 1380.0, "eval_runtime": 23.6116, "eval_samples_per_second": 28.799, "eval_steps_per_second": 0.932}