{"eval_loss": 1.2416908740997314, "eval_token_acc": 0.6972173443198704, "eval_f1_macro": 0.601382648246581, "eval_prec_ADJ": 0.7508992805755396, "eval_f1_ADJ": 0.7327775340061431, "eval_support_ADJ": 1167.0, "eval_prec_ADP": 0.9662162162162162, "eval_f1_ADP": 0.4867493313882811, "eval_support_ADP": 3077.0, "eval_prec_ADV": 0.06659619450317125, "eval_f1_ADV": 0.11764705882352941, "eval_support_ADV": 125.0, "eval_prec_AUX": 0.5872138910812944, "eval_f1_AUX": 0.697282099343955, "eval_support_AUX": 867.0, "eval_prec_CCONJ": 0.8201970443349754, "eval_f1_CCONJ": 0.8951612903225806, "eval_support_CCONJ": 338.0, "eval_prec_DET": 0.18101153504880213, "eval_f1_DET": 0.2991202346041056, "eval_support_DET": 237.0, "eval_prec_INTJ": 0.0, "eval_f1_INTJ": 0.0, "eval_support_INTJ": 0.0, "eval_prec_NOUN": 0.9101854864952815, "eval_f1_NOUN": 0.827147715510868, "eval_support_NOUN": 3690.0, "eval_prec_NUM": 0.7845528455284553, "eval_f1_NUM": 0.7524366471734892, "eval_support_NUM": 267.0, "eval_prec_PART": 1.0, "eval_f1_PART": 0.21693121693121692, "eval_support_PART": 337.0, "eval_prec_PRON": 0.5864811133200796, "eval_f1_PRON": 0.5888223552894212, "eval_support_PRON": 499.0, "eval_prec_PROPN": 0.6975143403441683, "eval_f1_PROPN": 0.7947712418300653, "eval_support_PROPN": 1975.0, "eval_prec_PUNCT": 0.9619181946403385, "eval_f1_PUNCT": 0.9805895039539899, "eval_support_PUNCT": 682.0, "eval_prec_SCONJ": 0.9484536082474226, "eval_f1_SCONJ": 0.832579185520362, "eval_support_SCONJ": 248.0, "eval_prec_SYM": 0.0, "eval_f1_SYM": 0.0, "eval_support_SYM": 0.0, "eval_prec_VERB": 0.7390163934426229, "eval_f1_VERB": 0.7987243090007087, "eval_support_VERB": 1297.0, "eval_prec_X": 0.0, "eval_f1_X": 0.0, "eval_support_X": 0.0, "eval_runtime": 9.7055, "eval_samples_per_second": 55.123, "eval_steps_per_second": 1.752}