{"eval_loss": 1.6718941926956177, "eval_token_acc": 0.5985289086554909, "eval_f1_macro": 0.3349790546070321, "eval_prec_ADJ": 0.595438175270108, "eval_f1_ADJ": 0.6391752577319587, "eval_support_ADJ": 719.0, "eval_prec_ADP": 0.48267526188557613, "eval_f1_ADP": 0.6352067868504772, "eval_support_ADP": 645.0, "eval_prec_ADV": 0.5645756457564576, "eval_f1_ADV": 0.2370255615801704, "eval_support_ADV": 1020.0, "eval_prec_AUX": 0.02702702702702703, "eval_f1_AUX": 0.0169971671388102, "eval_support_AUX": 242.0, "eval_prec_CCONJ": 0.263254113345521, "eval_f1_CCONJ": 0.41678726483357453, "eval_support_CCONJ": 144.0, "eval_prec_DET": 0.18209876543209877, "eval_f1_DET": 0.24329896907216494, "eval_support_DET": 161.0, "eval_prec_INTJ": 0.0, "eval_f1_INTJ": 0.0, "eval_support_INTJ": 17.0, "eval_prec_NOUN": 0.7226235192141, "eval_f1_NOUN": 0.7707241910631741, "eval_support_NOUN": 3029.0, "eval_prec_NUM": 0.8305084745762712, "eval_f1_NUM": 0.7762376237623763, "eval_support_NUM": 269.0, "eval_prec_PART": 0.015723270440251572, "eval_f1_PART": 0.02457002457002457, "eval_support_PART": 89.0, "eval_prec_PRON": 0.46987951807228917, "eval_f1_PRON": 0.3, "eval_support_PRON": 531.0, "eval_prec_PROPN": 0.0, "eval_f1_PROPN": 0.0, "eval_support_PROPN": 560.0, "eval_prec_PUNCT": 0.9941622883829538, "eval_f1_PUNCT": 0.997072599531616, "eval_support_PUNCT": 1703.0, "eval_prec_SCONJ": 0.8333333333333334, "eval_f1_SCONJ": 0.050761421319796954, "eval_support_SCONJ": 382.0, "eval_prec_SYM": 0.0, "eval_f1_SYM": 0.0, "eval_support_SYM": 7.0, "eval_prec_VERB": 0.7541106128550075, "eval_f1_VERB": 0.581221198156682, "eval_support_VERB": 2134.0, "eval_prec_X": 0.002890173410404624, "eval_f1_X": 0.0055658627087198514, "eval_support_X": 40.0, "eval_runtime": 6.0566, "eval_samples_per_second": 132.088, "eval_steps_per_second": 4.128}