{"eval_loss": 4.684460639953613, "eval_token_acc": 0.3549542048293089, "eval_f1_macro": 0.2849041381326152, "eval_prec_ADJ": 0.13978494623655913, "eval_f1_ADJ": 0.07123287671232877, "eval_support_ADJ": 272.0, "eval_prec_ADP": 0.49049429657794674, "eval_f1_ADP": 0.3233082706766917, "eval_support_ADP": 535.0, "eval_prec_ADV": 0.12184873949579832, "eval_f1_ADV": 0.10943396226415095, "eval_support_ADV": 292.0, "eval_prec_AUX": 0.9, "eval_f1_AUX": 0.1561822125813449, "eval_support_AUX": 421.0, "eval_prec_CCONJ": 0.045454545454545456, "eval_f1_CCONJ": 0.01702127659574468, "eval_support_CCONJ": 191.0, "eval_prec_DET": 0.7547169811320755, "eval_f1_DET": 0.4166666666666667, "eval_support_DET": 139.0, "eval_prec_INTJ": 0.0, "eval_f1_INTJ": 0.0, "eval_support_INTJ": 0.0, "eval_prec_NOUN": 0.8637083993660856, "eval_f1_NOUN": 0.2764392594471215, "eval_support_NOUN": 3312.0, "eval_prec_NUM": 0.8184319119669876, "eval_f1_NUM": 0.8623188405797102, "eval_support_NUM": 653.0, "eval_prec_PART": 0.0, "eval_f1_PART": 0.0, "eval_support_PART": 992.0, "eval_prec_PRON": 0.9532710280373832, "eval_f1_PRON": 0.7418181818181818, "eval_support_PRON": 168.0, "eval_prec_PROPN": 0.6784788245462403, "eval_f1_PROPN": 0.7258437355524734, "eval_support_PROPN": 1006.0, "eval_prec_PUNCT": 0.2143401983218917, "eval_f1_PUNCT": 0.35294117647058826, "eval_support_PUNCT": 1688.0, "eval_prec_SCONJ": 0.0, "eval_f1_SCONJ": 0.0, "eval_support_SCONJ": 505.0, "eval_prec_SYM": 0.010526315789473684, "eval_f1_SYM": 0.020833333333333332, "eval_support_SYM": 3.0, "eval_prec_VERB": 0.8449367088607594, "eval_f1_VERB": 0.25897187196896215, "eval_support_VERB": 1746.0, "eval_prec_X": 0.16489361702127658, "eval_f1_X": 0.22545454545454546, "eval_support_X": 87.0, "eval_runtime": 13.2962, "eval_samples_per_second": 37.605, "eval_steps_per_second": 1.203}