{"eval_loss": 0.056346021592617035, "eval_token_acc": 0.9836278326844364, "eval_f1_macro": 0.9350358287916577, "eval_prec_ADJ": 0.9451612903225807, "eval_f1_ADJ": 0.9536208299430431, "eval_support_ADJ": 609.0, "eval_prec_ADP": 0.99527983816588, "eval_f1_ADP": 0.9966239027683997, "eval_support_ADP": 1479.0, "eval_prec_ADV": 0.9753086419753086, "eval_f1_ADV": 0.976313079299691, "eval_support_ADV": 485.0, "eval_prec_AUX": 0.9861495844875346, "eval_f1_AUX": 0.9888888888888889, "eval_support_AUX": 359.0, "eval_prec_CCONJ": 0.9960474308300395, "eval_f1_CCONJ": 0.998019801980198, "eval_support_CCONJ": 252.0, "eval_prec_DET": 0.9966239027683997, "eval_f1_DET": 0.9972972972972973, "eval_support_DET": 1479.0, "eval_prec_INTJ": 0.8333333333333334, "eval_f1_INTJ": 0.6666666666666666, "eval_support_INTJ": 9.0, "eval_prec_NOUN": 0.9780748663101604, "eval_f1_NOUN": 0.9780748663101604, "eval_support_NOUN": 1870.0, "eval_prec_NUM": 0.9696969696969697, "eval_f1_NUM": 0.9739130434782609, "eval_support_NUM": 229.0, "eval_prec_PART": 0.0, "eval_f1_PART": 0.0, "eval_support_PART": 0.0, "eval_prec_PRON": 0.9928443649373881, "eval_f1_PRON": 0.9937332139659804, "eval_support_PRON": 558.0, "eval_prec_PROPN": 0.9699570815450643, "eval_f1_PROPN": 0.9485834207764953, "eval_support_PROPN": 487.0, "eval_prec_PUNCT": 0.9991575400168492, "eval_f1_PUNCT": 0.9995785924989464, "eval_support_PUNCT": 1186.0, "eval_prec_SCONJ": 0.9921259842519685, "eval_f1_SCONJ": 0.9882352941176471, "eval_support_SCONJ": 128.0, "eval_prec_SYM": 1.0, "eval_f1_SYM": 0.9459459459459459, "eval_support_SYM": 39.0, "eval_prec_VERB": 0.9746070133010882, "eval_f1_VERB": 0.9781553398058253, "eval_support_VERB": 821.0, "eval_prec_X": 0.6, "eval_f1_X": 0.5769230769230769, "eval_support_X": 27.0, "eval_runtime": 7.6004, "eval_samples_per_second": 54.734, "eval_steps_per_second": 1.71}