{"eval_loss": 0.5549108386039734, "eval_token_acc": 0.8990241832838354, "eval_f1_macro": 0.7463425446926353, "eval_prec_ADJ": 0.9250275633958104, "eval_f1_ADJ": 0.7782931354359925, "eval_support_ADJ": 1249.0, "eval_prec_ADP": 0.9446494464944649, "eval_f1_ADP": 0.9513781356457107, "eval_support_ADP": 1603.0, "eval_prec_ADV": 0.6784203102961918, "eval_f1_ADV": 0.777059773828756, "eval_support_ADV": 1058.0, "eval_prec_AUX": 0.9096045197740112, "eval_f1_AUX": 0.79050736497545, "eval_support_AUX": 691.0, "eval_prec_CCONJ": 0.9497816593886463, "eval_f1_CCONJ": 0.9477124183006536, "eval_support_CCONJ": 460.0, "eval_prec_DET": 0.990990990990991, "eval_f1_DET": 0.9558655385319003, "eval_support_DET": 2264.0, "eval_prec_INTJ": 0.4, "eval_f1_INTJ": 0.5714285714285714, "eval_support_INTJ": 4.0, "eval_prec_NOUN": 0.94921875, "eval_f1_NOUN": 0.9432314410480349, "eval_support_NOUN": 3111.0, "eval_prec_NUM": 0.8194945848375451, "eval_f1_NUM": 0.8901960784313725, "eval_support_NUM": 233.0, "eval_prec_PART": 0.0, "eval_f1_PART": 0.0, "eval_support_PART": 210.0, "eval_prec_PRON": 0.8680904522613065, "eval_f1_PRON": 0.9207195203197868, "eval_support_PRON": 705.0, "eval_prec_PROPN": 0.8234723569350145, "eval_f1_PROPN": 0.8270823185582075, "eval_support_PROPN": 1022.0, "eval_prec_PUNCT": 0.9991503823279524, "eval_f1_PUNCT": 0.9966101694915255, "eval_support_PUNCT": 2366.0, "eval_prec_SCONJ": 0.8614457831325302, "eval_f1_SCONJ": 0.8562874251497006, "eval_support_SCONJ": 168.0, "eval_prec_SYM": 0.16666666666666666, "eval_f1_SYM": 0.2857142857142857, "eval_support_SYM": 4.0, "eval_prec_VERB": 0.7754364840457556, "eval_f1_VERB": 0.8624037495815199, "eval_support_VERB": 1326.0, "eval_prec_X": 0.23728813559322035, "eval_f1_X": 0.3333333333333333, "eval_support_X": 25.0, "eval_runtime": 11.9136, "eval_samples_per_second": 82.007, "eval_steps_per_second": 2.602}