{"eval_loss": 0.2935343086719513, "eval_token_acc": 0.9213337326544874, "eval_f1_macro": 0.7210480466548408, "eval_prec_ADJ": 0.9430604982206405, "eval_f1_ADJ": 0.9052092228864219, "eval_support_ADJ": 609.0, "eval_prec_ADP": 0.9515072083879423, "eval_f1_ADP": 0.9663893510815308, "eval_support_ADP": 1479.0, "eval_prec_ADV": 0.8895348837209303, "eval_f1_ADV": 0.9170829170829171, "eval_support_ADV": 485.0, "eval_prec_AUX": 0.8729641693811075, "eval_f1_AUX": 0.8048048048048048, "eval_support_AUX": 359.0, "eval_prec_CCONJ": 0.6871508379888268, "eval_f1_CCONJ": 0.8065573770491803, "eval_support_CCONJ": 252.0, "eval_prec_DET": 0.970708446866485, "eval_f1_DET": 0.9670851713607058, "eval_support_DET": 1479.0, "eval_prec_INTJ": 0.0, "eval_f1_INTJ": 0.0, "eval_support_INTJ": 9.0, "eval_prec_NOUN": 0.9789596727060199, "eval_f1_NOUN": 0.9354928790840548, "eval_support_NOUN": 1870.0, "eval_prec_NUM": 0.9367088607594937, "eval_f1_NUM": 0.9527896995708155, "eval_support_NUM": 229.0, "eval_prec_PART": 0.0, "eval_f1_PART": 0.0, "eval_support_PART": 0.0, "eval_prec_PRON": 0.9657794676806084, "eval_f1_PRON": 0.9372693726937269, "eval_support_PRON": 558.0, "eval_prec_PROPN": 0.7144970414201184, "eval_f1_PROPN": 0.8306104901117799, "eval_support_PROPN": 487.0, "eval_prec_PUNCT": 0.9745275267050123, "eval_f1_PUNCT": 0.9870994590095714, "eval_support_PUNCT": 1186.0, "eval_prec_SCONJ": 0.0, "eval_f1_SCONJ": 0.0, "eval_support_SCONJ": 128.0, "eval_prec_SYM": 1.0, "eval_f1_SYM": 0.631578947368421, "eval_support_SYM": 39.0, "eval_prec_VERB": 0.8691159586681975, "eval_f1_VERB": 0.8947990543735225, "eval_support_VERB": 821.0, "eval_prec_X": 0.0, "eval_f1_X": 0.0, "eval_support_X": 27.0, "eval_runtime": 7.332, "eval_samples_per_second": 56.737, "eval_steps_per_second": 1.773}