{"eval_loss": 3.0287485122680664, "eval_token_acc": 0.4121565362198168, "eval_f1_macro": 0.25391921829378195, "eval_prec_ADJ": 0.2994350282485876, "eval_f1_ADJ": 0.23608017817371937, "eval_support_ADJ": 272.0, "eval_prec_ADP": 0.39473684210526316, "eval_f1_ADP": 0.30786773090079816, "eval_support_ADP": 535.0, "eval_prec_ADV": 0.2857142857142857, "eval_f1_ADV": 0.013377926421404682, "eval_support_ADV": 292.0, "eval_prec_AUX": 0.5, "eval_f1_AUX": 0.004728132387706856, "eval_support_AUX": 421.0, "eval_prec_CCONJ": 0.022727272727272728, "eval_f1_CCONJ": 0.014336917562724014, "eval_support_CCONJ": 191.0, "eval_prec_DET": 0.5061728395061729, "eval_f1_DET": 0.37272727272727274, "eval_support_DET": 139.0, "eval_prec_INTJ": 0.0, "eval_f1_INTJ": 0.0, "eval_support_INTJ": 0.0, "eval_prec_NOUN": 0.7527754056362084, "eval_f1_NOUN": 0.6236292889989388, "eval_support_NOUN": 3312.0, "eval_prec_NUM": 0.8193832599118943, "eval_f1_NUM": 0.8365817091454273, "eval_support_NUM": 653.0, "eval_prec_PART": 0.0, "eval_f1_PART": 0.0, "eval_support_PART": 992.0, "eval_prec_PRON": 0.9876543209876543, "eval_f1_PRON": 0.642570281124498, "eval_support_PRON": 168.0, "eval_prec_PROPN": 0.0, "eval_f1_PROPN": 0.0, "eval_support_PROPN": 1006.0, "eval_prec_PUNCT": 0.30995225853837677, "eval_f1_PUNCT": 0.47322680123352956, "eval_support_PUNCT": 1688.0, "eval_prec_SCONJ": 0.0, "eval_f1_SCONJ": 0.0, "eval_support_SCONJ": 505.0, "eval_prec_SYM": 0.0, "eval_f1_SYM": 0.0, "eval_support_SYM": 3.0, "eval_prec_VERB": 0.948073701842546, "eval_f1_VERB": 0.48314127187366623, "eval_support_VERB": 1746.0, "eval_prec_X": 0.028319405756731662, "eval_f1_X": 0.054439982150825524, "eval_support_X": 87.0, "eval_runtime": 13.0722, "eval_samples_per_second": 38.249, "eval_steps_per_second": 1.224}