{"eval_loss": 4.7252197265625, "eval_token_acc": 0.3273105745212323, "eval_f1_macro": 0.25124022109618505, "eval_prec_ADJ": 0.13333333333333333, "eval_f1_ADJ": 0.05763688760806916, "eval_support_ADJ": 272.0, "eval_prec_ADP": 0.42567567567567566, "eval_f1_ADP": 0.30324909747292417, "eval_support_ADP": 535.0, "eval_prec_ADV": 0.20588235294117646, "eval_f1_ADV": 0.07777777777777778, "eval_support_ADV": 292.0, "eval_prec_AUX": 1.0, "eval_f1_AUX": 0.12472160356347439, "eval_support_AUX": 421.0, "eval_prec_CCONJ": 0.037037037037037035, "eval_f1_CCONJ": 0.0163265306122449, "eval_support_CCONJ": 191.0, "eval_prec_DET": 0.6428571428571429, "eval_f1_DET": 0.430622009569378, "eval_support_DET": 139.0, "eval_prec_INTJ": 0.0, "eval_f1_INTJ": 0.0, "eval_support_INTJ": 0.0, "eval_prec_NOUN": 0.8960573476702509, "eval_f1_NOUN": 0.1392369813422445, "eval_support_NOUN": 3312.0, "eval_prec_NUM": 0.9946428571428572, "eval_f1_NUM": 0.9183841714756801, "eval_support_NUM": 653.0, "eval_prec_PART": 0.0, "eval_f1_PART": 0.0, "eval_support_PART": 992.0, "eval_prec_PRON": 0.9622641509433962, "eval_f1_PRON": 0.7445255474452555, "eval_support_PRON": 168.0, "eval_prec_PROPN": 0.5412462908011869, "eval_f1_PROPN": 0.6778149386845039, "eval_support_PROPN": 1006.0, "eval_prec_PUNCT": 0.19698914692496208, "eval_f1_PUNCT": 0.32914107438822265, "eval_support_PUNCT": 1688.0, "eval_prec_SCONJ": 0.0, "eval_f1_SCONJ": 0.0, "eval_support_SCONJ": 505.0, "eval_prec_SYM": 0.0, "eval_f1_SYM": 0.0, "eval_support_SYM": 3.0, "eval_prec_VERB": 0.8954545454545455, "eval_f1_VERB": 0.20040691759918616, "eval_support_VERB": 1746.0, "eval_prec_X": 0.0, "eval_f1_X": 0.0, "eval_support_X": 87.0, "eval_runtime": 11.6663, "eval_samples_per_second": 42.859, "eval_steps_per_second": 1.371}