{"eval_loss": 0.8363280296325684, "eval_token_acc": 0.7807357212003873, "eval_f1_macro": 0.5301472785301473, "eval_prec_ADJ": 0.5861618798955613, "eval_f1_ADJ": 0.6142270861833106, "eval_support_ADJ": 696.0, "eval_prec_ADP": 0.4734982332155477, "eval_f1_ADP": 0.6160919540229886, "eval_support_ADP": 152.0, "eval_prec_ADV": 0.4502923976608187, "eval_f1_ADV": 0.49838187702265374, "eval_support_ADV": 276.0, "eval_prec_AUX": 0.5617529880478087, "eval_f1_AUX": 0.5584158415841585, "eval_support_AUX": 254.0, "eval_prec_CCONJ": 0.95, "eval_f1_CCONJ": 0.8636363636363636, "eval_support_CCONJ": 120.0, "eval_prec_DET": 0.15897435897435896, "eval_f1_DET": 0.2, "eval_support_DET": 115.0, "eval_prec_INTJ": 0.0, "eval_f1_INTJ": 0.0, "eval_support_INTJ": 30.0, "eval_prec_NOUN": 0.8912547528517111, "eval_f1_NOUN": 0.7838154154823608, "eval_support_NOUN": 3351.0, "eval_prec_NUM": 0.7384105960264901, "eval_f1_NUM": 0.7907801418439716, "eval_support_NUM": 262.0, "eval_prec_PART": 0.16666666666666666, "eval_f1_PART": 0.19230769230769232, "eval_support_PART": 44.0, "eval_prec_PRON": 0.78125, "eval_f1_PRON": 0.7548526240115025, "eval_support_PRON": 719.0, "eval_prec_PROPN": 0.06695464362850972, "eval_f1_PROPN": 0.125, "eval_support_PROPN": 33.0, "eval_prec_PUNCT": 0.9965870307167235, "eval_f1_PUNCT": 0.9982905982905983, "eval_support_PUNCT": 2044.0, "eval_prec_SCONJ": 0.5, "eval_f1_SCONJ": 0.6363636363636364, "eval_support_SCONJ": 16.0, "eval_prec_SYM": 0.0, "eval_f1_SYM": 0.0, "eval_support_SYM": 0.0, "eval_prec_VERB": 0.8550525834476452, "eval_f1_VERB": 0.8501932257331212, "eval_support_VERB": 2212.0, "eval_prec_X": 0.0, "eval_f1_X": 0.0, "eval_support_X": 6.0, "eval_runtime": 10.5543, "eval_samples_per_second": 85.273, "eval_steps_per_second": 2.748}