{"eval_loss": 1.0923806428909302, "eval_token_acc": 0.7665437367919447, "eval_f1_macro": 0.5852878886496498, "eval_prec_ADJ": 0.8378600823045268, "eval_f1_ADJ": 0.7101499825601674, "eval_support_ADJ": 1652.0, "eval_prec_ADP": 0.9315519765739385, "eval_f1_ADP": 0.8291252647010914, "eval_support_ADP": 3407.0, "eval_prec_ADV": 0.38920780711825487, "eval_f1_ADV": 0.5402390438247012, "eval_support_ADV": 384.0, "eval_prec_AUX": 0.417608286252354, "eval_f1_AUX": 0.586834270592127, "eval_support_AUX": 899.0, "eval_prec_CCONJ": 0.9669187145557656, "eval_f1_CCONJ": 0.9817658349328215, "eval_support_CCONJ": 1026.0, "eval_prec_DET": 0.6618819776714514, "eval_f1_DET": 0.7423971377459749, "eval_support_DET": 491.0, "eval_prec_INTJ": 0.45454545454545453, "eval_f1_INTJ": 0.2631578947368421, "eval_support_INTJ": 27.0, "eval_prec_NOUN": 0.9522308840603748, "eval_f1_NOUN": 0.8058674901740596, "eval_support_NOUN": 8219.0, "eval_prec_NUM": 0.6917562724014337, "eval_f1_NUM": 0.6748251748251748, "eval_support_NUM": 293.0, "eval_prec_PART": 0.0, "eval_f1_PART": 0.0, "eval_support_PART": 28.0, "eval_prec_PRON": 0.7159400544959128, "eval_f1_PRON": 0.810331534309946, "eval_support_PRON": 1126.0, "eval_prec_PROPN": 0.6419185282522996, "eval_f1_PROPN": 0.7421192556019749, "eval_support_PROPN": 1111.0, "eval_prec_PUNCT": 0.9995327102803738, "eval_f1_PUNCT": 0.9992992291520673, "eval_support_PUNCT": 2141.0, "eval_prec_SCONJ": 0.7372708757637475, "eval_f1_SCONJ": 0.6447016918967052, "eval_support_SCONJ": 632.0, "eval_prec_SYM": 0.0, "eval_f1_SYM": 0.0, "eval_support_SYM": 0.0, "eval_prec_VERB": 0.5759897828863346, "eval_f1_VERB": 0.6190803019903912, "eval_support_VERB": 2696.0, "eval_prec_X": 0.0, "eval_f1_X": 0.0, "eval_support_X": 1.0, "eval_runtime": 15.356, "eval_samples_per_second": 94.751, "eval_steps_per_second": 2.996}