{"eval_loss": 1.0632095336914062, "eval_token_acc": 0.7073005499322548, "eval_f1_macro": 0.49767636708478635, "eval_prec_ADJ": 0.7145003756574004, "eval_f1_ADJ": 0.6098108368066688, "eval_support_ADJ": 1788.0, "eval_prec_ADP": 0.5252466627974464, "eval_f1_ADP": 0.6616706269420581, "eval_support_ADP": 2025.0, "eval_prec_ADV": 0.28184281842818426, "eval_f1_ADV": 0.3425559947299078, "eval_support_ADV": 1191.0, "eval_prec_AUX": 0.9321663019693655, "eval_f1_AUX": 0.426, "eval_support_AUX": 1543.0, "eval_prec_CCONJ": 0.998272884283247, "eval_f1_CCONJ": 0.8790874524714829, "eval_support_CCONJ": 736.0, "eval_prec_DET": 0.9263565891472868, "eval_f1_DET": 0.22180974477958237, "eval_support_DET": 1897.0, "eval_prec_INTJ": 0.0, "eval_f1_INTJ": 0.0, "eval_support_INTJ": 121.0, "eval_prec_NOUN": 0.7021832431423773, "eval_f1_NOUN": 0.7937144062434086, "eval_support_NOUN": 4123.0, "eval_prec_NUM": 0.5867768595041323, "eval_f1_NUM": 0.6719242902208202, "eval_support_NUM": 542.0, "eval_prec_PART": 0.0, "eval_f1_PART": 0.0, "eval_support_PART": 649.0, "eval_prec_PRON": 0.79026369168357, "eval_f1_PRON": 0.8416504644631669, "eval_support_PRON": 2164.0, "eval_prec_PROPN": 0.8439490445859873, "eval_f1_PROPN": 0.7270233196159122, "eval_support_PROPN": 2075.0, "eval_prec_PUNCT": 0.8816314888762122, "eval_f1_PUNCT": 0.9363829142684035, "eval_support_PUNCT": 3096.0, "eval_prec_SCONJ": 0.5351681957186545, "eval_f1_SCONJ": 0.49226441631504925, "eval_support_SCONJ": 384.0, "eval_prec_SYM": 0.0, "eval_f1_SYM": 0.0, "eval_support_SYM": 113.0, "eval_prec_VERB": 0.7742635658914728, "eval_f1_VERB": 0.8566037735849057, "eval_support_VERB": 2605.0, "eval_prec_X": 0.0, "eval_f1_X": 0.0, "eval_support_X": 42.0, "eval_runtime": 24.5682, "eval_samples_per_second": 84.54, "eval_steps_per_second": 2.646}