{"eval_loss": 1.636799931526184, "eval_token_acc": 0.5371851118030003, "eval_f1_macro": 0.237800203217304, "eval_prec_ADJ": 0.43186733958183127, "eval_f1_ADJ": 0.27705827937095284, "eval_support_ADJ": 2937.0, "eval_prec_ADP": 1.0, "eval_f1_ADP": 0.00044159858688452196, "eval_support_ADP": 4528.0, "eval_prec_ADV": 0.0967741935483871, "eval_f1_ADV": 0.07228915662650602, "eval_support_ADV": 104.0, "eval_prec_AUX": 0.4067796610169492, "eval_f1_AUX": 0.1875, "eval_support_AUX": 197.0, "eval_prec_CCONJ": 0.6761363636363636, "eval_f1_CCONJ": 0.11131898971000935, "eval_support_CCONJ": 1962.0, "eval_prec_DET": 0.0, "eval_f1_DET": 0.0, "eval_support_DET": 623.0, "eval_prec_INTJ": 0.0, "eval_f1_INTJ": 0.0, "eval_support_INTJ": 0.0, "eval_prec_NOUN": 0.6155012056493283, "eval_f1_NOUN": 0.7425816640345774, "eval_support_NOUN": 9547.0, "eval_prec_NUM": 0.8962765957446809, "eval_f1_NUM": 0.5835497835497836, "eval_support_NUM": 779.0, "eval_prec_PART": 0.0, "eval_f1_PART": 0.0, "eval_support_PART": 226.0, "eval_prec_PRON": 0.30211043654235326, "eval_f1_PRON": 0.45513937282229966, "eval_support_PRON": 1133.0, "eval_prec_PROPN": 0.0, "eval_f1_PROPN": 0.0, "eval_support_PROPN": 31.0, "eval_prec_PUNCT": 0.37978900610771793, "eval_f1_PUNCT": 0.5505030181086519, "eval_support_PUNCT": 2052.0, "eval_prec_SCONJ": 0.0, "eval_f1_SCONJ": 0.0, "eval_support_SCONJ": 535.0, "eval_prec_SYM": 0.0, "eval_f1_SYM": 0.0, "eval_support_SYM": 41.0, "eval_prec_VERB": 0.7318455543747786, "eval_f1_VERB": 0.8244213886671987, "eval_support_VERB": 2189.0, "eval_prec_X": 0.0, "eval_f1_X": 0.0, "eval_support_X": 1380.0, "eval_runtime": 22.994, "eval_samples_per_second": 29.573, "eval_steps_per_second": 0.957}