{"eval_loss": 0.5580986142158508, "eval_token_acc": 0.8987720874513327, "eval_f1_macro": 0.767774425695095, "eval_prec_ADJ": 0.8900523560209425, "eval_f1_ADJ": 0.8629441624365483, "eval_support_ADJ": 609.0, "eval_prec_ADP": 0.9688405797101449, "eval_f1_ADP": 0.9352920601608954, "eval_support_ADP": 1479.0, "eval_prec_ADV": 0.8583106267029973, "eval_f1_ADV": 0.7394366197183099, "eval_support_ADV": 485.0, "eval_prec_AUX": 0.8459657701711492, "eval_f1_AUX": 0.9010416666666666, "eval_support_AUX": 359.0, "eval_prec_CCONJ": 0.979757085020243, "eval_f1_CCONJ": 0.969939879759519, "eval_support_CCONJ": 252.0, "eval_prec_DET": 0.9774381368267832, "eval_f1_DET": 0.9414651244304241, "eval_support_DET": 1479.0, "eval_prec_INTJ": 0.6363636363636364, "eval_f1_INTJ": 0.7, "eval_support_INTJ": 9.0, "eval_prec_NOUN": 0.9631972397929844, "eval_f1_NOUN": 0.9282349681352176, "eval_support_NOUN": 1870.0, "eval_prec_NUM": 0.9367088607594937, "eval_f1_NUM": 0.9527896995708155, "eval_support_NUM": 229.0, "eval_prec_PART": 0.0, "eval_f1_PART": 0.0, "eval_support_PART": 0.0, "eval_prec_PRON": 0.7913188647746243, "eval_f1_PRON": 0.8193604148660328, "eval_support_PRON": 558.0, "eval_prec_PROPN": 0.6953937592867756, "eval_f1_PROPN": 0.8068965517241379, "eval_support_PROPN": 487.0, "eval_prec_PUNCT": 0.9883333333333333, "eval_f1_PUNCT": 0.9941324392288349, "eval_support_PUNCT": 1186.0, "eval_prec_SCONJ": 0.5864197530864198, "eval_f1_SCONJ": 0.6551724137931034, "eval_support_SCONJ": 128.0, "eval_prec_SYM": 1.0, "eval_f1_SYM": 0.9166666666666666, "eval_support_SYM": 39.0, "eval_prec_VERB": 0.9445843828715366, "eval_f1_VERB": 0.9287925696594427, "eval_support_VERB": 821.0, "eval_prec_X": 0.0, "eval_f1_X": 0.0, "eval_support_X": 27.0, "eval_runtime": 7.69, "eval_samples_per_second": 54.096, "eval_steps_per_second": 1.691}