{"eval_loss": 1.9669474363327026, "eval_token_acc": 0.4316496084200058, "eval_f1_macro": 0.32102579913472784, "eval_prec_ADJ": 0.6574074074074074, "eval_f1_ADJ": 0.08068181818181819, "eval_support_ADJ": 1652.0, "eval_prec_ADP": 0.5276727397731179, "eval_f1_ADP": 0.6655826558265583, "eval_support_ADP": 3407.0, "eval_prec_ADV": 0.0, "eval_f1_ADV": 0.0, "eval_support_ADV": 384.0, "eval_prec_AUX": 0.1847360912981455, "eval_f1_AUX": 0.27977315689981097, "eval_support_AUX": 899.0, "eval_prec_CCONJ": 0.0, "eval_f1_CCONJ": 0.0, "eval_support_CCONJ": 1026.0, "eval_prec_DET": 0.8715083798882681, "eval_f1_DET": 0.734982332155477, "eval_support_DET": 491.0, "eval_prec_INTJ": 0.0, "eval_f1_INTJ": 0.0, "eval_support_INTJ": 27.0, "eval_prec_NOUN": 0.8367573570238757, "eval_f1_NOUN": 0.3007984031936128, "eval_support_NOUN": 8219.0, "eval_prec_NUM": 0.27793696275071633, "eval_f1_NUM": 0.4343283582089552, "eval_support_NUM": 293.0, "eval_prec_PART": 0.0, "eval_f1_PART": 0.0, "eval_support_PART": 28.0, "eval_prec_PRON": 0.6782670454545454, "eval_f1_PRON": 0.7537490134175217, "eval_support_PRON": 1126.0, "eval_prec_PROPN": 0.6728323699421965, "eval_f1_PROPN": 0.5890688259109311, "eval_support_PROPN": 1111.0, "eval_prec_PUNCT": 0.7644746247319514, "eval_f1_PUNCT": 0.8661672403320511, "eval_support_PUNCT": 2141.0, "eval_prec_SCONJ": 0.03162055335968379, "eval_f1_SCONJ": 0.01807909604519774, "eval_support_SCONJ": 632.0, "eval_prec_SYM": 0.0, "eval_f1_SYM": 0.0, "eval_support_SYM": 0.0, "eval_prec_VERB": 0.48934010152284263, "eval_f1_VERB": 0.41320188598371194, "eval_support_VERB": 2696.0, "eval_prec_X": 0.0, "eval_f1_X": 0.0, "eval_support_X": 1.0, "eval_runtime": 14.8626, "eval_samples_per_second": 97.897, "eval_steps_per_second": 3.095}