{"eval_loss": 1.9422680139541626, "eval_token_acc": 0.5937457787383493, "eval_f1_macro": 0.48371654257612406, "eval_prec_ADJ": 0.6876310272536688, "eval_f1_ADJ": 0.7575057736720554, "eval_support_ADJ": 1167.0, "eval_prec_ADP": 0.9279684862127181, "eval_f1_ADP": 0.6794396374124434, "eval_support_ADP": 3077.0, "eval_prec_ADV": 0.03597122302158273, "eval_f1_ADV": 0.04962779156327544, "eval_support_ADV": 125.0, "eval_prec_AUX": 0.1111111111111111, "eval_f1_AUX": 0.00228310502283105, "eval_support_AUX": 867.0, "eval_prec_CCONJ": 0.7488888888888889, "eval_f1_CCONJ": 0.8553299492385786, "eval_support_CCONJ": 338.0, "eval_prec_DET": 0.45938375350140054, "eval_f1_DET": 0.5521885521885522, "eval_support_DET": 237.0, "eval_prec_INTJ": 0.0, "eval_f1_INTJ": 0.0, "eval_support_INTJ": 0.0, "eval_prec_NOUN": 0.7817233672709213, "eval_f1_NOUN": 0.8158610859142154, "eval_support_NOUN": 3690.0, "eval_prec_NUM": 0.7403508771929824, "eval_f1_NUM": 0.7644927536231884, "eval_support_NUM": 267.0, "eval_prec_PART": 0.9761904761904762, "eval_f1_PART": 0.38954869358669836, "eval_support_PART": 337.0, "eval_prec_PRON": 0.3969465648854962, "eval_f1_PRON": 0.34977578475336324, "eval_support_PRON": 499.0, "eval_prec_PROPN": 1.0, "eval_f1_PROPN": 0.0010121457489878543, "eval_support_PROPN": 1975.0, "eval_prec_PUNCT": 0.9941690962099126, "eval_f1_PUNCT": 0.9970760233918129, "eval_support_PUNCT": 682.0, "eval_prec_SCONJ": 0.9792746113989638, "eval_f1_SCONJ": 0.8571428571428571, "eval_support_SCONJ": 248.0, "eval_prec_SYM": 0.0, "eval_f1_SYM": 0.0, "eval_support_SYM": 0.0, "eval_prec_VERB": 0.5287511230907457, "eval_f1_VERB": 0.6681805279591257, "eval_support_VERB": 1297.0, "eval_prec_X": 0.0, "eval_f1_X": 0.0, "eval_support_X": 0.0, "eval_runtime": 9.6822, "eval_samples_per_second": 55.256, "eval_steps_per_second": 1.756}