{"eval_loss": 1.0008388757705688, "eval_token_acc": 0.7560187295404632, "eval_f1_macro": 0.5258655560762546, "eval_prec_ADJ": 0.8327246165084002, "eval_f1_ADJ": 0.7547169811320755, "eval_support_ADJ": 1652.0, "eval_prec_ADP": 0.9658832448824868, "eval_f1_ADP": 0.843010752688172, "eval_support_ADP": 3407.0, "eval_prec_ADV": 0.34876847290640395, "eval_f1_ADV": 0.5060757684060043, "eval_support_ADV": 384.0, "eval_prec_AUX": 0.6211890243902439, "eval_f1_AUX": 0.7372229760289462, "eval_support_AUX": 899.0, "eval_prec_CCONJ": 0.6961250849762066, "eval_f1_CCONJ": 0.8201842210652783, "eval_support_CCONJ": 1026.0, "eval_prec_DET": 0.7057851239669422, "eval_f1_DET": 0.7791970802919708, "eval_support_DET": 491.0, "eval_prec_INTJ": 0.0, "eval_f1_INTJ": 0.0, "eval_support_INTJ": 27.0, "eval_prec_NOUN": 0.974155069582505, "eval_f1_NOUN": 0.7838859802210587, "eval_support_NOUN": 8219.0, "eval_prec_NUM": 0.7123287671232876, "eval_f1_NUM": 0.7111111111111111, "eval_support_NUM": 293.0, "eval_prec_PART": 0.0, "eval_f1_PART": 0.0, "eval_support_PART": 28.0, "eval_prec_PRON": 0.4610361340879408, "eval_f1_PRON": 0.6187554776511832, "eval_support_PRON": 1126.0, "eval_prec_PROPN": 0.5906921241050119, "eval_f1_PROPN": 0.7104413347685683, "eval_support_PROPN": 1111.0, "eval_prec_PUNCT": 0.9889145496535797, "eval_f1_PUNCT": 0.9944263817928471, "eval_support_PUNCT": 2141.0, "eval_prec_SCONJ": 0.8333333333333334, "eval_f1_SCONJ": 0.01567398119122257, "eval_support_SCONJ": 632.0, "eval_prec_SYM": 0.0, "eval_f1_SYM": 0.0, "eval_support_SYM": 0.0, "eval_prec_VERB": 0.5714285714285714, "eval_f1_VERB": 0.6650124069478908, "eval_support_VERB": 2696.0, "eval_prec_X": 0.0, "eval_f1_X": 0.0, "eval_support_X": 1.0, "eval_runtime": 15.4699, "eval_samples_per_second": 94.054, "eval_steps_per_second": 2.974}