{"eval_loss": 0.07241625338792801, "eval_token_acc": 0.9784113040235363, "eval_f1_macro": 0.9057528381442828, "eval_prec_ADJ": 0.9382192610539067, "eval_f1_ADJ": 0.9379352104147745, "eval_support_ADJ": 1652.0, "eval_prec_ADP": 0.9938344098649442, "eval_f1_ADP": 0.9936885366211654, "eval_support_ADP": 3407.0, "eval_prec_ADV": 0.9375, "eval_f1_ADV": 0.9375, "eval_support_ADV": 384.0, "eval_prec_AUX": 0.9988814317673378, "eval_f1_AUX": 0.9960959286112661, "eval_support_AUX": 899.0, "eval_prec_CCONJ": 0.9980544747081712, "eval_f1_CCONJ": 0.9990262901655307, "eval_support_CCONJ": 1026.0, "eval_prec_DET": 0.9757575757575757, "eval_f1_DET": 0.9797160243407708, "eval_support_DET": 491.0, "eval_prec_INTJ": 0.8571428571428571, "eval_f1_INTJ": 0.8727272727272727, "eval_support_INTJ": 27.0, "eval_prec_NOUN": 0.9812461443553362, "eval_f1_NOUN": 0.9743935309973046, "eval_support_NOUN": 8219.0, "eval_prec_NUM": 0.9665551839464883, "eval_f1_NUM": 0.9763513513513513, "eval_support_NUM": 293.0, "eval_prec_PART": 0.9629629629629629, "eval_f1_PART": 0.9454545454545454, "eval_support_PART": 28.0, "eval_prec_PRON": 0.9911190053285968, "eval_f1_PRON": 0.9911190053285968, "eval_support_PRON": 1126.0, "eval_prec_PROPN": 0.861247947454844, "eval_f1_PROPN": 0.9008158007728639, "eval_support_PROPN": 1111.0, "eval_prec_PUNCT": 1.0, "eval_f1_PUNCT": 1.0, "eval_support_PUNCT": 2141.0, "eval_prec_SCONJ": 0.9920382165605095, "eval_f1_SCONJ": 0.9888888888888889, "eval_support_SCONJ": 632.0, "eval_prec_SYM": 0.0, "eval_f1_SYM": 0.0, "eval_support_SYM": 0.0, "eval_prec_VERB": 0.997040325564188, "eval_f1_VERB": 0.9983330246341915, "eval_support_VERB": 2696.0, "eval_prec_X": 0.0, "eval_f1_X": 0.0, "eval_support_X": 1.0, "eval_runtime": 15.2548, "eval_samples_per_second": 95.38, "eval_steps_per_second": 3.015}