{"eval_loss": 1.4118247032165527, "eval_token_acc": 0.6993160723009282, "eval_f1_macro": 0.49258872897459577, "eval_prec_ADJ": 0.6842650103519669, "eval_f1_ADJ": 0.7925659472422062, "eval_support_ADJ": 702.0, "eval_prec_ADP": 0.9690189328743546, "eval_f1_ADP": 0.9280219780219781, "eval_support_ADP": 1897.0, "eval_prec_ADV": 0.9130434782608695, "eval_f1_ADV": 0.494949494949495, "eval_support_ADV": 433.0, "eval_prec_AUX": 0.9204545454545454, "eval_f1_AUX": 0.6835443037974683, "eval_support_AUX": 149.0, "eval_prec_CCONJ": 0.8498985801217038, "eval_f1_CCONJ": 0.9059459459459459, "eval_support_CCONJ": 432.0, "eval_prec_DET": 0.15167095115681234, "eval_f1_DET": 0.06636670416197975, "eval_support_DET": 1389.0, "eval_prec_INTJ": 0.0, "eval_f1_INTJ": 0.0, "eval_support_INTJ": 0.0, "eval_prec_NOUN": 0.91456, "eval_f1_NOUN": 0.9228285437520181, "eval_support_NOUN": 3069.0, "eval_prec_NUM": 0.940959409594096, "eval_f1_NUM": 0.9139784946236559, "eval_support_NUM": 287.0, "eval_prec_PART": 0.0, "eval_f1_PART": 0.0, "eval_support_PART": 0.0, "eval_prec_PRON": 0.07159716758457907, "eval_f1_PRON": 0.1047783534830167, "eval_support_PRON": 466.0, "eval_prec_PROPN": 0.0, "eval_f1_PROPN": 0.0, "eval_support_PROPN": 579.0, "eval_prec_PUNCT": 0.7677383592017738, "eval_f1_PUNCT": 0.8686108497961743, "eval_support_PUNCT": 1385.0, "eval_prec_SCONJ": 1.0, "eval_f1_SCONJ": 0.35968379446640314, "eval_support_SCONJ": 415.0, "eval_prec_SYM": 0.0, "eval_f1_SYM": 0.0, "eval_support_SYM": 0.0, "eval_prec_VERB": 0.878099173553719, "eval_f1_VERB": 0.8329250367466928, "eval_support_VERB": 1073.0, "eval_prec_X": 0.0036363636363636364, "eval_f1_X": 0.007220216606498195, "eval_support_X": 6.0, "eval_runtime": 9.2908, "eval_samples_per_second": 52.848, "eval_steps_per_second": 1.722}