{"eval_loss": 1.1999242305755615, "eval_token_acc": 0.7196406862082939, "eval_f1_macro": 0.6202650342380588, "eval_prec_ADJ": 0.8297455968688845, "eval_f1_ADJ": 0.5053635280095352, "eval_support_ADJ": 1167.0, "eval_prec_ADP": 0.9696239151398264, "eval_f1_ADP": 0.7808192583964279, "eval_support_ADP": 3077.0, "eval_prec_ADV": 0.05480378890392422, "eval_f1_ADV": 0.10106051154086089, "eval_support_ADV": 125.0, "eval_prec_AUX": 0.8133086876155268, "eval_f1_AUX": 0.625, "eval_support_AUX": 867.0, "eval_prec_CCONJ": 0.84, "eval_f1_CCONJ": 0.9105691056910569, "eval_support_CCONJ": 338.0, "eval_prec_DET": 0.3270440251572327, "eval_f1_DET": 0.26262626262626265, "eval_support_DET": 237.0, "eval_prec_INTJ": 0.0, "eval_f1_INTJ": 0.0, "eval_support_INTJ": 0.0, "eval_prec_NOUN": 0.7928483353884094, "eval_f1_NOUN": 0.8302130406714009, "eval_support_NOUN": 3690.0, "eval_prec_NUM": 0.640117994100295, "eval_f1_NUM": 0.7161716171617162, "eval_support_NUM": 267.0, "eval_prec_PART": 0.0, "eval_f1_PART": 0.0, "eval_support_PART": 337.0, "eval_prec_PRON": 0.6687898089171974, "eval_f1_PRON": 0.6494845360824743, "eval_support_PRON": 499.0, "eval_prec_PROPN": 0.8434782608695652, "eval_f1_PROPN": 0.7864864864864864, "eval_support_PROPN": 1975.0, "eval_prec_PUNCT": 0.9970760233918129, "eval_f1_PUNCT": 0.9985358711566618, "eval_support_PUNCT": 682.0, "eval_prec_SCONJ": 0.7473684210526316, "eval_f1_SCONJ": 0.799249530956848, "eval_support_SCONJ": 248.0, "eval_prec_SYM": 0.0, "eval_f1_SYM": 0.0, "eval_support_SYM": 0.0, "eval_prec_VERB": 0.5825335892514395, "eval_f1_VERB": 0.7181307305530908, "eval_support_VERB": 1297.0, "eval_prec_X": 0.0, "eval_f1_X": 0.0, "eval_support_X": 0.0, "eval_runtime": 9.7472, "eval_samples_per_second": 54.887, "eval_steps_per_second": 1.744}