{"eval_loss": 1.3194630146026611, "eval_token_acc": 0.7111166147749788, "eval_f1_macro": 0.5427963990278095, "eval_prec_ADJ": 0.9021065675340768, "eval_f1_ADJ": 0.8152295632698768, "eval_support_ADJ": 2937.0, "eval_prec_ADP": 0.9861638027226065, "eval_f1_ADP": 0.981018981018981, "eval_support_ADP": 4528.0, "eval_prec_ADV": 0.09836065573770492, "eval_f1_ADV": 0.17536534446764093, "eval_support_ADV": 104.0, "eval_prec_AUX": 0.24481327800829875, "eval_f1_AUX": 0.2694063926940639, "eval_support_AUX": 197.0, "eval_prec_CCONJ": 0.7661325249025552, "eval_f1_CCONJ": 0.8283774291734957, "eval_support_CCONJ": 1962.0, "eval_prec_DET": 0.45209580838323354, "eval_f1_DET": 0.3155694879832811, "eval_support_DET": 623.0, "eval_prec_INTJ": 0.0, "eval_f1_INTJ": 0.0, "eval_support_INTJ": 0.0, "eval_prec_NOUN": 0.9506475323766188, "eval_f1_NOUN": 0.7118799554419762, "eval_support_NOUN": 9547.0, "eval_prec_NUM": 0.9369592088998764, "eval_f1_NUM": 0.9546599496221663, "eval_support_NUM": 779.0, "eval_prec_PART": 0.0, "eval_f1_PART": 0.0, "eval_support_PART": 226.0, "eval_prec_PRON": 0.6025255562236921, "eval_f1_PRON": 0.7167381974248928, "eval_support_PRON": 1133.0, "eval_prec_PROPN": 0.008010335917312662, "eval_f1_PROPN": 0.01589336067674955, "eval_support_PROPN": 31.0, "eval_prec_PUNCT": 0.9647390691114246, "eval_f1_PUNCT": 0.9820531227566404, "eval_support_PUNCT": 2052.0, "eval_prec_SCONJ": 0.5688073394495413, "eval_f1_SCONJ": 0.19254658385093168, "eval_support_SCONJ": 535.0, "eval_prec_SYM": 1.0, "eval_f1_SYM": 0.975, "eval_support_SYM": 41.0, "eval_prec_VERB": 0.6254180602006689, "eval_f1_VERB": 0.751004016064257, "eval_support_VERB": 2189.0, "eval_prec_X": 0.0, "eval_f1_X": 0.0, "eval_support_X": 1380.0, "eval_runtime": 23.537, "eval_samples_per_second": 28.891, "eval_steps_per_second": 0.935}