{"eval_loss": 0.9887536764144897, "eval_token_acc": 0.6979670054990835, "eval_f1_macro": 0.4602370440772232, "eval_prec_ADJ": 0.6303030303030303, "eval_f1_ADJ": 0.5351629502572899, "eval_support_ADJ": 671.0, "eval_prec_ADP": 0.5740396530359355, "eval_f1_ADP": 0.7243940578577013, "eval_support_ADP": 1888.0, "eval_prec_ADV": 0.3712871287128713, "eval_f1_ADV": 0.436046511627907, "eval_support_ADV": 426.0, "eval_prec_AUX": 0.8217054263565892, "eval_f1_AUX": 0.4608695652173913, "eval_support_AUX": 331.0, "eval_prec_CCONJ": 0.9964285714285714, "eval_f1_CCONJ": 0.8242245199409158, "eval_support_CCONJ": 397.0, "eval_prec_DET": 0.8888888888888888, "eval_f1_DET": 0.1623931623931624, "eval_support_DET": 1701.0, "eval_prec_INTJ": 0.0, "eval_f1_INTJ": 0.0, "eval_support_INTJ": 1.0, "eval_prec_NOUN": 0.7460894870862131, "eval_f1_NOUN": 0.8225386003609384, "eval_support_NOUN": 2238.0, "eval_prec_NUM": 0.5347222222222222, "eval_f1_NUM": 0.5945945945945946, "eval_support_NUM": 230.0, "eval_prec_PART": 0.0, "eval_f1_PART": 0.0, "eval_support_PART": 1.0, "eval_prec_PRON": 0.3712784588441331, "eval_f1_PRON": 0.4144672531769306, "eval_support_PRON": 452.0, "eval_prec_PROPN": 0.8742857142857143, "eval_f1_PROPN": 0.8063241106719368, "eval_support_PROPN": 818.0, "eval_prec_PUNCT": 0.93519882179676, "eval_f1_PUNCT": 0.9665144596651446, "eval_support_PUNCT": 1270.0, "eval_prec_SCONJ": 0.39805825242718446, "eval_f1_SCONJ": 0.18636363636363637, "eval_support_SCONJ": 337.0, "eval_prec_SYM": 0.0, "eval_f1_SYM": 0.0, "eval_support_SYM": 25.0, "eval_prec_VERB": 0.8383685800604229, "eval_f1_VERB": 0.8901363271852446, "eval_support_VERB": 1170.0, "eval_prec_X": 0.0, "eval_f1_X": 0.0, "eval_support_X": 46.0, "eval_runtime": 8.9808, "eval_samples_per_second": 47.546, "eval_steps_per_second": 1.559}