{"eval_loss": 0.4419141709804535, "eval_token_acc": 0.9134288528131652, "eval_f1_macro": 0.7297647925173465, "eval_prec_ADJ": 0.7699063231850117, "eval_f1_ADJ": 0.82574568288854, "eval_support_ADJ": 1477.0, "eval_prec_ADP": 0.9782694587119716, "eval_f1_ADP": 0.9799149104580983, "eval_support_ADP": 5045.0, "eval_prec_ADV": 0.9458288190682557, "eval_f1_ADV": 0.9321943406300054, "eval_support_ADV": 950.0, "eval_prec_AUX": 0.7424023154848046, "eval_f1_AUX": 0.7588757396449705, "eval_support_AUX": 661.0, "eval_prec_CCONJ": 0.9869281045751634, "eval_f1_CCONJ": 0.8431044109436069, "eval_support_CCONJ": 1026.0, "eval_prec_DET": 0.9835105228899979, "eval_f1_DET": 0.9743148844707147, "eval_support_DET": 4696.0, "eval_prec_INTJ": 0.0, "eval_f1_INTJ": 0.0, "eval_support_INTJ": 0.0, "eval_prec_NOUN": 0.8593576965669989, "eval_f1_NOUN": 0.912557748845023, "eval_support_NOUN": 5584.0, "eval_prec_NUM": 0.967940813810111, "eval_f1_NUM": 0.9418116376724655, "eval_support_NUM": 856.0, "eval_prec_PART": 0.0, "eval_f1_PART": 0.0, "eval_support_PART": 46.0, "eval_prec_PRON": 0.854066985645933, "eval_f1_PRON": 0.9043698543381887, "eval_support_PRON": 743.0, "eval_prec_PROPN": 0.9770642201834863, "eval_f1_PROPN": 0.7877218934911243, "eval_support_PROPN": 3228.0, "eval_prec_PUNCT": 0.9987509367974019, "eval_f1_PUNCT": 0.9899715240807231, "eval_support_PUNCT": 4074.0, "eval_prec_SCONJ": 0.1497005988023952, "eval_f1_SCONJ": 0.22026431718061673, "eval_support_SCONJ": 120.0, "eval_prec_SYM": 0.46320346320346323, "eval_f1_SYM": 0.6331360946745562, "eval_support_SYM": 107.0, "eval_prec_VERB": 0.9084210526315789, "eval_f1_VERB": 0.9156498673740053, "eval_support_VERB": 2805.0, "eval_prec_X": 0.0392156862745098, "eval_f1_X": 0.05660377358490566, "eval_support_X": 59.0, "eval_runtime": 21.2417, "eval_samples_per_second": 56.493, "eval_steps_per_second": 1.789}