{"eval_loss": 1.0113478899002075, "eval_token_acc": 0.7689301416707377, "eval_f1_macro": 0.6278392935968308, "eval_prec_ADJ": 0.7125925925925926, "eval_f1_ADJ": 0.6986201888162672, "eval_support_ADJ": 702.0, "eval_prec_ADP": 0.9745385105028644, "eval_f1_ADP": 0.8829296424452133, "eval_support_ADP": 1897.0, "eval_prec_ADV": 0.6306306306306306, "eval_f1_ADV": 0.6385404789053591, "eval_support_ADV": 433.0, "eval_prec_AUX": 0.6310679611650486, "eval_f1_AUX": 0.7323943661971831, "eval_support_AUX": 149.0, "eval_prec_CCONJ": 0.9856115107913669, "eval_f1_CCONJ": 0.9681978798586572, "eval_support_CCONJ": 432.0, "eval_prec_DET": 0.7235872235872236, "eval_f1_DET": 0.5347253744893328, "eval_support_DET": 1389.0, "eval_prec_INTJ": 0.0, "eval_f1_INTJ": 0.0, "eval_support_INTJ": 0.0, "eval_prec_NOUN": 0.9176305643182615, "eval_f1_NOUN": 0.8841607565011821, "eval_support_NOUN": 3069.0, "eval_prec_NUM": 0.9711934156378601, "eval_f1_NUM": 0.8905660377358491, "eval_support_NUM": 287.0, "eval_prec_PART": 0.0, "eval_f1_PART": 0.0, "eval_support_PART": 0.0, "eval_prec_PRON": 0.41040462427745666, "eval_f1_PRON": 0.2222222222222222, "eval_support_PRON": 466.0, "eval_prec_PROPN": 0.48375451263537905, "eval_f1_PROPN": 0.6354475400118553, "eval_support_PROPN": 579.0, "eval_prec_PUNCT": 0.574212271973466, "eval_f1_PUNCT": 0.7295233078746379, "eval_support_PUNCT": 1385.0, "eval_prec_SCONJ": 0.9306122448979591, "eval_f1_SCONJ": 0.6909090909090909, "eval_support_SCONJ": 415.0, "eval_prec_SYM": 0.0, "eval_f1_SYM": 0.0, "eval_support_SYM": 0.0, "eval_prec_VERB": 0.9367588932806324, "eval_f1_VERB": 0.9093525179856116, "eval_support_VERB": 1073.0, "eval_prec_X": 0.0, "eval_f1_X": 0.0, "eval_support_X": 6.0, "eval_runtime": 9.316, "eval_samples_per_second": 52.705, "eval_steps_per_second": 1.717}