{"eval_loss": 1.1681970357894897, "eval_token_acc": 0.7523947998631543, "eval_f1_macro": 0.5089391941408633, "eval_prec_ADJ": 0.7241379310344828, "eval_f1_ADJ": 0.6283464566929133, "eval_support_ADJ": 719.0, "eval_prec_ADP": 0.693950177935943, "eval_f1_ADP": 0.7862903225806451, "eval_support_ADP": 645.0, "eval_prec_ADV": 0.4147339699863574, "eval_f1_ADV": 0.4891391794046661, "eval_support_ADV": 1020.0, "eval_prec_AUX": 0.5583596214511041, "eval_f1_AUX": 0.6332737030411449, "eval_support_AUX": 242.0, "eval_prec_CCONJ": 0.4768211920529801, "eval_f1_CCONJ": 0.6457399103139013, "eval_support_CCONJ": 144.0, "eval_prec_DET": 0.41812865497076024, "eval_f1_DET": 0.5685884691848907, "eval_support_DET": 161.0, "eval_prec_INTJ": 0.0, "eval_f1_INTJ": 0.0, "eval_support_INTJ": 17.0, "eval_prec_NOUN": 0.8775364898540405, "eval_f1_NOUN": 0.8444672833162041, "eval_support_NOUN": 3029.0, "eval_prec_NUM": 0.9308176100628931, "eval_f1_NUM": 0.6915887850467289, "eval_support_NUM": 269.0, "eval_prec_PART": 0.0, "eval_f1_PART": 0.0, "eval_support_PART": 89.0, "eval_prec_PRON": 0.5136186770428015, "eval_f1_PRON": 0.5052631578947369, "eval_support_PRON": 531.0, "eval_prec_PROPN": 0.8220858895705522, "eval_f1_PROPN": 0.8844884488448845, "eval_support_PROPN": 560.0, "eval_prec_PUNCT": 0.9976567076742824, "eval_f1_PUNCT": 0.9988269794721407, "eval_support_PUNCT": 1703.0, "eval_prec_SCONJ": 0.30158730158730157, "eval_f1_SCONJ": 0.14960629921259844, "eval_support_SCONJ": 382.0, "eval_prec_SYM": 0.0, "eval_f1_SYM": 0.0, "eval_support_SYM": 7.0, "eval_prec_VERB": 0.929701230228471, "eval_f1_VERB": 0.8263473053892215, "eval_support_VERB": 2134.0, "eval_prec_X": 0.0, "eval_f1_X": 0.0, "eval_support_X": 40.0, "eval_runtime": 6.1606, "eval_samples_per_second": 129.857, "eval_steps_per_second": 4.058}