{"eval_loss": 0.44548460841178894, "eval_token_acc": 0.8835194134310949, "eval_f1_macro": 0.648893183691088, "eval_prec_ADJ": 0.8460176991150442, "eval_f1_ADJ": 0.7734627831715211, "eval_support_ADJ": 671.0, "eval_prec_ADP": 0.9683333333333334, "eval_f1_ADP": 0.9452277657266811, "eval_support_ADP": 1888.0, "eval_prec_ADV": 0.7576687116564417, "eval_f1_ADV": 0.6569148936170213, "eval_support_ADV": 426.0, "eval_prec_AUX": 0.7759036144578313, "eval_f1_AUX": 0.8632707774798928, "eval_support_AUX": 331.0, "eval_prec_CCONJ": 0.9424083769633508, "eval_f1_CCONJ": 0.9242618741976893, "eval_support_CCONJ": 397.0, "eval_prec_DET": 0.9335644136337378, "eval_f1_DET": 0.9417249417249417, "eval_support_DET": 1701.0, "eval_prec_INTJ": 0.0, "eval_f1_INTJ": 0.0, "eval_support_INTJ": 1.0, "eval_prec_NOUN": 0.9228662711090826, "eval_f1_NOUN": 0.9130729284262813, "eval_support_NOUN": 2238.0, "eval_prec_NUM": 0.9552238805970149, "eval_f1_NUM": 0.8909512761020881, "eval_support_NUM": 230.0, "eval_prec_PART": 0.0, "eval_f1_PART": 0.0, "eval_support_PART": 1.0, "eval_prec_PRON": 0.6293279022403259, "eval_f1_PRON": 0.6553552492046659, "eval_support_PRON": 452.0, "eval_prec_PROPN": 0.6680429397192403, "eval_f1_PROPN": 0.7974371611631346, "eval_support_PROPN": 818.0, "eval_prec_PUNCT": 0.997643362136685, "eval_f1_PUNCT": 0.9988202909948879, "eval_support_PUNCT": 1270.0, "eval_prec_SCONJ": 0.7906976744186046, "eval_f1_SCONJ": 0.6159420289855072, "eval_support_SCONJ": 337.0, "eval_prec_SYM": 0.3333333333333333, "eval_f1_SYM": 0.07142857142857142, "eval_support_SYM": 25.0, "eval_prec_VERB": 0.9743589743589743, "eval_f1_VERB": 0.9407603890362511, "eval_support_VERB": 1170.0, "eval_prec_X": 1.0, "eval_f1_X": 0.0425531914893617, "eval_support_X": 46.0, "eval_runtime": 8.8694, "eval_samples_per_second": 48.143, "eval_steps_per_second": 1.578}