{"eval_loss": 0.9685518145561218, "eval_token_acc": 0.7665689627096564, "eval_f1_macro": 0.6479849368122033, "eval_prec_ADJ": 0.7578027465667915, "eval_f1_ADJ": 0.8077178975382568, "eval_support_ADJ": 702.0, "eval_prec_ADP": 0.9742519137091162, "eval_f1_ADP": 0.8398320335932813, "eval_support_ADP": 1897.0, "eval_prec_ADV": 0.83, "eval_f1_ADV": 0.7971188475390156, "eval_support_ADV": 433.0, "eval_prec_AUX": 0.62, "eval_f1_AUX": 0.7106017191977078, "eval_support_AUX": 149.0, "eval_prec_CCONJ": 0.8263473053892215, "eval_f1_CCONJ": 0.887459807073955, "eval_support_CCONJ": 432.0, "eval_prec_DET": 0.7189542483660131, "eval_f1_DET": 0.35714285714285715, "eval_support_DET": 1389.0, "eval_prec_INTJ": 0.0, "eval_f1_INTJ": 0.0, "eval_support_INTJ": 0.0, "eval_prec_NOUN": 0.9425951086956522, "eval_f1_NOUN": 0.9230001663063363, "eval_support_NOUN": 3069.0, "eval_prec_NUM": 0.9182156133828996, "eval_f1_NUM": 0.8884892086330936, "eval_support_NUM": 287.0, "eval_prec_PART": 0.0, "eval_f1_PART": 0.0, "eval_support_PART": 0.0, "eval_prec_PRON": 0.6338797814207651, "eval_f1_PRON": 0.3574730354391371, "eval_support_PRON": 466.0, "eval_prec_PROPN": 0.7330246913580247, "eval_f1_PROPN": 0.7742461287693562, "eval_support_PROPN": 579.0, "eval_prec_PUNCT": 0.5580177276390008, "eval_f1_PUNCT": 0.7163175588311352, "eval_support_PUNCT": 1385.0, "eval_prec_SCONJ": 0.9407665505226481, "eval_f1_SCONJ": 0.7692307692307693, "eval_support_SCONJ": 415.0, "eval_prec_SYM": 0.0, "eval_f1_SYM": 0.0, "eval_support_SYM": 0.0, "eval_prec_VERB": 0.8950381679389313, "eval_f1_VERB": 0.8844884488448845, "eval_support_VERB": 1073.0, "eval_prec_X": 0.0033613445378151263, "eval_f1_X": 0.0066555740432612314, "eval_support_X": 6.0, "eval_runtime": 9.4381, "eval_samples_per_second": 52.023, "eval_steps_per_second": 1.695}