{"eval_loss": 0.35438334941864014, "eval_token_acc": 0.9187635394100984, "eval_f1_macro": 0.6767216985207081, "eval_prec_ADJ": 0.9258698940998488, "eval_f1_ADJ": 0.918918918918919, "eval_support_ADJ": 671.0, "eval_prec_ADP": 0.9840425531914894, "eval_f1_ADP": 0.9819532908704883, "eval_support_ADP": 1888.0, "eval_prec_ADV": 0.9024390243902439, "eval_f1_ADV": 0.928164196123147, "eval_support_ADV": 426.0, "eval_prec_AUX": 0.8606811145510835, "eval_f1_AUX": 0.8501529051987767, "eval_support_AUX": 331.0, "eval_prec_CCONJ": 0.6865942028985508, "eval_f1_CCONJ": 0.7987355110642782, "eval_support_CCONJ": 397.0, "eval_prec_DET": 0.9808612440191388, "eval_f1_DET": 0.9724281055440261, "eval_support_DET": 1701.0, "eval_prec_INTJ": 0.0, "eval_f1_INTJ": 0.0, "eval_support_INTJ": 1.0, "eval_prec_NOUN": 0.9735449735449735, "eval_f1_NOUN": 0.9376882094046792, "eval_support_NOUN": 2238.0, "eval_prec_NUM": 0.8893280632411067, "eval_f1_NUM": 0.9316770186335404, "eval_support_NUM": 230.0, "eval_prec_PART": 0.0, "eval_f1_PART": 0.0, "eval_support_PART": 1.0, "eval_prec_PRON": 0.6782884310618067, "eval_f1_PRON": 0.7903970452446907, "eval_support_PRON": 452.0, "eval_prec_PROPN": 0.8014042126379137, "eval_f1_PROPN": 0.8804407713498622, "eval_support_PROPN": 818.0, "eval_prec_PUNCT": 0.9937402190923318, "eval_f1_PUNCT": 0.9968602825745683, "eval_support_PUNCT": 1270.0, "eval_prec_SCONJ": 0.03333333333333333, "eval_f1_SCONJ": 0.005449591280653951, "eval_support_SCONJ": 337.0, "eval_prec_SYM": 1.0, "eval_f1_SYM": 0.5714285714285714, "eval_support_SYM": 25.0, "eval_prec_VERB": 0.9363867684478372, "eval_f1_VERB": 0.9399744572158365, "eval_support_VERB": 1170.0, "eval_prec_X": 0.0, "eval_f1_X": 0.0, "eval_support_X": 46.0, "eval_runtime": 8.9947, "eval_samples_per_second": 47.472, "eval_steps_per_second": 1.556}