{"eval_loss": 1.2583870887756348, "eval_token_acc": 0.7272991287512101, "eval_f1_macro": 0.44776020712261044, "eval_prec_ADJ": 0.45098039215686275, "eval_f1_ADJ": 0.5466893039049237, "eval_support_ADJ": 696.0, "eval_prec_ADP": 0.8939393939393939, "eval_f1_ADP": 0.5412844036697247, "eval_support_ADP": 152.0, "eval_prec_ADV": 0.22595596755504055, "eval_f1_ADV": 0.3424056189640035, "eval_support_ADV": 276.0, "eval_prec_AUX": 0.69375, "eval_f1_AUX": 0.5362318840579711, "eval_support_AUX": 254.0, "eval_prec_CCONJ": 0.6296296296296297, "eval_f1_CCONJ": 0.5964912280701754, "eval_support_CCONJ": 120.0, "eval_prec_DET": 0.140625, "eval_f1_DET": 0.21643286573146292, "eval_support_DET": 115.0, "eval_prec_INTJ": 0.0, "eval_f1_INTJ": 0.0, "eval_support_INTJ": 30.0, "eval_prec_NOUN": 0.877815960290187, "eval_f1_NOUN": 0.7701842546063652, "eval_support_NOUN": 3351.0, "eval_prec_NUM": 0.8404255319148937, "eval_f1_NUM": 0.4438202247191011, "eval_support_NUM": 262.0, "eval_prec_PART": 0.0, "eval_f1_PART": 0.0, "eval_support_PART": 44.0, "eval_prec_PRON": 0.9419953596287703, "eval_f1_PRON": 0.7060869565217391, "eval_support_PRON": 719.0, "eval_prec_PROPN": 0.0622568093385214, "eval_f1_PROPN": 0.1170018281535649, "eval_support_PROPN": 33.0, "eval_prec_PUNCT": 0.9970731707317073, "eval_f1_PUNCT": 0.9985344406448461, "eval_support_PUNCT": 2044.0, "eval_prec_SCONJ": 1.0, "eval_f1_SCONJ": 0.5454545454545454, "eval_support_SCONJ": 16.0, "eval_prec_SYM": 0.0, "eval_f1_SYM": 0.0, "eval_support_SYM": 0.0, "eval_prec_VERB": 0.8547400611620795, "eval_f1_VERB": 0.8035457594633445, "eval_support_VERB": 2212.0, "eval_prec_X": 0.0, "eval_f1_X": 0.0, "eval_support_X": 6.0, "eval_runtime": 10.6748, "eval_samples_per_second": 84.311, "eval_steps_per_second": 2.717}