{"eval_loss": 2.065363883972168, "eval_token_acc": 0.37809835020323584, "eval_f1_macro": 0.2531166821344507, "eval_prec_ADJ": 0.40375586854460094, "eval_f1_ADJ": 0.08595702148925537, "eval_support_ADJ": 1788.0, "eval_prec_ADP": 0.4119511090991399, "eval_f1_ADP": 0.42985356636750116, "eval_support_ADP": 2025.0, "eval_prec_ADV": 0.25, "eval_f1_ADV": 0.004987531172069825, "eval_support_ADV": 1191.0, "eval_prec_AUX": 0.29541284403669726, "eval_f1_AUX": 0.4363882771472133, "eval_support_AUX": 1543.0, "eval_prec_CCONJ": 0.0, "eval_f1_CCONJ": 0.0, "eval_support_CCONJ": 736.0, "eval_prec_DET": 0.790929203539823, "eval_f1_DET": 0.5105319528739736, "eval_support_DET": 1897.0, "eval_prec_INTJ": 0.0, "eval_f1_INTJ": 0.0, "eval_support_INTJ": 121.0, "eval_prec_NOUN": 0.43645699614890887, "eval_f1_NOUN": 0.138718890248878, "eval_support_NOUN": 4123.0, "eval_prec_NUM": 0.23901987979657882, "eval_f1_NUM": 0.3822550831792976, "eval_support_NUM": 542.0, "eval_prec_PART": 0.054563492063492064, "eval_f1_PART": 0.0663850331925166, "eval_support_PART": 649.0, "eval_prec_PRON": 0.8799621928166351, "eval_f1_PRON": 0.8700934579439252, "eval_support_PRON": 2164.0, "eval_prec_PROPN": 0.3943452380952381, "eval_f1_PROPN": 0.19293775027302512, "eval_support_PROPN": 2075.0, "eval_prec_PUNCT": 0.8645215918712955, "eval_f1_PUNCT": 0.9227293267058292, "eval_support_PUNCT": 3096.0, "eval_prec_SCONJ": 0.04430379746835443, "eval_f1_SCONJ": 0.04895104895104895, "eval_support_SCONJ": 384.0, "eval_prec_SYM": 0.0, "eval_f1_SYM": 0.0, "eval_support_SYM": 113.0, "eval_prec_VERB": 0.4933530280649926, "eval_f1_VERB": 0.20353443022547227, "eval_support_VERB": 2605.0, "eval_prec_X": 0.004864139550486414, "eval_f1_X": 0.009660226515656229, "eval_support_X": 42.0, "eval_runtime": 23.6455, "eval_samples_per_second": 87.839, "eval_steps_per_second": 2.749}