{"eval_loss": 1.1543049812316895, "eval_token_acc": 0.7116034040253951, "eval_f1_macro": 0.5113847415509905, "eval_prec_ADJ": 0.7485380116959064, "eval_f1_ADJ": 0.7004103967168263, "eval_support_ADJ": 1167.0, "eval_prec_ADP": 0.977302204928664, "eval_f1_ADP": 0.6525221909504222, "eval_support_ADP": 3077.0, "eval_prec_ADV": 0.106703146374829, "eval_f1_ADV": 0.1822429906542056, "eval_support_ADV": 125.0, "eval_prec_AUX": 0.624561403508772, "eval_f1_AUX": 0.7095166915794718, "eval_support_AUX": 867.0, "eval_prec_CCONJ": 0.5259026687598116, "eval_f1_CCONJ": 0.6871794871794872, "eval_support_CCONJ": 338.0, "eval_prec_DET": 0.3476027397260274, "eval_f1_DET": 0.4945188794153471, "eval_support_DET": 237.0, "eval_prec_INTJ": 0.0, "eval_f1_INTJ": 0.0, "eval_support_INTJ": 0.0, "eval_prec_NOUN": 0.906613492854769, "eval_f1_NOUN": 0.8144499178981938, "eval_support_NOUN": 3690.0, "eval_prec_NUM": 0.7536231884057971, "eval_f1_NUM": 0.7661141804788214, "eval_support_NUM": 267.0, "eval_prec_PART": 0.0, "eval_f1_PART": 0.0, "eval_support_PART": 337.0, "eval_prec_PRON": 0.5246913580246914, "eval_f1_PRON": 0.5928509154315605, "eval_support_PRON": 499.0, "eval_prec_PROPN": 0.7136019146390108, "eval_f1_PROPN": 0.7983043284248104, "eval_support_PROPN": 1975.0, "eval_prec_PUNCT": 0.9884057971014493, "eval_f1_PUNCT": 0.9941690962099126, "eval_support_PUNCT": 682.0, "eval_prec_SCONJ": 0.0, "eval_f1_SCONJ": 0.0, "eval_support_SCONJ": 248.0, "eval_prec_SYM": 0.0, "eval_f1_SYM": 0.0, "eval_support_SYM": 0.0, "eval_prec_VERB": 0.6951934349355217, "eval_f1_VERB": 0.7898767898767899, "eval_support_VERB": 1297.0, "eval_prec_X": 0.0, "eval_f1_X": 0.0, "eval_support_X": 0.0, "eval_runtime": 9.9171, "eval_samples_per_second": 53.947, "eval_steps_per_second": 1.714}