{"eval_loss": 2.033189535140991, "eval_token_acc": 0.387701669968865, "eval_f1_macro": 0.2639657654674671, "eval_prec_ADJ": 0.5588235294117647, "eval_f1_ADJ": 0.08377952755905511, "eval_support_ADJ": 2937.0, "eval_prec_ADP": 0.5297755382501145, "eval_f1_ADP": 0.5201259275916348, "eval_support_ADP": 4528.0, "eval_prec_ADV": 0.0, "eval_f1_ADV": 0.0, "eval_support_ADV": 104.0, "eval_prec_AUX": 0.09896193771626298, "eval_f1_AUX": 0.17417783191230207, "eval_support_AUX": 197.0, "eval_prec_CCONJ": 0.0, "eval_f1_CCONJ": 0.0, "eval_support_CCONJ": 1962.0, "eval_prec_DET": 0.48253968253968255, "eval_f1_DET": 0.32409381663113007, "eval_support_DET": 623.0, "eval_prec_INTJ": 0.0, "eval_f1_INTJ": 0.0, "eval_support_INTJ": 0.0, "eval_prec_NOUN": 0.7896540978497975, "eval_f1_NOUN": 0.3973032298526184, "eval_support_NOUN": 9547.0, "eval_prec_NUM": 0.4111731843575419, "eval_f1_NUM": 0.5729855975087583, "eval_support_NUM": 779.0, "eval_prec_PART": 0.0, "eval_f1_PART": 0.0, "eval_support_PART": 226.0, "eval_prec_PRON": 0.5959044368600682, "eval_f1_PRON": 0.6720554272517321, "eval_support_PRON": 1133.0, "eval_prec_PROPN": 0.01670297748729121, "eval_f1_PROPN": 0.032670454545454544, "eval_support_PROPN": 31.0, "eval_prec_PUNCT": 0.5384615384615384, "eval_f1_PUNCT": 0.6998805664562361, "eval_support_PUNCT": 2052.0, "eval_prec_SCONJ": 0.03560830860534125, "eval_f1_SCONJ": 0.027522935779816515, "eval_support_SCONJ": 535.0, "eval_prec_SYM": 0.0, "eval_f1_SYM": 0.0, "eval_support_SYM": 41.0, "eval_prec_VERB": 0.5112676056338028, "eval_f1_VERB": 0.5774507854444223, "eval_support_VERB": 2189.0, "eval_prec_X": 0.08643767134333172, "eval_f1_X": 0.14140614694631315, "eval_support_X": 1380.0, "eval_runtime": 23.5135, "eval_samples_per_second": 28.92, "eval_steps_per_second": 0.936}