{"eval_loss": 1.309853434562683, "eval_token_acc": 0.7950750070761392, "eval_f1_macro": 0.5199976274483452, "eval_prec_ADJ": 0.8931572629051621, "eval_f1_ADJ": 0.8211920529801324, "eval_support_ADJ": 2937.0, "eval_prec_ADP": 0.9755721830985915, "eval_f1_ADP": 0.9772927689594356, "eval_support_ADP": 4528.0, "eval_prec_ADV": 0.09069767441860466, "eval_f1_ADV": 0.14606741573033707, "eval_support_ADV": 104.0, "eval_prec_AUX": 0.5414364640883977, "eval_f1_AUX": 0.5185185185185185, "eval_support_AUX": 197.0, "eval_prec_CCONJ": 0.9963942307692307, "eval_f1_CCONJ": 0.9145063430777717, "eval_support_CCONJ": 1962.0, "eval_prec_DET": 0.5602836879432624, "eval_f1_DET": 0.34917127071823206, "eval_support_DET": 623.0, "eval_prec_INTJ": 0.0, "eval_f1_INTJ": 0.0, "eval_support_INTJ": 0.0, "eval_prec_NOUN": 0.8643428063943162, "eval_f1_NOUN": 0.8392347076259769, "eval_support_NOUN": 9547.0, "eval_prec_NUM": 0.9609929078014184, "eval_f1_NUM": 0.8071481757259866, "eval_support_NUM": 779.0, "eval_prec_PART": 0.0, "eval_f1_PART": 0.0, "eval_support_PART": 226.0, "eval_prec_PRON": 0.9429864253393665, "eval_f1_PRON": 0.9311885612153709, "eval_support_PRON": 1133.0, "eval_prec_PROPN": 0.010760152724748352, "eval_f1_PROPN": 0.021291208791208792, "eval_support_PROPN": 31.0, "eval_prec_PUNCT": 0.9832295160517489, "eval_f1_PUNCT": 0.9915438511717807, "eval_support_PUNCT": 2052.0, "eval_prec_SCONJ": 0.48642533936651583, "eval_f1_SCONJ": 0.6060606060606061, "eval_support_SCONJ": 535.0, "eval_prec_SYM": 0.0, "eval_f1_SYM": 0.0, "eval_support_SYM": 41.0, "eval_prec_VERB": 0.9336807200378967, "eval_f1_VERB": 0.9167441860465116, "eval_support_VERB": 2189.0, "eval_prec_X": 0.0, "eval_f1_X": 0.0, "eval_support_X": 1380.0, "eval_runtime": 23.4668, "eval_samples_per_second": 28.977, "eval_steps_per_second": 0.937}