{"eval_loss": 1.4558390378952026, "eval_token_acc": 0.6219572601188791, "eval_f1_macro": 0.33337009250786115, "eval_prec_ADJ": 0.8160095579450418, "eval_f1_ADJ": 0.36195018547959723, "eval_support_ADJ": 2937.0, "eval_prec_ADP": 0.916518198014762, "eval_f1_ADP": 0.8516022230105238, "eval_support_ADP": 4528.0, "eval_prec_ADV": 0.010395010395010396, "eval_f1_ADV": 0.01876172607879925, "eval_support_ADV": 104.0, "eval_prec_AUX": 0.0, "eval_f1_AUX": 0.0, "eval_support_AUX": 197.0, "eval_prec_CCONJ": 0.8461538461538461, "eval_f1_CCONJ": 0.011139240506329114, "eval_support_CCONJ": 1962.0, "eval_prec_DET": 0.009615384615384616, "eval_f1_DET": 0.002751031636863824, "eval_support_DET": 623.0, "eval_prec_INTJ": 0.0, "eval_f1_INTJ": 0.0, "eval_support_INTJ": 0.0, "eval_prec_NOUN": 0.7420284096553095, "eval_f1_NOUN": 0.7617008259406546, "eval_support_NOUN": 9547.0, "eval_prec_NUM": 0.8463901689708141, "eval_f1_NUM": 0.7706293706293706, "eval_support_NUM": 779.0, "eval_prec_PART": 0.0, "eval_f1_PART": 0.0, "eval_support_PART": 226.0, "eval_prec_PRON": 0.5948460987831067, "eval_f1_PRON": 0.6569169960474308, "eval_support_PRON": 1133.0, "eval_prec_PROPN": 0.021261516654854713, "eval_f1_PROPN": 0.04160887656033287, "eval_support_PROPN": 31.0, "eval_prec_PUNCT": 0.4174974567650051, "eval_f1_PUNCT": 0.5890627242715659, "eval_support_PUNCT": 2052.0, "eval_prec_SCONJ": 0.6703601108033241, "eval_f1_SCONJ": 0.5401785714285714, "eval_support_SCONJ": 535.0, "eval_prec_SYM": 0.0, "eval_f1_SYM": 0.0, "eval_support_SYM": 41.0, "eval_prec_VERB": 0.5865734265734266, "eval_f1_VERB": 0.7276197085357391, "eval_support_VERB": 2189.0, "eval_prec_X": 0.0, "eval_f1_X": 0.0, "eval_support_X": 1380.0, "eval_runtime": 23.499, "eval_samples_per_second": 28.937, "eval_steps_per_second": 0.936}