{"eval_loss": 1.850412130355835, "eval_token_acc": 0.519622211366227, "eval_f1_macro": 0.3452866726512241, "eval_prec_ADJ": 0.6362179487179487, "eval_f1_ADJ": 0.5987933634992458, "eval_support_ADJ": 702.0, "eval_prec_ADP": 0.990990990990991, "eval_f1_ADP": 0.10956175298804781, "eval_support_ADP": 1897.0, "eval_prec_ADV": 0.6296296296296297, "eval_f1_ADV": 0.13963039014373715, "eval_support_ADV": 433.0, "eval_prec_AUX": 0.773972602739726, "eval_f1_AUX": 0.7661016949152543, "eval_support_AUX": 149.0, "eval_prec_CCONJ": 0.22140221402214022, "eval_f1_CCONJ": 0.17069701280227595, "eval_support_CCONJ": 432.0, "eval_prec_DET": 1.0, "eval_f1_DET": 0.002875629043853343, "eval_support_DET": 1389.0, "eval_prec_INTJ": 0.0, "eval_f1_INTJ": 0.0, "eval_support_INTJ": 0.0, "eval_prec_NOUN": 0.6574318381706244, "eval_f1_NOUN": 0.7850859918603125, "eval_support_NOUN": 3069.0, "eval_prec_NUM": 0.7035573122529645, "eval_f1_NUM": 0.6592592592592592, "eval_support_NUM": 287.0, "eval_prec_PART": 0.0, "eval_f1_PART": 0.0, "eval_support_PART": 0.0, "eval_prec_PRON": 0.12422360248447205, "eval_f1_PRON": 0.18798955613577023, "eval_support_PRON": 466.0, "eval_prec_PROPN": 0.0, "eval_f1_PROPN": 0.0, "eval_support_PROPN": 579.0, "eval_prec_PUNCT": 0.36756900212314225, "eval_f1_PUNCT": 0.5375509411993014, "eval_support_PUNCT": 1385.0, "eval_prec_SCONJ": 0.0, "eval_f1_SCONJ": 0.0, "eval_support_SCONJ": 415.0, "eval_prec_SYM": 0.0, "eval_f1_SYM": 0.0, "eval_support_SYM": 0.0, "eval_prec_VERB": 0.8835227272727273, "eval_f1_VERB": 0.8764678252700798, "eval_support_VERB": 1073.0, "eval_prec_X": 0.0, "eval_f1_X": 0.0, "eval_support_X": 6.0, "eval_runtime": 9.2464, "eval_samples_per_second": 53.102, "eval_steps_per_second": 1.73}