{"eval_loss": 0.9402750134468079, "eval_token_acc": 0.7636979670861568, "eval_f1_macro": 0.4575641302592085, "eval_prec_ADJ": 0.5871559633027523, "eval_f1_ADJ": 0.5688888888888889, "eval_support_ADJ": 696.0, "eval_prec_ADP": 1.0, "eval_f1_ADP": 0.7280334728033473, "eval_support_ADP": 152.0, "eval_prec_ADV": 0.2607052896725441, "eval_f1_ADV": 0.38691588785046727, "eval_support_ADV": 276.0, "eval_prec_AUX": 0.8390804597701149, "eval_f1_AUX": 0.4281524926686217, "eval_support_AUX": 254.0, "eval_prec_CCONJ": 0.711340206185567, "eval_f1_CCONJ": 0.6359447004608295, "eval_support_CCONJ": 120.0, "eval_prec_DET": 0.2066115702479339, "eval_f1_DET": 0.3138075313807531, "eval_support_DET": 115.0, "eval_prec_INTJ": 0.0, "eval_f1_INTJ": 0.0, "eval_support_INTJ": 30.0, "eval_prec_NOUN": 0.8743997044698929, "eval_f1_NOUN": 0.7814460217893694, "eval_support_NOUN": 3351.0, "eval_prec_NUM": 0.7454545454545455, "eval_f1_NUM": 0.5761124121779859, "eval_support_NUM": 262.0, "eval_prec_PART": 0.0, "eval_f1_PART": 0.0, "eval_support_PART": 44.0, "eval_prec_PRON": 0.8421985815602837, "eval_f1_PRON": 0.7404520654715511, "eval_support_PRON": 719.0, "eval_prec_PROPN": 0.078125, "eval_f1_PROPN": 0.14388489208633093, "eval_support_PROPN": 33.0, "eval_prec_PUNCT": 0.9941634241245136, "eval_f1_PUNCT": 0.9970731707317073, "eval_support_PUNCT": 2044.0, "eval_prec_SCONJ": 0.0, "eval_f1_SCONJ": 0.0, "eval_support_SCONJ": 16.0, "eval_prec_SYM": 0.0, "eval_f1_SYM": 0.0, "eval_support_SYM": 0.0, "eval_prec_VERB": 0.8258664412510567, "eval_f1_VERB": 0.8536478811708169, "eval_support_VERB": 2212.0, "eval_prec_X": 0.16666666666666666, "eval_f1_X": 0.16666666666666666, "eval_support_X": 6.0, "eval_runtime": 10.5341, "eval_samples_per_second": 85.437, "eval_steps_per_second": 2.753}