{"eval_loss": 0.6019524335861206, "eval_token_acc": 0.8308382326201588, "eval_f1_macro": 0.5950581639849114, "eval_prec_ADJ": 0.958997722095672, "eval_f1_ADJ": 0.7917254348848143, "eval_support_ADJ": 1249.0, "eval_prec_ADP": 0.8219552157291098, "eval_f1_ADP": 0.8765288293535236, "eval_support_ADP": 1603.0, "eval_prec_ADV": 0.6715076071922544, "eval_f1_ADV": 0.7755591054313099, "eval_support_ADV": 1058.0, "eval_prec_AUX": 0.9376026272577996, "eval_f1_AUX": 0.8784615384615385, "eval_support_AUX": 691.0, "eval_prec_CCONJ": 0.7213930348258707, "eval_f1_CCONJ": 0.8184383819379115, "eval_support_CCONJ": 460.0, "eval_prec_DET": 0.9798941798941799, "eval_f1_DET": 0.8916706788637457, "eval_support_DET": 2264.0, "eval_prec_INTJ": 0.0, "eval_f1_INTJ": 0.0, "eval_support_INTJ": 4.0, "eval_prec_NOUN": 0.9774774774774775, "eval_f1_NOUN": 0.7645331767469172, "eval_support_NOUN": 3111.0, "eval_prec_NUM": 0.761437908496732, "eval_f1_NUM": 0.8645640074211502, "eval_support_NUM": 233.0, "eval_prec_PART": 0.0, "eval_f1_PART": 0.0, "eval_support_PART": 210.0, "eval_prec_PRON": 0.879746835443038, "eval_f1_PRON": 0.9297658862876255, "eval_support_PRON": 705.0, "eval_prec_PROPN": 0.45818014705882354, "eval_f1_PROPN": 0.6235146966854284, "eval_support_PROPN": 1022.0, "eval_prec_PUNCT": 0.9941176470588236, "eval_f1_PUNCT": 0.9970501474926253, "eval_support_PUNCT": 2366.0, "eval_prec_SCONJ": 0.0, "eval_f1_SCONJ": 0.0, "eval_support_SCONJ": 168.0, "eval_prec_SYM": 0.0, "eval_f1_SYM": 0.0, "eval_support_SYM": 4.0, "eval_prec_VERB": 0.8456992777413, "eval_f1_VERB": 0.9041769041769042, "eval_support_VERB": 1326.0, "eval_prec_X": 0.0, "eval_f1_X": 0.0, "eval_support_X": 25.0, "eval_runtime": 12.0626, "eval_samples_per_second": 80.994, "eval_steps_per_second": 2.57}