{"eval_loss": 1.418679118156433, "eval_token_acc": 0.724278233795641, "eval_f1_macro": 0.5497572704199133, "eval_prec_ADJ": 0.9043195541105434, "eval_f1_ADJ": 0.7650294695481336, "eval_support_ADJ": 2937.0, "eval_prec_ADP": 0.9739259995033523, "eval_f1_ADP": 0.9168907071887785, "eval_support_ADP": 4528.0, "eval_prec_ADV": 0.10569105691056911, "eval_f1_ADV": 0.174496644295302, "eval_support_ADV": 104.0, "eval_prec_AUX": 0.3492822966507177, "eval_f1_AUX": 0.47479674796747967, "eval_support_AUX": 197.0, "eval_prec_CCONJ": 0.9840047393364929, "eval_f1_CCONJ": 0.9101369863013699, "eval_support_CCONJ": 1962.0, "eval_prec_DET": 0.21164772727272727, "eval_f1_DET": 0.22456669178598343, "eval_support_DET": 623.0, "eval_prec_INTJ": 0.0, "eval_f1_INTJ": 0.0, "eval_support_INTJ": 0.0, "eval_prec_NOUN": 0.9261725107264388, "eval_f1_NOUN": 0.7678155280264933, "eval_support_NOUN": 9547.0, "eval_prec_NUM": 0.9416983523447402, "eval_f1_NUM": 0.9477040816326531, "eval_support_NUM": 779.0, "eval_prec_PART": 0.23890784982935154, "eval_f1_PART": 0.3448275862068966, "eval_support_PART": 226.0, "eval_prec_PRON": 0.6387936943111721, "eval_f1_PRON": 0.7191358024691358, "eval_support_PRON": 1133.0, "eval_prec_PROPN": 0.009860050890585241, "eval_f1_PROPN": 0.01952755905511811, "eval_support_PROPN": 31.0, "eval_prec_PUNCT": 0.9892787524366472, "eval_f1_PUNCT": 0.9892787524366472, "eval_support_PUNCT": 2052.0, "eval_prec_SCONJ": 0.4487562189054726, "eval_f1_SCONJ": 0.5857142857142857, "eval_support_SCONJ": 535.0, "eval_prec_SYM": 0.6, "eval_f1_SYM": 0.7358490566037735, "eval_support_SYM": 41.0, "eval_prec_VERB": 0.6735112936344969, "eval_f1_VERB": 0.7701036979064763, "eval_support_VERB": 2189.0, "eval_prec_X": 0.0, "eval_f1_X": 0.0, "eval_support_X": 1380.0, "eval_runtime": 23.831, "eval_samples_per_second": 28.534, "eval_steps_per_second": 0.923}