{"eval_loss": 0.7901866436004639, "eval_token_acc": 0.797662951145734, "eval_f1_macro": 0.6352457068334957, "eval_prec_ADJ": 0.837473385379702, "eval_f1_ADJ": 0.7709898725906567, "eval_support_ADJ": 1652.0, "eval_prec_ADP": 0.9557126907331597, "eval_f1_ADP": 0.8427961929766984, "eval_support_ADP": 3407.0, "eval_prec_ADV": 0.3895671476137625, "eval_f1_ADV": 0.5463035019455252, "eval_support_ADV": 384.0, "eval_prec_AUX": 0.5691672401927047, "eval_f1_AUX": 0.7032312925170068, "eval_support_AUX": 899.0, "eval_prec_CCONJ": 0.9579045837231057, "eval_f1_CCONJ": 0.9775656324582339, "eval_support_CCONJ": 1026.0, "eval_prec_DET": 0.7236614853195165, "eval_f1_DET": 0.7831775700934579, "eval_support_DET": 491.0, "eval_prec_INTJ": 0.0, "eval_f1_INTJ": 0.0, "eval_support_INTJ": 27.0, "eval_prec_NOUN": 0.961340206185567, "eval_f1_NOUN": 0.8273376308310806, "eval_support_NOUN": 8219.0, "eval_prec_NUM": 0.6854304635761589, "eval_f1_NUM": 0.6957983193277311, "eval_support_NUM": 293.0, "eval_prec_PART": 0.0, "eval_f1_PART": 0.0, "eval_support_PART": 28.0, "eval_prec_PRON": 0.5265553869499241, "eval_f1_PRON": 0.6709635836287464, "eval_support_PRON": 1126.0, "eval_prec_PROPN": 0.6815193571950329, "eval_f1_PROPN": 0.7524193548387097, "eval_support_PROPN": 1111.0, "eval_prec_PUNCT": 0.9935034802784223, "eval_f1_PUNCT": 0.9967411545623837, "eval_support_PUNCT": 2141.0, "eval_prec_SCONJ": 0.9239130434782609, "eval_f1_SCONJ": 0.932601880877743, "eval_support_SCONJ": 632.0, "eval_prec_SYM": 0.0, "eval_f1_SYM": 0.0, "eval_support_SYM": 0.0, "eval_prec_VERB": 0.6019300361881785, "eval_f1_VERB": 0.6640053226879574, "eval_support_VERB": 2696.0, "eval_prec_X": 0.0, "eval_f1_X": 0.0, "eval_support_X": 1.0, "eval_runtime": 15.1889, "eval_samples_per_second": 95.794, "eval_steps_per_second": 3.029}