{"eval_loss": 1.6768040657043457, "eval_token_acc": 0.5292441966179768, "eval_f1_macro": 0.31399670630990284, "eval_prec_ADJ": 0.6860103626943005, "eval_f1_ADJ": 0.5980126467931346, "eval_support_ADJ": 1249.0, "eval_prec_ADP": 0.8571428571428571, "eval_f1_ADP": 0.014842300556586271, "eval_support_ADP": 1603.0, "eval_prec_ADV": 0.6265060240963856, "eval_f1_ADV": 0.09114811568799298, "eval_support_ADV": 1058.0, "eval_prec_AUX": 0.8705583756345178, "eval_f1_AUX": 0.632258064516129, "eval_support_AUX": 691.0, "eval_prec_CCONJ": 0.8512658227848101, "eval_f1_CCONJ": 0.6932989690721649, "eval_support_CCONJ": 460.0, "eval_prec_DET": 0.0, "eval_f1_DET": 0.0, "eval_support_DET": 2264.0, "eval_prec_INTJ": 0.0, "eval_f1_INTJ": 0.0, "eval_support_INTJ": 4.0, "eval_prec_NOUN": 0.5348150720611218, "eval_f1_NOUN": 0.6944757609921083, "eval_support_NOUN": 3111.0, "eval_prec_NUM": 0.6683417085427136, "eval_f1_NUM": 0.6157407407407407, "eval_support_NUM": 233.0, "eval_prec_PART": 0.0, "eval_f1_PART": 0.0, "eval_support_PART": 210.0, "eval_prec_PRON": 0.13575357535753577, "eval_f1_PRON": 0.23504761904761906, "eval_support_PRON": 705.0, "eval_prec_PROPN": 0.0, "eval_f1_PROPN": 0.0, "eval_support_PROPN": 1022.0, "eval_prec_PUNCT": 0.9199066874027994, "eval_f1_PUNCT": 0.9582827055488052, "eval_support_PUNCT": 2366.0, "eval_prec_SCONJ": 0.0, "eval_f1_SCONJ": 0.0, "eval_support_SCONJ": 168.0, "eval_prec_SYM": 0.0, "eval_f1_SYM": 0.0, "eval_support_SYM": 4.0, "eval_prec_VERB": 0.7256208358570563, "eval_f1_VERB": 0.8048370843130669, "eval_support_VERB": 1326.0, "eval_prec_X": 0.0, "eval_f1_X": 0.0, "eval_support_X": 25.0, "eval_runtime": 11.7937, "eval_samples_per_second": 82.841, "eval_steps_per_second": 2.629}