{"eval_loss": 1.0108259916305542, "eval_token_acc": 0.7114400991199924, "eval_f1_macro": 0.49996195129760623, "eval_prec_ADJ": 0.4301994301994302, "eval_f1_ADJ": 0.5057214624616243, "eval_support_ADJ": 1477.0, "eval_prec_ADP": 0.7116073309458606, "eval_f1_ADP": 0.6899509803921569, "eval_support_ADP": 5045.0, "eval_prec_ADV": 0.457286432160804, "eval_f1_ADV": 0.35294117647058826, "eval_support_ADV": 950.0, "eval_prec_AUX": 0.7532467532467533, "eval_f1_AUX": 0.2846625766871166, "eval_support_AUX": 661.0, "eval_prec_CCONJ": 0.9814814814814815, "eval_f1_CCONJ": 0.8327721661054994, "eval_support_CCONJ": 1026.0, "eval_prec_DET": 0.9133591481122942, "eval_f1_DET": 0.5581188997338066, "eval_support_DET": 4696.0, "eval_prec_INTJ": 0.0, "eval_f1_INTJ": 0.0, "eval_support_INTJ": 0.0, "eval_prec_NOUN": 0.7899925317401045, "eval_f1_NOUN": 0.8614708038113853, "eval_support_NOUN": 5584.0, "eval_prec_NUM": 0.6607538802660754, "eval_f1_NUM": 0.6780432309442548, "eval_support_NUM": 856.0, "eval_prec_PART": 0.002094972067039106, "eval_f1_PART": 0.0040595399188092015, "eval_support_PART": 46.0, "eval_prec_PRON": 0.39587362991618313, "eval_f1_PRON": 0.5353095030514385, "eval_support_PRON": 743.0, "eval_prec_PROPN": 0.7021987197328138, "eval_f1_PROPN": 0.7397742266529834, "eval_support_PROPN": 3228.0, "eval_prec_PUNCT": 0.9955675941886235, "eval_f1_PUNCT": 0.9939766441303012, "eval_support_PUNCT": 4074.0, "eval_prec_SCONJ": 0.15112540192926044, "eval_f1_SCONJ": 0.21809744779582366, "eval_support_SCONJ": 120.0, "eval_prec_SYM": 0.0, "eval_f1_SYM": 0.0, "eval_support_SYM": 107.0, "eval_prec_VERB": 0.7889066241021548, "eval_f1_VERB": 0.7444925626059122, "eval_support_VERB": 2805.0, "eval_prec_X": 0.0, "eval_f1_X": 0.0, "eval_support_X": 59.0, "eval_runtime": 20.7819, "eval_samples_per_second": 57.743, "eval_steps_per_second": 1.829}