{"eval_loss": 1.005582332611084, "eval_token_acc": 0.7488332626219771, "eval_f1_macro": 0.5525487168350175, "eval_prec_ADJ": 0.7778581765557163, "eval_f1_ADJ": 0.8171797795515013, "eval_support_ADJ": 1249.0, "eval_prec_ADP": 0.8035069623517277, "eval_f1_ADP": 0.8797289666854884, "eval_support_ADP": 1603.0, "eval_prec_ADV": 0.9161764705882353, "eval_f1_ADV": 0.716915995397008, "eval_support_ADV": 1058.0, "eval_prec_AUX": 0.9217391304347826, "eval_f1_AUX": 0.2630272952853598, "eval_support_AUX": 691.0, "eval_prec_CCONJ": 0.7615780445969125, "eval_f1_CCONJ": 0.8513902205177373, "eval_support_CCONJ": 460.0, "eval_prec_DET": 0.8707753479125249, "eval_f1_DET": 0.6965279618340843, "eval_support_DET": 2264.0, "eval_prec_INTJ": 0.0, "eval_f1_INTJ": 0.0, "eval_support_INTJ": 4.0, "eval_prec_NOUN": 0.7568947906026557, "eval_f1_NOUN": 0.843603244627864, "eval_support_NOUN": 3111.0, "eval_prec_NUM": 0.7082066869300911, "eval_f1_NUM": 0.8291814946619217, "eval_support_NUM": 233.0, "eval_prec_PART": 0.6359223300970874, "eval_f1_PART": 0.6298076923076923, "eval_support_PART": 210.0, "eval_prec_PRON": 0.9010989010989011, "eval_f1_PRON": 0.6136576239476146, "eval_support_PRON": 705.0, "eval_prec_PROPN": 0.0, "eval_f1_PROPN": 0.0, "eval_support_PROPN": 1022.0, "eval_prec_PUNCT": 0.9962105263157894, "eval_f1_PUNCT": 0.9981016663151234, "eval_support_PUNCT": 2366.0, "eval_prec_SCONJ": 0.953125, "eval_f1_SCONJ": 0.5258620689655172, "eval_support_SCONJ": 168.0, "eval_prec_SYM": 0.0, "eval_f1_SYM": 0.0, "eval_support_SYM": 4.0, "eval_prec_VERB": 0.6079787234042553, "eval_f1_VERB": 0.7130380536494073, "eval_support_VERB": 1326.0, "eval_prec_X": 0.007819287576020852, "eval_f1_X": 0.015306122448979591, "eval_support_X": 25.0, "eval_runtime": 9.573, "eval_samples_per_second": 102.058, "eval_steps_per_second": 3.238}