{"eval_loss": 1.0078589916229248, "eval_token_acc": 0.7573447147060042, "eval_f1_macro": 0.5860932845527098, "eval_prec_ADJ": 0.8535606820461384, "eval_f1_ADJ": 0.6425066062665157, "eval_support_ADJ": 1652.0, "eval_prec_ADP": 0.9261119081779053, "eval_f1_ADP": 0.8335754640839387, "eval_support_ADP": 3407.0, "eval_prec_ADV": 0.32720232333010646, "eval_f1_ADV": 0.47706422018348627, "eval_support_ADV": 384.0, "eval_prec_AUX": 0.5096269554753309, "eval_f1_AUX": 0.6614603670441234, "eval_support_AUX": 899.0, "eval_prec_CCONJ": 0.9551820728291317, "eval_f1_CCONJ": 0.9756795422031473, "eval_support_CCONJ": 1026.0, "eval_prec_DET": 0.5453277545327755, "eval_f1_DET": 0.6473509933774835, "eval_support_DET": 491.0, "eval_prec_INTJ": 0.0, "eval_f1_INTJ": 0.0, "eval_support_INTJ": 27.0, "eval_prec_NOUN": 0.9299661126351461, "eval_f1_NOUN": 0.7995283018867925, "eval_support_NOUN": 8219.0, "eval_prec_NUM": 0.7310924369747899, "eval_f1_NUM": 0.655367231638418, "eval_support_NUM": 293.0, "eval_prec_PART": 0.0, "eval_f1_PART": 0.0, "eval_support_PART": 28.0, "eval_prec_PRON": 0.5013609145345672, "eval_f1_PRON": 0.6216672291596355, "eval_support_PRON": 1126.0, "eval_prec_PROPN": 0.5635641316685585, "eval_f1_PROPN": 0.6912634876435781, "eval_support_PROPN": 1111.0, "eval_prec_PUNCT": 0.9995331465919701, "eval_f1_PUNCT": 0.999766518795237, "eval_support_PUNCT": 2141.0, "eval_prec_SCONJ": 0.8489795918367347, "eval_f1_SCONJ": 0.7415329768270945, "eval_support_SCONJ": 632.0, "eval_prec_SYM": 0.0, "eval_f1_SYM": 0.0, "eval_support_SYM": 0.0, "eval_prec_VERB": 0.5870885266858421, "eval_f1_VERB": 0.6307296137339056, "eval_support_VERB": 2696.0, "eval_prec_X": 0.0, "eval_f1_X": 0.0, "eval_support_X": 1.0, "eval_runtime": 14.5925, "eval_samples_per_second": 99.709, "eval_steps_per_second": 3.152}