{"eval_loss": 0.9581625461578369, "eval_token_acc": 0.8207260118879139, "eval_f1_macro": 0.5349407996647211, "eval_prec_ADJ": 0.9372384937238494, "eval_f1_ADJ": 0.8409986859395532, "eval_support_ADJ": 2937.0, "eval_prec_ADP": 0.9657401422107305, "eval_f1_ADP": 0.9776420547497001, "eval_support_ADP": 4528.0, "eval_prec_ADV": 0.0751269035532995, "eval_f1_ADV": 0.13590449954086317, "eval_support_ADV": 104.0, "eval_prec_AUX": 0.43558282208588955, "eval_f1_AUX": 0.39444444444444443, "eval_support_AUX": 197.0, "eval_prec_CCONJ": 0.9520174482006543, "eval_f1_CCONJ": 0.9199157007376185, "eval_support_CCONJ": 1962.0, "eval_prec_DET": 0.0, "eval_f1_DET": 0.0, "eval_support_DET": 623.0, "eval_prec_INTJ": 0.0, "eval_f1_INTJ": 0.0, "eval_support_INTJ": 0.0, "eval_prec_NOUN": 0.9382346162710302, "eval_f1_NOUN": 0.8934979423868312, "eval_support_NOUN": 9547.0, "eval_prec_NUM": 0.8827586206896552, "eval_f1_NUM": 0.9314736203759855, "eval_support_NUM": 779.0, "eval_prec_PART": 0.0, "eval_f1_PART": 0.0, "eval_support_PART": 226.0, "eval_prec_PRON": 0.8100961538461539, "eval_f1_PRON": 0.8492230155396892, "eval_support_PRON": 1133.0, "eval_prec_PROPN": 0.015954415954415956, "eval_f1_PROPN": 0.03135498320268757, "eval_support_PROPN": 31.0, "eval_prec_PUNCT": 0.9970845481049563, "eval_f1_PUNCT": 0.9985401459854014, "eval_support_PUNCT": 2052.0, "eval_prec_SCONJ": 0.553347280334728, "eval_f1_SCONJ": 0.7095908786049631, "eval_support_SCONJ": 535.0, "eval_prec_SYM": 0.0, "eval_f1_SYM": 0.0, "eval_support_SYM": 41.0, "eval_prec_VERB": 0.822257806244996, "eval_f1_VERB": 0.8764668231278003, "eval_support_VERB": 2189.0, "eval_prec_X": 0.0, "eval_f1_X": 0.0, "eval_support_X": 1380.0, "eval_runtime": 23.3979, "eval_samples_per_second": 29.062, "eval_steps_per_second": 0.94}