{"eval_loss": 1.1451191902160645, "eval_token_acc": 0.7964194735352391, "eval_f1_macro": 0.5529685577816323, "eval_prec_ADJ": 0.9068534645967437, "eval_f1_ADJ": 0.8587307278594478, "eval_support_ADJ": 2937.0, "eval_prec_ADP": 0.9898717083051992, "eval_f1_ADP": 0.9804926986957976, "eval_support_ADP": 4528.0, "eval_prec_ADV": 0.07671957671957672, "eval_f1_ADV": 0.13488372093023257, "eval_support_ADV": 104.0, "eval_prec_AUX": 0.19285714285714287, "eval_f1_AUX": 0.16023738872403562, "eval_support_AUX": 197.0, "eval_prec_CCONJ": 0.9728637413394919, "eval_f1_CCONJ": 0.9122902003248511, "eval_support_CCONJ": 1962.0, "eval_prec_DET": 0.32688172043010755, "eval_f1_DET": 0.27941176470588236, "eval_support_DET": 623.0, "eval_prec_INTJ": 0.0, "eval_f1_INTJ": 0.0, "eval_support_INTJ": 0.0, "eval_prec_NOUN": 0.9358942379645797, "eval_f1_NOUN": 0.8544264161685169, "eval_support_NOUN": 9547.0, "eval_prec_NUM": 0.9423631123919308, "eval_f1_NUM": 0.8879837067209776, "eval_support_NUM": 779.0, "eval_prec_PART": 0.0, "eval_f1_PART": 0.0, "eval_support_PART": 226.0, "eval_prec_PRON": 0.5759036144578313, "eval_f1_PRON": 0.6845685642678124, "eval_support_PRON": 1133.0, "eval_prec_PROPN": 0.01486784140969163, "eval_f1_PROPN": 0.029236599891716297, "eval_support_PROPN": 31.0, "eval_prec_PUNCT": 0.9872361315660285, "eval_f1_PUNCT": 0.983614575690878, "eval_support_PUNCT": 2052.0, "eval_prec_SCONJ": 0.8273615635179153, "eval_f1_SCONJ": 0.8842471714534378, "eval_support_SCONJ": 535.0, "eval_prec_SYM": 0.22941176470588234, "eval_f1_SYM": 0.3696682464454976, "eval_support_SYM": 41.0, "eval_prec_VERB": 0.7076400679117147, "eval_f1_VERB": 0.8118426178418388, "eval_support_VERB": 2189.0, "eval_prec_X": 0.09022556390977443, "eval_f1_X": 0.015862524785194978, "eval_support_X": 1380.0, "eval_runtime": 23.8118, "eval_samples_per_second": 28.557, "eval_steps_per_second": 0.924}