{"eval_loss": 0.764460563659668, "eval_token_acc": 0.8252570335538376, "eval_f1_macro": 0.626929805530975, "eval_prec_ADJ": 0.9105180533751962, "eval_f1_ADJ": 0.7576747224036577, "eval_support_ADJ": 1788.0, "eval_prec_ADP": 0.7582768248903071, "eval_f1_ADP": 0.8389232127096204, "eval_support_ADP": 2025.0, "eval_prec_ADV": 0.46591422121896164, "eval_f1_ADV": 0.6059894304169113, "eval_support_ADV": 1191.0, "eval_prec_AUX": 0.9383783783783783, "eval_f1_AUX": 0.7034035656401945, "eval_support_AUX": 1543.0, "eval_prec_CCONJ": 0.9251269035532995, "eval_f1_CCONJ": 0.9566929133858267, "eval_support_CCONJ": 736.0, "eval_prec_DET": 0.9212328767123288, "eval_f1_DET": 0.8846259249109345, "eval_support_DET": 1897.0, "eval_prec_INTJ": 0.0, "eval_f1_INTJ": 0.0, "eval_support_INTJ": 121.0, "eval_prec_NOUN": 0.816931671680275, "eval_f1_NOUN": 0.8663552466674262, "eval_support_NOUN": 4123.0, "eval_prec_NUM": 0.8529411764705882, "eval_f1_NUM": 0.9046793760831889, "eval_support_NUM": 542.0, "eval_prec_PART": 0.0, "eval_f1_PART": 0.0, "eval_support_PART": 649.0, "eval_prec_PRON": 0.9076690211907165, "eval_f1_PRON": 0.8678244090689822, "eval_support_PRON": 2164.0, "eval_prec_PROPN": 0.8733955659276547, "eval_f1_PROPN": 0.7901821060965954, "eval_support_PROPN": 2075.0, "eval_prec_PUNCT": 0.9140324963072378, "eval_f1_PUNCT": 0.9547909273260299, "eval_support_PUNCT": 3096.0, "eval_prec_SCONJ": 0.6191646191646192, "eval_f1_SCONJ": 0.6371681415929203, "eval_support_SCONJ": 384.0, "eval_prec_SYM": 0.0, "eval_f1_SYM": 0.0, "eval_support_SYM": 113.0, "eval_prec_VERB": 0.8471691559569295, "eval_f1_VERB": 0.8894967177242888, "eval_support_VERB": 2605.0, "eval_prec_X": 0.0, "eval_f1_X": 0.0, "eval_support_X": 42.0, "eval_runtime": 23.7838, "eval_samples_per_second": 87.328, "eval_steps_per_second": 2.733}