{"eval_loss": 0.9625827670097351, "eval_token_acc": 0.7736914129319192, "eval_f1_macro": 0.5110955136729148, "eval_prec_ADJ": 0.5568561872909699, "eval_f1_ADJ": 0.5056947608200456, "eval_support_ADJ": 719.0, "eval_prec_ADP": 0.7718120805369127, "eval_f1_ADP": 0.8273381294964028, "eval_support_ADP": 645.0, "eval_prec_ADV": 0.5405204460966543, "eval_f1_ADV": 0.6147991543340381, "eval_support_ADV": 1020.0, "eval_prec_AUX": 0.5395095367847411, "eval_f1_AUX": 0.6502463054187192, "eval_support_AUX": 242.0, "eval_prec_CCONJ": 0.3044397463002114, "eval_f1_CCONJ": 0.46677471636953, "eval_support_CCONJ": 144.0, "eval_prec_DET": 0.42424242424242425, "eval_f1_DET": 0.5877862595419847, "eval_support_DET": 161.0, "eval_prec_INTJ": 0.0, "eval_f1_INTJ": 0.0, "eval_support_INTJ": 17.0, "eval_prec_NOUN": 0.9198094481937277, "eval_f1_NOUN": 0.8352559480894016, "eval_support_NOUN": 3029.0, "eval_prec_NUM": 0.9329896907216495, "eval_f1_NUM": 0.7818574514038877, "eval_support_NUM": 269.0, "eval_prec_PART": 0.0, "eval_f1_PART": 0.0, "eval_support_PART": 89.0, "eval_prec_PRON": 0.5501355013550135, "eval_f1_PRON": 0.6398739164696612, "eval_support_PRON": 531.0, "eval_prec_PROPN": 0.9076923076923077, "eval_f1_PROPN": 0.9275109170305676, "eval_support_PROPN": 560.0, "eval_prec_PUNCT": 0.9947429906542056, "eval_f1_PUNCT": 0.9973645680819913, "eval_support_PUNCT": 1703.0, "eval_prec_SCONJ": 0.0, "eval_f1_SCONJ": 0.0, "eval_support_SCONJ": 382.0, "eval_prec_SYM": 0.0, "eval_f1_SYM": 0.0, "eval_support_SYM": 7.0, "eval_prec_VERB": 0.876665022200296, "eval_f1_VERB": 0.8541216053833213, "eval_support_VERB": 2134.0, "eval_prec_X": 0.0, "eval_f1_X": 0.0, "eval_support_X": 40.0, "eval_runtime": 6.0487, "eval_samples_per_second": 132.259, "eval_steps_per_second": 4.133}