{"eval_loss": 1.33111572265625, "eval_token_acc": 0.6291385240127626, "eval_f1_macro": 0.3619295203173295, "eval_prec_ADJ": 0.5372636262513905, "eval_f1_ADJ": 0.3786750294002352, "eval_support_ADJ": 1652.0, "eval_prec_ADP": 0.8829787234042553, "eval_f1_ADP": 0.21408305390766055, "eval_support_ADP": 3407.0, "eval_prec_ADV": 0.3, "eval_f1_ADV": 0.16030534351145037, "eval_support_ADV": 384.0, "eval_prec_AUX": 0.6749672346002621, "eval_f1_AUX": 0.6197352587244284, "eval_support_AUX": 899.0, "eval_prec_CCONJ": 0.8185096153846154, "eval_f1_CCONJ": 0.7330462863293864, "eval_support_CCONJ": 1026.0, "eval_prec_DET": 0.0, "eval_f1_DET": 0.0, "eval_support_DET": 491.0, "eval_prec_INTJ": 0.0, "eval_f1_INTJ": 0.0, "eval_support_INTJ": 27.0, "eval_prec_NOUN": 0.6787373210730875, "eval_f1_NOUN": 0.763000852514919, "eval_support_NOUN": 8219.0, "eval_prec_NUM": 0.7857142857142857, "eval_f1_NUM": 0.8553654743390358, "eval_support_NUM": 293.0, "eval_prec_PART": 0.0, "eval_f1_PART": 0.0, "eval_support_PART": 28.0, "eval_prec_PRON": 0.3340729001584786, "eval_f1_PRON": 0.49240831581406214, "eval_support_PRON": 1126.0, "eval_prec_PROPN": 0.0, "eval_f1_PROPN": 0.0, "eval_support_PROPN": 1111.0, "eval_prec_PUNCT": 0.7796795338674436, "eval_f1_PUNCT": 0.8762021690198486, "eval_support_PUNCT": 2141.0, "eval_prec_SCONJ": 0.0, "eval_f1_SCONJ": 0.0, "eval_support_SCONJ": 632.0, "eval_prec_SYM": 0.0, "eval_f1_SYM": 0.0, "eval_support_SYM": 0.0, "eval_prec_VERB": 0.5715299125088673, "eval_f1_VERB": 0.6980505415162455, "eval_support_VERB": 2696.0, "eval_prec_X": 0.0, "eval_f1_X": 0.0, "eval_support_X": 1.0, "eval_runtime": 14.8585, "eval_samples_per_second": 97.924, "eval_steps_per_second": 3.096}