{"eval_loss": 0.1256144642829895, "eval_token_acc": 0.9682281347296915, "eval_f1_macro": 0.9235051491615944, "eval_prec_ADJ": 0.9473684210526315, "eval_f1_ADJ": 0.9547297297297297, "eval_support_ADJ": 2937.0, "eval_prec_ADP": 0.9938271604938271, "eval_f1_ADP": 0.9947043248014121, "eval_support_ADP": 4528.0, "eval_prec_ADV": 0.941747572815534, "eval_f1_ADV": 0.9371980676328503, "eval_support_ADV": 104.0, "eval_prec_AUX": 0.9076923076923077, "eval_f1_AUX": 0.9030612244897959, "eval_support_AUX": 197.0, "eval_prec_CCONJ": 0.9944048830111902, "eval_f1_CCONJ": 0.995417515274949, "eval_support_CCONJ": 1962.0, "eval_prec_DET": 0.9419847328244275, "eval_f1_DET": 0.9655712050078247, "eval_support_DET": 623.0, "eval_prec_INTJ": 0.0, "eval_f1_INTJ": 0.0, "eval_support_INTJ": 0.0, "eval_prec_NOUN": 0.9631003916718203, "eval_f1_NOUN": 0.970855628863837, "eval_support_NOUN": 9547.0, "eval_prec_NUM": 0.9760705289672544, "eval_f1_NUM": 0.9853782581055308, "eval_support_NUM": 779.0, "eval_prec_PART": 0.9295154185022027, "eval_f1_PART": 0.9315673289183223, "eval_support_PART": 226.0, "eval_prec_PRON": 0.9912357581069238, "eval_f1_PRON": 0.9947229551451188, "eval_support_PRON": 1133.0, "eval_prec_PROPN": 0.9, "eval_f1_PROPN": 0.43902439024390244, "eval_support_PROPN": 31.0, "eval_prec_PUNCT": 0.9985401459854014, "eval_f1_PUNCT": 0.9992695398100804, "eval_support_PUNCT": 2052.0, "eval_prec_SCONJ": 0.9887429643527205, "eval_f1_SCONJ": 0.9868913857677902, "eval_support_SCONJ": 535.0, "eval_prec_SYM": 1.0, "eval_f1_SYM": 0.975, "eval_support_SYM": 41.0, "eval_prec_VERB": 0.969531605275125, "eval_f1_VERB": 0.9717411121239745, "eval_support_VERB": 2189.0, "eval_prec_X": 0.8579040852575488, "eval_f1_X": 0.770949720670391, "eval_support_X": 1380.0, "eval_runtime": 19.3064, "eval_samples_per_second": 35.221, "eval_steps_per_second": 1.14}