{"eval_loss": 1.1303893327713013, "eval_token_acc": 0.6844569676376746, "eval_f1_macro": 0.47098892572669904, "eval_prec_ADJ": 0.6853685368536854, "eval_f1_ADJ": 0.4865286997266693, "eval_support_ADJ": 1652.0, "eval_prec_ADP": 0.95125, "eval_f1_ADP": 0.9214469502043288, "eval_support_ADP": 3407.0, "eval_prec_ADV": 0.137340939008337, "eval_f1_ADV": 0.2350732256853173, "eval_support_ADV": 384.0, "eval_prec_AUX": 0.7777777777777778, "eval_f1_AUX": 0.030534351145038167, "eval_support_AUX": 899.0, "eval_prec_CCONJ": 1.0, "eval_f1_CCONJ": 0.9211356466876972, "eval_support_CCONJ": 1026.0, "eval_prec_DET": 0.4642857142857143, "eval_f1_DET": 0.05009633911368015, "eval_support_DET": 491.0, "eval_prec_INTJ": 0.0, "eval_f1_INTJ": 0.0, "eval_support_INTJ": 27.0, "eval_prec_NOUN": 0.81543523781035, "eval_f1_NOUN": 0.7315665883931567, "eval_support_NOUN": 8219.0, "eval_prec_NUM": 0.7213541666666666, "eval_f1_NUM": 0.8183161004431314, "eval_support_NUM": 293.0, "eval_prec_PART": 0.0, "eval_f1_PART": 0.0, "eval_support_PART": 28.0, "eval_prec_PRON": 0.5568760611205433, "eval_f1_PRON": 0.6802627030763913, "eval_support_PRON": 1126.0, "eval_prec_PROPN": 0.7557471264367817, "eval_f1_PROPN": 0.582180409518539, "eval_support_PROPN": 1111.0, "eval_prec_PUNCT": 0.8724531377343113, "eval_f1_PUNCT": 0.9318824809575625, "eval_support_PUNCT": 2141.0, "eval_prec_SCONJ": 0.7482352941176471, "eval_f1_SCONJ": 0.6017029328287606, "eval_support_SCONJ": 632.0, "eval_prec_SYM": 0.0, "eval_f1_SYM": 0.0, "eval_support_SYM": 0.0, "eval_prec_VERB": 0.43912944910451146, "eval_f1_VERB": 0.5450963838469115, "eval_support_VERB": 2696.0, "eval_prec_X": 0.0, "eval_f1_X": 0.0, "eval_support_X": 1.0, "eval_runtime": 15.1236, "eval_samples_per_second": 96.207, "eval_steps_per_second": 3.042}