{"eval_loss": 0.6899898648262024, "eval_token_acc": 0.8203527486514334, "eval_f1_macro": 0.6138862625181811, "eval_prec_ADJ": 0.8436944937833037, "eval_f1_ADJ": 0.8, "eval_support_ADJ": 1249.0, "eval_prec_ADP": 0.7872559095580678, "eval_f1_ADP": 0.8633417864187095, "eval_support_ADP": 1603.0, "eval_prec_ADV": 0.7404505386875612, "eval_f1_ADV": 0.7272727272727273, "eval_support_ADV": 1058.0, "eval_prec_AUX": 0.9045226130653267, "eval_f1_AUX": 0.6611570247933884, "eval_support_AUX": 691.0, "eval_prec_CCONJ": 0.9635535307517085, "eval_f1_CCONJ": 0.9410456062291435, "eval_support_CCONJ": 460.0, "eval_prec_DET": 0.9623803009575923, "eval_f1_DET": 0.7552334943639292, "eval_support_DET": 2264.0, "eval_prec_INTJ": 0.18181818181818182, "eval_f1_INTJ": 0.3076923076923077, "eval_support_INTJ": 4.0, "eval_prec_NOUN": 0.8304580606781677, "eval_f1_NOUN": 0.8626602811679284, "eval_support_NOUN": 3111.0, "eval_prec_NUM": 0.354978354978355, "eval_f1_NUM": 0.4719424460431655, "eval_support_NUM": 233.0, "eval_prec_PART": 0.0, "eval_f1_PART": 0.0, "eval_support_PART": 210.0, "eval_prec_PRON": 0.7329032258064516, "eval_f1_PRON": 0.7675675675675676, "eval_support_PRON": 705.0, "eval_prec_PROPN": 0.688839615668884, "eval_f1_PROPN": 0.7848421052631579, "eval_support_PROPN": 1022.0, "eval_prec_PUNCT": 0.9957912457912458, "eval_f1_PUNCT": 0.9978911851539435, "eval_support_PUNCT": 2366.0, "eval_prec_SCONJ": 0.5692307692307692, "eval_f1_SCONJ": 0.6915887850467289, "eval_support_SCONJ": 168.0, "eval_prec_SYM": 0.0, "eval_f1_SYM": 0.0, "eval_support_SYM": 4.0, "eval_prec_VERB": 0.7588747488278633, "eval_f1_VERB": 0.8038311457963817, "eval_support_VERB": 1326.0, "eval_prec_X": 0.0, "eval_f1_X": 0.0, "eval_support_X": 25.0, "eval_runtime": 11.8098, "eval_samples_per_second": 82.728, "eval_steps_per_second": 2.625}