{"eval_loss": 0.5950253009796143, "eval_token_acc": 0.8257986988770563, "eval_f1_macro": 0.633745810486539, "eval_prec_ADJ": 0.6786616161616161, "eval_f1_ADJ": 0.6644004944375772, "eval_support_ADJ": 1652.0, "eval_prec_ADP": 0.9630098008220044, "eval_f1_ADP": 0.9272450532724505, "eval_support_ADP": 3407.0, "eval_prec_ADV": 0.26963906581740976, "eval_f1_ADV": 0.2970760233918129, "eval_support_ADV": 384.0, "eval_prec_AUX": 0.849912739965096, "eval_f1_AUX": 0.6616847826086957, "eval_support_AUX": 899.0, "eval_prec_CCONJ": 0.9862745098039216, "eval_f1_CCONJ": 0.9833822091886608, "eval_support_CCONJ": 1026.0, "eval_prec_DET": 0.8169934640522876, "eval_f1_DET": 0.7894736842105263, "eval_support_DET": 491.0, "eval_prec_INTJ": 0.0, "eval_f1_INTJ": 0.0, "eval_support_INTJ": 27.0, "eval_prec_NOUN": 0.9295714891811625, "eval_f1_NOUN": 0.8597776324395029, "eval_support_NOUN": 8219.0, "eval_prec_NUM": 0.8567164179104477, "eval_f1_NUM": 0.9140127388535032, "eval_support_NUM": 293.0, "eval_prec_PART": 0.005449591280653951, "eval_f1_PART": 0.010498687664041995, "eval_support_PART": 28.0, "eval_prec_PRON": 0.6329684481648422, "eval_f1_PRON": 0.7338559163867114, "eval_support_PRON": 1126.0, "eval_prec_PROPN": 0.6280771789753826, "eval_f1_PROPN": 0.722264728385616, "eval_support_PROPN": 1111.0, "eval_prec_PUNCT": 0.9953509995351, "eval_f1_PUNCT": 0.9976700838769804, "eval_support_PUNCT": 2141.0, "eval_prec_SCONJ": 0.8681818181818182, "eval_f1_SCONJ": 0.7126865671641791, "eval_support_SCONJ": 632.0, "eval_prec_SYM": 0.0, "eval_f1_SYM": 0.0, "eval_support_SYM": 0.0, "eval_prec_VERB": 0.8124187256176854, "eval_f1_VERB": 0.8659043659043659, "eval_support_VERB": 2696.0, "eval_prec_X": 0.0, "eval_f1_X": 0.0, "eval_support_X": 1.0, "eval_runtime": 15.5284, "eval_samples_per_second": 93.7, "eval_steps_per_second": 2.962}