{"eval_loss": 1.000473141670227, "eval_token_acc": 0.7449591734710882, "eval_f1_macro": 0.5001179515742605, "eval_prec_ADJ": 0.6346704871060171, "eval_f1_ADJ": 0.6471877282688093, "eval_support_ADJ": 671.0, "eval_prec_ADP": 0.8475952529668956, "eval_f1_ADP": 0.7778733161364287, "eval_support_ADP": 1888.0, "eval_prec_ADV": 0.4791666666666667, "eval_f1_ADV": 0.2977346278317152, "eval_support_ADV": 426.0, "eval_prec_AUX": 0.6190476190476191, "eval_f1_AUX": 0.19796954314720813, "eval_support_AUX": 331.0, "eval_prec_CCONJ": 0.946524064171123, "eval_f1_CCONJ": 0.9182879377431906, "eval_support_CCONJ": 397.0, "eval_prec_DET": 0.9260204081632653, "eval_f1_DET": 0.7570385818561001, "eval_support_DET": 1701.0, "eval_prec_INTJ": 0.0, "eval_f1_INTJ": 0.0, "eval_support_INTJ": 1.0, "eval_prec_NOUN": 0.8390068081698038, "eval_f1_NOUN": 0.8848996832101372, "eval_support_NOUN": 2238.0, "eval_prec_NUM": 0.5775862068965517, "eval_f1_NUM": 0.5800865800865801, "eval_support_NUM": 230.0, "eval_prec_PART": 0.0025, "eval_f1_PART": 0.004987531172069825, "eval_support_PART": 1.0, "eval_prec_PRON": 0.30991735537190085, "eval_f1_PRON": 0.4225352112676056, "eval_support_PRON": 452.0, "eval_prec_PROPN": 0.6719858156028369, "eval_f1_PROPN": 0.7790339157245632, "eval_support_PROPN": 818.0, "eval_prec_PUNCT": 0.9945184025058731, "eval_f1_PUNCT": 0.9972516686297606, "eval_support_PUNCT": 1270.0, "eval_prec_SCONJ": 0.8092105263157895, "eval_f1_SCONJ": 0.5030674846625767, "eval_support_SCONJ": 337.0, "eval_prec_SYM": 0.0, "eval_f1_SYM": 0.0, "eval_support_SYM": 25.0, "eval_prec_VERB": 0.7122186495176849, "eval_f1_VERB": 0.7340513670256835, "eval_support_VERB": 1170.0, "eval_prec_X": 0.0, "eval_f1_X": 0.0, "eval_support_X": 46.0, "eval_runtime": 8.8343, "eval_samples_per_second": 48.335, "eval_steps_per_second": 1.585}