{"eval_loss": 1.0495191812515259, "eval_token_acc": 0.682101945572459, "eval_f1_macro": 0.46756369760755806, "eval_prec_ADJ": 0.7724137931034483, "eval_f1_ADJ": 0.5673758865248227, "eval_support_ADJ": 1249.0, "eval_prec_ADP": 0.45818399044205493, "eval_f1_ADP": 0.6196727933750757, "eval_support_ADP": 1603.0, "eval_prec_ADV": 0.42324983943481054, "eval_f1_ADV": 0.5040152963671128, "eval_support_ADV": 1058.0, "eval_prec_AUX": 0.8865979381443299, "eval_f1_AUX": 0.2182741116751269, "eval_support_AUX": 691.0, "eval_prec_CCONJ": 1.0, "eval_f1_CCONJ": 0.8995215311004785, "eval_support_CCONJ": 460.0, "eval_prec_DET": 0.8571428571428571, "eval_f1_DET": 0.03631647211413749, "eval_support_DET": 2264.0, "eval_prec_INTJ": 0.0, "eval_f1_INTJ": 0.0, "eval_support_INTJ": 4.0, "eval_prec_NOUN": 0.7551387461459403, "eval_f1_NOUN": 0.8393545623304298, "eval_support_NOUN": 3111.0, "eval_prec_NUM": 0.41244239631336405, "eval_f1_NUM": 0.5367316341829086, "eval_support_NUM": 233.0, "eval_prec_PART": 0.0, "eval_f1_PART": 0.0, "eval_support_PART": 210.0, "eval_prec_PRON": 0.4874274661508704, "eval_f1_PRON": 0.5796434732604946, "eval_support_PRON": 705.0, "eval_prec_PROPN": 0.8516042780748663, "eval_f1_PROPN": 0.7197740112994351, "eval_support_PROPN": 1022.0, "eval_prec_PUNCT": 0.9928661351237935, "eval_f1_PUNCT": 0.9964202990103179, "eval_support_PUNCT": 2366.0, "eval_prec_SCONJ": 0.6453900709219859, "eval_f1_SCONJ": 0.5889967637540453, "eval_support_SCONJ": 168.0, "eval_prec_SYM": 0.0, "eval_f1_SYM": 0.0, "eval_support_SYM": 4.0, "eval_prec_VERB": 0.746938775510204, "eval_f1_VERB": 0.8424860243341006, "eval_support_VERB": 1326.0, "eval_prec_X": 0.0, "eval_f1_X": 0.0, "eval_support_X": 25.0, "eval_runtime": 11.6993, "eval_samples_per_second": 83.509, "eval_steps_per_second": 2.65}