{"eval_loss": 1.3002877235412598, "eval_token_acc": 0.6447646963035336, "eval_f1_macro": 0.4838277155816209, "eval_prec_ADJ": 0.6886035313001605, "eval_f1_ADJ": 0.6475471698113208, "eval_support_ADJ": 702.0, "eval_prec_ADP": 0.947940947940948, "eval_f1_ADP": 0.7663316582914573, "eval_support_ADP": 1897.0, "eval_prec_ADV": 0.5591939546599496, "eval_f1_ADV": 0.5349397590361445, "eval_support_ADV": 433.0, "eval_prec_AUX": 0.6190476190476191, "eval_f1_AUX": 0.27225130890052357, "eval_support_AUX": 149.0, "eval_prec_CCONJ": 1.0, "eval_f1_CCONJ": 0.03189066059225513, "eval_support_CCONJ": 432.0, "eval_prec_DET": 0.717948717948718, "eval_f1_DET": 0.076346284935242, "eval_support_DET": 1389.0, "eval_prec_INTJ": 0.0, "eval_f1_INTJ": 0.0, "eval_support_INTJ": 0.0, "eval_prec_NOUN": 0.8496894409937888, "eval_f1_NOUN": 0.8700906344410876, "eval_support_NOUN": 3069.0, "eval_prec_NUM": 0.782051282051282, "eval_f1_NUM": 0.8146911519198664, "eval_support_NUM": 287.0, "eval_prec_PART": 0.0, "eval_f1_PART": 0.0, "eval_support_PART": 0.0, "eval_prec_PRON": 0.5882352941176471, "eval_f1_PRON": 0.46632124352331605, "eval_support_PRON": 466.0, "eval_prec_PROPN": 0.805439330543933, "eval_f1_PROPN": 0.7284768211920529, "eval_support_PROPN": 579.0, "eval_prec_PUNCT": 0.3315776873354082, "eval_f1_PUNCT": 0.498022294138799, "eval_support_PUNCT": 1385.0, "eval_prec_SCONJ": 0.4959349593495935, "eval_f1_SCONJ": 0.22676579925650558, "eval_support_SCONJ": 415.0, "eval_prec_SYM": 0.0, "eval_f1_SYM": 0.0, "eval_support_SYM": 0.0, "eval_prec_VERB": 0.7857142857142857, "eval_f1_VERB": 0.8399132321041215, "eval_support_VERB": 1073.0, "eval_prec_X": 0.0, "eval_f1_X": 0.0, "eval_support_X": 6.0, "eval_runtime": 9.2377, "eval_samples_per_second": 53.152, "eval_steps_per_second": 1.732}