{"eval_loss": 3.3225414752960205, "eval_token_acc": 0.2654454621149043, "eval_f1_macro": 0.19473855561234496, "eval_prec_ADJ": 0.037037037037037035, "eval_f1_ADJ": 0.012269938650306749, "eval_support_ADJ": 272.0, "eval_prec_ADP": 0.5342465753424658, "eval_f1_ADP": 0.3103448275862069, "eval_support_ADP": 535.0, "eval_prec_ADV": 0.09523809523809523, "eval_f1_ADV": 0.012779552715654952, "eval_support_ADV": 292.0, "eval_prec_AUX": 0.0, "eval_f1_AUX": 0.0, "eval_support_AUX": 421.0, "eval_prec_CCONJ": 0.0425531914893617, "eval_f1_CCONJ": 0.01680672268907563, "eval_support_CCONJ": 191.0, "eval_prec_DET": 0.7735849056603774, "eval_f1_DET": 0.4270833333333333, "eval_support_DET": 139.0, "eval_prec_INTJ": 0.0, "eval_f1_INTJ": 0.0, "eval_support_INTJ": 0.0, "eval_prec_NOUN": 0.7129186602870813, "eval_f1_NOUN": 0.08463504686168702, "eval_support_NOUN": 3312.0, "eval_prec_NUM": 0.7486486486486487, "eval_f1_NUM": 0.541544477028348, "eval_support_NUM": 653.0, "eval_prec_PART": 0.0, "eval_f1_PART": 0.0, "eval_support_PART": 992.0, "eval_prec_PRON": 0.9523809523809523, "eval_f1_PRON": 0.7326007326007326, "eval_support_PRON": 168.0, "eval_prec_PROPN": 0.534712950600801, "eval_f1_PROPN": 0.639776357827476, "eval_support_PROPN": 1006.0, "eval_prec_PUNCT": 0.181368330464716, "eval_f1_PUNCT": 0.30699198834668606, "eval_support_PUNCT": 1688.0, "eval_prec_SCONJ": 0.28, "eval_f1_SCONJ": 0.026415094339622643, "eval_support_SCONJ": 505.0, "eval_prec_SYM": 0.0, "eval_f1_SYM": 0.0, "eval_support_SYM": 3.0, "eval_prec_VERB": 0.8, "eval_f1_VERB": 0.004568817818389492, "eval_support_VERB": 1746.0, "eval_prec_X": 0.0, "eval_f1_X": 0.0, "eval_support_X": 87.0, "eval_runtime": 13.1304, "eval_samples_per_second": 38.08, "eval_steps_per_second": 1.219}