{"eval_loss": 0.8531866669654846, "eval_token_acc": 0.7873759835785152, "eval_f1_macro": 0.5234675400421906, "eval_prec_ADJ": 0.8174386920980926, "eval_f1_ADJ": 0.5524861878453039, "eval_support_ADJ": 719.0, "eval_prec_ADP": 0.6663031624863686, "eval_f1_ADP": 0.7823303457106274, "eval_support_ADP": 645.0, "eval_prec_ADV": 0.49855741488747835, "eval_f1_ADV": 0.6276788957500908, "eval_support_ADV": 1020.0, "eval_prec_AUX": 0.9795918367346939, "eval_f1_AUX": 0.32989690721649484, "eval_support_AUX": 242.0, "eval_prec_CCONJ": 0.49477351916376305, "eval_f1_CCONJ": 0.6589327146171694, "eval_support_CCONJ": 144.0, "eval_prec_DET": 0.5241379310344828, "eval_f1_DET": 0.6740576496674058, "eval_support_DET": 161.0, "eval_prec_INTJ": 0.0, "eval_f1_INTJ": 0.0, "eval_support_INTJ": 17.0, "eval_prec_NOUN": 0.8721244925575101, "eval_f1_NOUN": 0.8614870509607352, "eval_support_NOUN": 3029.0, "eval_prec_NUM": 0.8977777777777778, "eval_f1_NUM": 0.8178137651821862, "eval_support_NUM": 269.0, "eval_prec_PART": 0.0, "eval_f1_PART": 0.0, "eval_support_PART": 89.0, "eval_prec_PRON": 0.625886524822695, "eval_f1_PRON": 0.6447488584474886, "eval_support_PRON": 531.0, "eval_prec_PROPN": 0.9577981651376147, "eval_f1_PROPN": 0.9447963800904977, "eval_support_PROPN": 560.0, "eval_prec_PUNCT": 0.995906432748538, "eval_f1_PUNCT": 0.9979490184588339, "eval_support_PUNCT": 1703.0, "eval_prec_SCONJ": 0.3893805309734513, "eval_f1_SCONJ": 0.17777777777777778, "eval_support_SCONJ": 382.0, "eval_prec_SYM": 0.0, "eval_f1_SYM": 0.0, "eval_support_SYM": 7.0, "eval_prec_VERB": 0.8713842975206612, "eval_f1_VERB": 0.828992628992629, "eval_support_VERB": 2134.0, "eval_prec_X": 0.0, "eval_f1_X": 0.0, "eval_support_X": 40.0, "eval_runtime": 6.1532, "eval_samples_per_second": 130.013, "eval_steps_per_second": 4.063}