{"eval_loss": 1.1740778684616089, "eval_token_acc": 0.7600972578684317, "eval_f1_macro": 0.642642970407794, "eval_prec_ADJ": 0.7945326278659612, "eval_f1_ADJ": 0.7831377661886136, "eval_support_ADJ": 1167.0, "eval_prec_ADP": 0.9841269841269841, "eval_f1_ADP": 0.7642147117296223, "eval_support_ADP": 3077.0, "eval_prec_ADV": 0.1575091575091575, "eval_f1_ADV": 0.21608040201005024, "eval_support_ADV": 125.0, "eval_prec_AUX": 0.4801812004530011, "eval_f1_AUX": 0.4845714285714286, "eval_support_AUX": 867.0, "eval_prec_CCONJ": 0.9507246376811594, "eval_f1_CCONJ": 0.9604685212298683, "eval_support_CCONJ": 338.0, "eval_prec_DET": 0.5561497326203209, "eval_f1_DET": 0.6808510638297872, "eval_support_DET": 237.0, "eval_prec_INTJ": 0.0, "eval_f1_INTJ": 0.0, "eval_support_INTJ": 0.0, "eval_prec_NOUN": 0.7348294023356996, "eval_f1_NOUN": 0.7965744073476481, "eval_support_NOUN": 3690.0, "eval_prec_NUM": 0.9134615384615384, "eval_f1_NUM": 0.8, "eval_support_NUM": 267.0, "eval_prec_PART": 0.0, "eval_f1_PART": 0.0, "eval_support_PART": 337.0, "eval_prec_PRON": 0.732484076433121, "eval_f1_PRON": 0.711340206185567, "eval_support_PRON": 499.0, "eval_prec_PROPN": 0.7799815498154982, "eval_f1_PROPN": 0.8163166787352161, "eval_support_PROPN": 1975.0, "eval_prec_PUNCT": 0.9970760233918129, "eval_f1_PUNCT": 0.9985358711566618, "eval_support_PUNCT": 682.0, "eval_prec_SCONJ": 0.855595667870036, "eval_f1_SCONJ": 0.9028571428571428, "eval_support_SCONJ": 248.0, "eval_prec_SYM": 0.0, "eval_f1_SYM": 0.0, "eval_support_SYM": 0.0, "eval_prec_VERB": 0.6442711457708459, "eval_f1_VERB": 0.7246963562753036, "eval_support_VERB": 1297.0, "eval_prec_X": 0.0, "eval_f1_X": 0.0, "eval_support_X": 0.0, "eval_runtime": 9.6489, "eval_samples_per_second": 55.447, "eval_steps_per_second": 1.762}