{"eval_loss": 0.5828996300697327, "eval_token_acc": 0.8235998802036538, "eval_f1_macro": 0.6656529177590177, "eval_prec_ADJ": 0.9120879120879121, "eval_f1_ADJ": 0.8623376623376623, "eval_support_ADJ": 609.0, "eval_prec_ADP": 0.6568627450980392, "eval_f1_ADP": 0.7918345420359925, "eval_support_ADP": 1479.0, "eval_prec_ADV": 0.7358184764991896, "eval_f1_ADV": 0.8239564428312159, "eval_support_ADV": 485.0, "eval_prec_AUX": 0.948220064724919, "eval_f1_AUX": 0.8772455089820359, "eval_support_AUX": 359.0, "eval_prec_CCONJ": 0.9641434262948207, "eval_f1_CCONJ": 0.9622266401590457, "eval_support_CCONJ": 252.0, "eval_prec_DET": 0.9445407279029463, "eval_f1_DET": 0.5301556420233463, "eval_support_DET": 1479.0, "eval_prec_INTJ": 0.0, "eval_f1_INTJ": 0.0, "eval_support_INTJ": 9.0, "eval_prec_NOUN": 0.9152093269740329, "eval_f1_NOUN": 0.9193505456481235, "eval_support_NOUN": 1870.0, "eval_prec_NUM": 0.7887323943661971, "eval_f1_NUM": 0.8732943469785575, "eval_support_NUM": 229.0, "eval_prec_PART": 0.0, "eval_f1_PART": 0.0, "eval_support_PART": 0.0, "eval_prec_PRON": 0.649325626204239, "eval_f1_PRON": 0.6258124419684308, "eval_support_PRON": 558.0, "eval_prec_PROPN": 0.8425531914893617, "eval_f1_PROPN": 0.8275862068965517, "eval_support_PROPN": 487.0, "eval_prec_PUNCT": 0.9785478547854786, "eval_f1_PUNCT": 0.9891576313594662, "eval_support_PUNCT": 1186.0, "eval_prec_SCONJ": 0.5670103092783505, "eval_f1_SCONJ": 0.6832298136645962, "eval_support_SCONJ": 128.0, "eval_prec_SYM": 0.0, "eval_f1_SYM": 0.0, "eval_support_SYM": 39.0, "eval_prec_VERB": 0.8423373759647188, "eval_f1_VERB": 0.8842592592592593, "eval_support_VERB": 821.0, "eval_prec_X": 0.0, "eval_f1_X": 0.0, "eval_support_X": 27.0, "eval_runtime": 7.3382, "eval_samples_per_second": 56.69, "eval_steps_per_second": 1.772}