{"eval_loss": 0.3990992605686188, "eval_token_acc": 0.8988785462401119, "eval_f1_macro": 0.6722727989499788, "eval_prec_ADJ": 0.8274978650725875, "eval_f1_ADJ": 0.7318731117824774, "eval_support_ADJ": 1477.0, "eval_prec_ADP": 0.9544517724649629, "eval_f1_ADP": 0.9358391431746994, "eval_support_ADP": 5045.0, "eval_prec_ADV": 0.7506361323155216, "eval_f1_ADV": 0.6797235023041475, "eval_support_ADV": 950.0, "eval_prec_AUX": 0.7410404624277457, "eval_f1_AUX": 0.8401048492791612, "eval_support_AUX": 661.0, "eval_prec_CCONJ": 0.9691516709511568, "eval_f1_CCONJ": 0.835920177383592, "eval_support_CCONJ": 1026.0, "eval_prec_DET": 0.945185493955815, "eval_f1_DET": 0.955340214872551, "eval_support_DET": 4696.0, "eval_prec_INTJ": 0.0, "eval_f1_INTJ": 0.0, "eval_support_INTJ": 0.0, "eval_prec_NOUN": 0.8913738019169329, "eval_f1_NOUN": 0.9194345676871043, "eval_support_NOUN": 5584.0, "eval_prec_NUM": 0.9260172626387176, "eval_f1_NUM": 0.9010197960407919, "eval_support_NUM": 856.0, "eval_prec_PART": 0.0, "eval_f1_PART": 0.0, "eval_support_PART": 46.0, "eval_prec_PRON": 0.8917089678510999, "eval_f1_PRON": 0.7901049475262368, "eval_support_PRON": 743.0, "eval_prec_PROPN": 0.8175162689804772, "eval_f1_PROPN": 0.8718912666281088, "eval_support_PROPN": 3228.0, "eval_prec_PUNCT": 0.9985126425384234, "eval_f1_PUNCT": 0.9935865811544153, "eval_support_PUNCT": 4074.0, "eval_prec_SCONJ": 0.1358974358974359, "eval_f1_SCONJ": 0.20784313725490197, "eval_support_SCONJ": 120.0, "eval_prec_SYM": 0.0, "eval_f1_SYM": 0.0, "eval_support_SYM": 107.0, "eval_prec_VERB": 0.9776382895253041, "eval_f1_VERB": 0.9308927904370564, "eval_support_VERB": 2805.0, "eval_prec_X": 0.25925925925925924, "eval_f1_X": 0.16279069767441862, "eval_support_X": 59.0, "eval_runtime": 20.4005, "eval_samples_per_second": 58.822, "eval_steps_per_second": 1.863}