{"eval_loss": 0.4347410500049591, "eval_token_acc": 0.8906089633937735, "eval_f1_macro": 0.662331998917026, "eval_prec_ADJ": 0.7484375, "eval_f1_ADJ": 0.7049300956585725, "eval_support_ADJ": 719.0, "eval_prec_ADP": 0.8005148005148005, "eval_f1_ADP": 0.8748241912798875, "eval_support_ADP": 645.0, "eval_prec_ADV": 0.7420701168614358, "eval_f1_ADV": 0.8016230838593328, "eval_support_ADV": 1020.0, "eval_prec_AUX": 0.8497652582159625, "eval_f1_AUX": 0.7956043956043956, "eval_support_AUX": 242.0, "eval_prec_CCONJ": 1.0, "eval_f1_CCONJ": 0.9411764705882353, "eval_support_CCONJ": 144.0, "eval_prec_DET": 0.9242424242424242, "eval_f1_DET": 0.8327645051194539, "eval_support_DET": 161.0, "eval_prec_INTJ": 0.0, "eval_f1_INTJ": 0.0, "eval_support_INTJ": 17.0, "eval_prec_NOUN": 0.9307122139864648, "eval_f1_NOUN": 0.9419439008480104, "eval_support_NOUN": 3029.0, "eval_prec_NUM": 0.8233333333333334, "eval_f1_NUM": 0.8681898066783831, "eval_support_NUM": 269.0, "eval_prec_PART": 0.0, "eval_f1_PART": 0.0, "eval_support_PART": 89.0, "eval_prec_PRON": 0.871939736346516, "eval_f1_PRON": 0.871939736346516, "eval_support_PRON": 531.0, "eval_prec_PROPN": 0.9567567567567568, "eval_f1_PROPN": 0.9524663677130045, "eval_support_PROPN": 560.0, "eval_prec_PUNCT": 0.9964891749561147, "eval_f1_PUNCT": 0.9982415005861665, "eval_support_PUNCT": 1703.0, "eval_prec_SCONJ": 0.9283154121863799, "eval_f1_SCONJ": 0.783661119515885, "eval_support_SCONJ": 382.0, "eval_prec_SYM": 0.0, "eval_f1_SYM": 0.0, "eval_support_SYM": 7.0, "eval_prec_VERB": 0.8937470615890927, "eval_f1_VERB": 0.8922788077915982, "eval_support_VERB": 2134.0, "eval_prec_X": 0.0, "eval_f1_X": 0.0, "eval_support_X": 40.0, "eval_runtime": 6.1413, "eval_samples_per_second": 130.265, "eval_steps_per_second": 4.071}