{"eval_loss": 1.3357574939727783, "eval_token_acc": 0.689534390036796, "eval_f1_macro": 0.467667387674924, "eval_prec_ADJ": 0.6744318181818182, "eval_f1_ADJ": 0.505428997232276, "eval_support_ADJ": 2937.0, "eval_prec_ADP": 0.9625082946250829, "eval_f1_ADP": 0.7692919649960223, "eval_support_ADP": 4528.0, "eval_prec_ADV": 0.015730337078651686, "eval_f1_ADV": 0.025500910746812388, "eval_support_ADV": 104.0, "eval_prec_AUX": 0.0, "eval_f1_AUX": 0.0, "eval_support_AUX": 197.0, "eval_prec_CCONJ": 0.983754512635379, "eval_f1_CCONJ": 0.902317880794702, "eval_support_CCONJ": 1962.0, "eval_prec_DET": 0.43854748603351956, "eval_f1_DET": 0.3200815494393476, "eval_support_DET": 623.0, "eval_prec_INTJ": 0.0, "eval_f1_INTJ": 0.0, "eval_support_INTJ": 0.0, "eval_prec_NOUN": 0.8508932661475035, "eval_f1_NOUN": 0.8129547568247716, "eval_support_NOUN": 9547.0, "eval_prec_NUM": 0.9350237717908082, "eval_f1_NUM": 0.8368794326241135, "eval_support_NUM": 779.0, "eval_prec_PART": 0.16213683223992503, "eval_f1_PART": 0.2675947409126063, "eval_support_PART": 226.0, "eval_prec_PRON": 0.5464037122969838, "eval_f1_PRON": 0.6594329716485824, "eval_support_PRON": 1133.0, "eval_prec_PROPN": 0.009317703636910129, "eval_f1_PROPN": 0.01846337105419893, "eval_support_PROPN": 31.0, "eval_prec_PUNCT": 0.8371428571428572, "eval_f1_PUNCT": 0.9111505997334518, "eval_support_PUNCT": 2052.0, "eval_prec_SCONJ": 0.4830393487109905, "eval_f1_SCONJ": 0.559748427672956, "eval_support_SCONJ": 535.0, "eval_prec_SYM": 0.0, "eval_f1_SYM": 0.0, "eval_support_SYM": 41.0, "eval_prec_VERB": 0.8630370055295619, "eval_f1_VERB": 0.8938325991189427, "eval_support_VERB": 2189.0, "eval_prec_X": 0.0, "eval_f1_X": 0.0, "eval_support_X": 1380.0, "eval_runtime": 23.4434, "eval_samples_per_second": 29.006, "eval_steps_per_second": 0.938}