{"eval_loss": 1.8518823385238647, "eval_token_acc": 0.46830388339822304, "eval_f1_macro": 0.287740977651763, "eval_prec_ADJ": 0.4914933837429111, "eval_f1_ADJ": 0.45694200351493847, "eval_support_ADJ": 609.0, "eval_prec_ADP": 0.9642857142857143, "eval_f1_ADP": 0.07035830618892508, "eval_support_ADP": 1479.0, "eval_prec_ADV": 0.7857142857142857, "eval_f1_ADV": 0.04408817635270541, "eval_support_ADV": 485.0, "eval_prec_AUX": 0.7339449541284404, "eval_f1_AUX": 0.5545927209705372, "eval_support_AUX": 359.0, "eval_prec_CCONJ": 0.7575757575757576, "eval_f1_CCONJ": 0.5995203836930456, "eval_support_CCONJ": 252.0, "eval_prec_DET": 0.0, "eval_f1_DET": 0.0, "eval_support_DET": 1479.0, "eval_prec_INTJ": 0.0, "eval_f1_INTJ": 0.0, "eval_support_INTJ": 9.0, "eval_prec_NOUN": 0.5579306071871127, "eval_f1_NOUN": 0.7065515888583759, "eval_support_NOUN": 1870.0, "eval_prec_NUM": 0.4827586206896552, "eval_f1_NUM": 0.32463768115942027, "eval_support_NUM": 229.0, "eval_prec_PART": 0.0, "eval_f1_PART": 0.0, "eval_support_PART": 0.0, "eval_prec_PRON": 0.12589073634204276, "eval_f1_PRON": 0.21599592460519612, "eval_support_PRON": 558.0, "eval_prec_PROPN": 0.0, "eval_f1_PROPN": 0.0, "eval_support_PROPN": 487.0, "eval_prec_PUNCT": 0.7917222963951935, "eval_f1_PUNCT": 0.8837555886736215, "eval_support_PUNCT": 1186.0, "eval_prec_SCONJ": 0.0, "eval_f1_SCONJ": 0.0, "eval_support_SCONJ": 128.0, "eval_prec_SYM": 0.0, "eval_f1_SYM": 0.0, "eval_support_SYM": 39.0, "eval_prec_VERB": 0.7469586374695864, "eval_f1_VERB": 0.7474132684114425, "eval_support_VERB": 821.0, "eval_prec_X": 0.0, "eval_f1_X": 0.0, "eval_support_X": 27.0, "eval_runtime": 7.4056, "eval_samples_per_second": 56.173, "eval_steps_per_second": 1.755}