{"eval_loss": 0.2337530255317688, "eval_token_acc": 0.9386043725666368, "eval_f1_macro": 0.798037455738529, "eval_prec_ADJ": 0.9439579684763573, "eval_f1_ADJ": 0.9135593220338983, "eval_support_ADJ": 609.0, "eval_prec_ADP": 0.970880211780278, "eval_f1_ADP": 0.9812709030100334, "eval_support_ADP": 1479.0, "eval_prec_ADV": 0.9345991561181435, "eval_f1_ADV": 0.9238790406673618, "eval_support_ADV": 485.0, "eval_prec_AUX": 0.9046242774566474, "eval_f1_AUX": 0.8879432624113475, "eval_support_AUX": 359.0, "eval_prec_CCONJ": 0.909433962264151, "eval_f1_CCONJ": 0.9323017408123792, "eval_support_CCONJ": 252.0, "eval_prec_DET": 0.9790540540540541, "eval_f1_DET": 0.9793849273403177, "eval_support_DET": 1479.0, "eval_prec_INTJ": 0.0, "eval_f1_INTJ": 0.0, "eval_support_INTJ": 9.0, "eval_prec_NOUN": 0.9810344827586207, "eval_f1_NOUN": 0.9457063711911358, "eval_support_NOUN": 1870.0, "eval_prec_NUM": 0.9570815450643777, "eval_f1_NUM": 0.9653679653679653, "eval_support_NUM": 229.0, "eval_prec_PART": 0.0, "eval_f1_PART": 0.0, "eval_support_PART": 0.0, "eval_prec_PRON": 0.9373737373737374, "eval_f1_PRON": 0.8812915479582146, "eval_support_PRON": 558.0, "eval_prec_PROPN": 0.7564102564102564, "eval_f1_PROPN": 0.8496849684968497, "eval_support_PROPN": 487.0, "eval_prec_PUNCT": 0.9793559042113955, "eval_f1_PUNCT": 0.9895702962035878, "eval_support_PUNCT": 1186.0, "eval_prec_SCONJ": 0.6071428571428571, "eval_f1_SCONJ": 0.6891891891891891, "eval_support_SCONJ": 128.0, "eval_prec_SYM": 0.7777777777777778, "eval_f1_SYM": 0.7466666666666667, "eval_support_SYM": 39.0, "eval_prec_VERB": 0.923728813559322, "eval_f1_VERB": 0.9265330904675168, "eval_support_VERB": 821.0, "eval_prec_X": 0.13513513513513514, "eval_f1_X": 0.15625, "eval_support_X": 27.0, "eval_runtime": 7.5352, "eval_samples_per_second": 55.208, "eval_steps_per_second": 1.725}