{"eval_loss": 0.10953462868928909, "eval_token_acc": 0.9693920843687496, "eval_f1_macro": 0.8322142193165781, "eval_prec_ADJ": 0.9576059850374065, "eval_f1_ADJ": 0.9396411092985318, "eval_support_ADJ": 1249.0, "eval_prec_ADP": 0.9869807811531308, "eval_f1_ADP": 0.9900497512437811, "eval_support_ADP": 1603.0, "eval_prec_ADV": 0.9422718808193669, "eval_f1_ADV": 0.949343339587242, "eval_support_ADV": 1058.0, "eval_prec_AUX": 0.9714285714285714, "eval_f1_AUX": 0.9777138749101366, "eval_support_AUX": 691.0, "eval_prec_CCONJ": 0.9753363228699552, "eval_f1_CCONJ": 0.9602649006622517, "eval_support_CCONJ": 460.0, "eval_prec_DET": 0.9933978873239436, "eval_f1_DET": 0.9951499118165785, "eval_support_DET": 2264.0, "eval_prec_INTJ": 0.0, "eval_f1_INTJ": 0.0, "eval_support_INTJ": 4.0, "eval_prec_NOUN": 0.9775355137099438, "eval_f1_NOUN": 0.96415770609319, "eval_support_NOUN": 3111.0, "eval_prec_NUM": 0.9694323144104804, "eval_f1_NUM": 0.961038961038961, "eval_support_NUM": 233.0, "eval_prec_PART": 1.0, "eval_f1_PART": 0.9805825242718447, "eval_support_PART": 210.0, "eval_prec_PRON": 0.9943342776203966, "eval_f1_PRON": 0.9950389794472005, "eval_support_PRON": 705.0, "eval_prec_PROPN": 0.8261238337574215, "eval_f1_PROPN": 0.8850522489777374, "eval_support_PROPN": 1022.0, "eval_prec_PUNCT": 0.9966301600673968, "eval_f1_PUNCT": 0.9983122362869198, "eval_support_PUNCT": 2366.0, "eval_prec_SCONJ": 0.9503105590062112, "eval_f1_SCONJ": 0.9300911854103343, "eval_support_SCONJ": 168.0, "eval_prec_SYM": 0.6666666666666666, "eval_f1_SYM": 0.5714285714285714, "eval_support_SYM": 4.0, "eval_prec_VERB": 0.9824159021406728, "eval_f1_VERB": 0.9757023538344722, "eval_support_VERB": 1326.0, "eval_prec_X": 0.5, "eval_f1_X": 0.07407407407407407, "eval_support_X": 25.0, "eval_runtime": 11.8832, "eval_samples_per_second": 82.217, "eval_steps_per_second": 2.609}