{"eval_loss": 1.1852123737335205, "eval_token_acc": 0.6925570714575172, "eval_f1_macro": 0.5567809024687088, "eval_prec_ADJ": 0.6106750392464678, "eval_f1_ADJ": 0.6374436706267923, "eval_support_ADJ": 1167.0, "eval_prec_ADP": 0.9787822878228782, "eval_f1_ADP": 0.509973564047104, "eval_support_ADP": 3077.0, "eval_prec_ADV": 0.10559006211180125, "eval_f1_ADV": 0.17685305591677503, "eval_support_ADV": 125.0, "eval_prec_AUX": 0.5704433497536946, "eval_f1_AUX": 0.6153028692879915, "eval_support_AUX": 867.0, "eval_prec_CCONJ": 0.7668997668997669, "eval_f1_CCONJ": 0.8578878748370273, "eval_support_CCONJ": 338.0, "eval_prec_DET": 0.29797191887675506, "eval_f1_DET": 0.43507972665148065, "eval_support_DET": 237.0, "eval_prec_INTJ": 0.0, "eval_f1_INTJ": 0.0, "eval_support_INTJ": 0.0, "eval_prec_NOUN": 0.8514102936900262, "eval_f1_NOUN": 0.821433581147426, "eval_support_NOUN": 3690.0, "eval_prec_NUM": 0.7366548042704626, "eval_f1_NUM": 0.7554744525547445, "eval_support_NUM": 267.0, "eval_prec_PART": 0.0, "eval_f1_PART": 0.0, "eval_support_PART": 337.0, "eval_prec_PRON": 0.5568965517241379, "eval_f1_PRON": 0.5987025023169601, "eval_support_PRON": 499.0, "eval_prec_PROPN": 0.7645454545454545, "eval_f1_PROPN": 0.805748502994012, "eval_support_PROPN": 1975.0, "eval_prec_PUNCT": 0.9970760233918129, "eval_f1_PUNCT": 0.9985358711566618, "eval_support_PUNCT": 682.0, "eval_prec_SCONJ": 0.9358974358974359, "eval_f1_SCONJ": 0.9087136929460581, "eval_support_SCONJ": 248.0, "eval_prec_SYM": 0.0, "eval_f1_SYM": 0.0, "eval_support_SYM": 0.0, "eval_prec_VERB": 0.6823063877897118, "eval_f1_VERB": 0.7873450750163079, "eval_support_VERB": 1297.0, "eval_prec_X": 0.0, "eval_f1_X": 0.0, "eval_support_X": 0.0, "eval_runtime": 9.4872, "eval_samples_per_second": 56.392, "eval_steps_per_second": 1.792}