{"eval_loss": 2.0754265785217285, "eval_token_acc": 0.3083884911522356, "eval_f1_macro": 0.3029194531262027, "eval_prec_ADJ": 0.7121212121212122, "eval_f1_ADJ": 0.07623682076236821, "eval_support_ADJ": 1167.0, "eval_prec_ADP": 0.4576976421636616, "eval_f1_ADP": 0.29210002212878955, "eval_support_ADP": 3077.0, "eval_prec_ADV": 0.0, "eval_f1_ADV": 0.0, "eval_support_ADV": 125.0, "eval_prec_AUX": 0.31218849116447667, "eval_f1_AUX": 0.4482758620689655, "eval_support_AUX": 867.0, "eval_prec_CCONJ": 0.0, "eval_f1_CCONJ": 0.0, "eval_support_CCONJ": 338.0, "eval_prec_DET": 0.7047619047619048, "eval_f1_DET": 0.6621923937360179, "eval_support_DET": 237.0, "eval_prec_INTJ": 0.0, "eval_f1_INTJ": 0.0, "eval_support_INTJ": 0.0, "eval_prec_NOUN": 0.682282793867121, "eval_f1_NOUN": 0.3293585526315789, "eval_support_NOUN": 3690.0, "eval_prec_NUM": 0.27734375, "eval_f1_NUM": 0.4115942028985507, "eval_support_NUM": 267.0, "eval_prec_PART": 0.015427769985974754, "eval_f1_PART": 0.02095238095238095, "eval_support_PART": 337.0, "eval_prec_PRON": 0.5909090909090909, "eval_f1_PRON": 0.6529147982062781, "eval_support_PRON": 499.0, "eval_prec_PROPN": 0.7779097387173397, "eval_f1_PROPN": 0.4650337238196663, "eval_support_PROPN": 1975.0, "eval_prec_PUNCT": 0.6786069651741293, "eval_f1_PUNCT": 0.8085358624777712, "eval_support_PUNCT": 682.0, "eval_prec_SCONJ": 0.11949685534591195, "eval_f1_SCONJ": 0.09336609336609336, "eval_support_SCONJ": 248.0, "eval_prec_SYM": 0.0, "eval_f1_SYM": 0.0, "eval_support_SYM": 0.0, "eval_prec_VERB": 0.4203338391502276, "eval_f1_VERB": 0.2832310838445808, "eval_support_VERB": 1297.0, "eval_prec_X": 0.0, "eval_f1_X": 0.0, "eval_support_X": 0.0, "eval_runtime": 9.9253, "eval_samples_per_second": 53.903, "eval_steps_per_second": 1.713}