{"eval_loss": 0.9418085217475891, "eval_token_acc": 0.7601161665053243, "eval_f1_macro": 0.4826900797778325, "eval_prec_ADJ": 0.6743697478991597, "eval_f1_ADJ": 0.5477815699658704, "eval_support_ADJ": 696.0, "eval_prec_ADP": 0.7886178861788617, "eval_f1_ADP": 0.7054545454545454, "eval_support_ADP": 152.0, "eval_prec_ADV": 0.22001982160555006, "eval_f1_ADV": 0.34552529182879377, "eval_support_ADV": 276.0, "eval_prec_AUX": 0.7857142857142857, "eval_f1_AUX": 0.5210526315789473, "eval_support_AUX": 254.0, "eval_prec_CCONJ": 0.640625, "eval_f1_CCONJ": 0.6612903225806451, "eval_support_CCONJ": 120.0, "eval_prec_DET": 0.36065573770491804, "eval_f1_DET": 0.4429530201342282, "eval_support_DET": 115.0, "eval_prec_INTJ": 0.0, "eval_f1_INTJ": 0.0, "eval_support_INTJ": 30.0, "eval_prec_NOUN": 0.8781977854142803, "eval_f1_NOUN": 0.7705192629815746, "eval_support_NOUN": 3351.0, "eval_prec_NUM": 0.7207207207207207, "eval_f1_NUM": 0.6611570247933884, "eval_support_NUM": 262.0, "eval_prec_PART": 0.0, "eval_f1_PART": 0.0, "eval_support_PART": 44.0, "eval_prec_PRON": 0.8634294385432474, "eval_f1_PRON": 0.8258345428156749, "eval_support_PRON": 719.0, "eval_prec_PROPN": 0.06165703275529865, "eval_f1_PROPN": 0.11594202898550725, "eval_support_PROPN": 33.0, "eval_prec_PUNCT": 0.9974849094567404, "eval_f1_PUNCT": 0.9836309523809523, "eval_support_PUNCT": 2044.0, "eval_prec_SCONJ": 0.3333333333333333, "eval_f1_SCONJ": 0.2857142857142857, "eval_support_SCONJ": 16.0, "eval_prec_SYM": 0.0, "eval_f1_SYM": 0.0, "eval_support_SYM": 0.0, "eval_prec_VERB": 0.8459841129744042, "eval_f1_VERB": 0.8561857972309067, "eval_support_VERB": 2212.0, "eval_prec_X": 0.0, "eval_f1_X": 0.0, "eval_support_X": 6.0, "eval_runtime": 10.5538, "eval_samples_per_second": 85.277, "eval_steps_per_second": 2.748}