{"eval_loss": 1.513860821723938, "eval_token_acc": 0.5693636674649333, "eval_f1_macro": 0.27167423879264363, "eval_prec_ADJ": 0.5128205128205128, "eval_f1_ADJ": 0.5205479452054794, "eval_support_ADJ": 719.0, "eval_prec_ADP": 0.6375, "eval_f1_ADP": 0.1406896551724138, "eval_support_ADP": 645.0, "eval_prec_ADV": 0.4326923076923077, "eval_f1_ADV": 0.0800711743772242, "eval_support_ADV": 1020.0, "eval_prec_AUX": 0.04326923076923077, "eval_f1_AUX": 0.04, "eval_support_AUX": 242.0, "eval_prec_CCONJ": 0.36162361623616235, "eval_f1_CCONJ": 0.472289156626506, "eval_support_CCONJ": 144.0, "eval_prec_DET": 1.0, "eval_f1_DET": 0.012345679012345678, "eval_support_DET": 161.0, "eval_prec_INTJ": 0.0, "eval_f1_INTJ": 0.0, "eval_support_INTJ": 17.0, "eval_prec_NOUN": 0.5647296387704734, "eval_f1_NOUN": 0.672455249799626, "eval_support_NOUN": 3029.0, "eval_prec_NUM": 0.6829268292682927, "eval_f1_NUM": 0.7504187604690117, "eval_support_NUM": 269.0, "eval_prec_PART": 0.0, "eval_f1_PART": 0.0, "eval_support_PART": 89.0, "eval_prec_PRON": 0.2448740480374927, "eval_f1_PRON": 0.3735478105451296, "eval_support_PRON": 531.0, "eval_prec_PROPN": 0.0, "eval_f1_PROPN": 0.0, "eval_support_PROPN": 560.0, "eval_prec_PUNCT": 0.9352004393190555, "eval_f1_PUNCT": 0.9665153234960272, "eval_support_PUNCT": 1703.0, "eval_prec_SCONJ": 0.0, "eval_f1_SCONJ": 0.0, "eval_support_SCONJ": 382.0, "eval_prec_SYM": 0.0, "eval_f1_SYM": 0.0, "eval_support_SYM": 7.0, "eval_prec_VERB": 0.6134751773049646, "eval_f1_VERB": 0.5895813047711782, "eval_support_VERB": 2134.0, "eval_prec_X": 0.0, "eval_f1_X": 0.0, "eval_support_X": 40.0, "eval_runtime": 6.2685, "eval_samples_per_second": 127.621, "eval_steps_per_second": 3.988}