{"eval_loss": 1.242431879043579, "eval_token_acc": 0.653232372577756, "eval_f1_macro": 0.4976142568421635, "eval_prec_ADJ": 0.6160714285714286, "eval_f1_ADJ": 0.6500672947510094, "eval_support_ADJ": 702.0, "eval_prec_ADP": 0.9839080459770115, "eval_f1_ADP": 0.6187206360679436, "eval_support_ADP": 1897.0, "eval_prec_ADV": 0.23444976076555024, "eval_f1_ADV": 0.23031727379553465, "eval_support_ADV": 433.0, "eval_prec_AUX": 0.5853658536585366, "eval_f1_AUX": 0.25263157894736843, "eval_support_AUX": 149.0, "eval_prec_CCONJ": 0.9831730769230769, "eval_f1_CCONJ": 0.964622641509434, "eval_support_CCONJ": 432.0, "eval_prec_DET": 0.7466666666666667, "eval_f1_DET": 0.26524570751924215, "eval_support_DET": 1389.0, "eval_prec_INTJ": 0.0, "eval_f1_INTJ": 0.0, "eval_support_INTJ": 0.0, "eval_prec_NOUN": 0.9115013774104683, "eval_f1_NOUN": 0.8863217813494056, "eval_support_NOUN": 3069.0, "eval_prec_NUM": 0.5417789757412399, "eval_f1_NUM": 0.6109422492401215, "eval_support_NUM": 287.0, "eval_prec_PART": 0.0, "eval_f1_PART": 0.0, "eval_support_PART": 0.0, "eval_prec_PRON": 0.28255528255528256, "eval_f1_PRON": 0.2634593356242841, "eval_support_PRON": 466.0, "eval_prec_PROPN": 0.4623287671232877, "eval_f1_PROPN": 0.6182026330852891, "eval_support_PROPN": 579.0, "eval_prec_PUNCT": 0.5706633704161517, "eval_f1_PUNCT": 0.7266526757607555, "eval_support_PUNCT": 1385.0, "eval_prec_SCONJ": 0.8763440860215054, "eval_f1_SCONJ": 0.5424292845257903, "eval_support_SCONJ": 415.0, "eval_prec_SYM": 0.0, "eval_f1_SYM": 0.0, "eval_support_SYM": 0.0, "eval_prec_VERB": 0.8516003879728419, "eval_f1_VERB": 0.8346007604562737, "eval_support_VERB": 1073.0, "eval_prec_X": 0.0, "eval_f1_X": 0.0, "eval_support_X": 6.0, "eval_runtime": 9.2113, "eval_samples_per_second": 53.304, "eval_steps_per_second": 1.737}