{"eval_loss": 0.08693426847457886, "eval_token_acc": 0.9725045825695717, "eval_f1_macro": 0.8114761878804104, "eval_prec_ADJ": 0.9538690476190477, "eval_f1_ADJ": 0.9545793000744601, "eval_support_ADJ": 671.0, "eval_prec_ADP": 0.9946695095948828, "eval_f1_ADP": 0.9914984059511158, "eval_support_ADP": 1888.0, "eval_prec_ADV": 0.9779411764705882, "eval_f1_ADV": 0.9568345323741008, "eval_support_ADV": 426.0, "eval_prec_AUX": 0.9590643274853801, "eval_f1_AUX": 0.974739970282318, "eval_support_AUX": 331.0, "eval_prec_CCONJ": 0.9715762273901809, "eval_f1_CCONJ": 0.9591836734693877, "eval_support_CCONJ": 397.0, "eval_prec_DET": 0.994131455399061, "eval_f1_DET": 0.9950073421439061, "eval_support_DET": 1701.0, "eval_prec_INTJ": 0.0, "eval_f1_INTJ": 0.0, "eval_support_INTJ": 1.0, "eval_prec_NOUN": 0.9835013748854262, "eval_f1_NOUN": 0.9710407239819004, "eval_support_NOUN": 2238.0, "eval_prec_NUM": 0.9824561403508771, "eval_f1_NUM": 0.9781659388646288, "eval_support_NUM": 230.0, "eval_prec_PART": 0.0, "eval_f1_PART": 0.0, "eval_support_PART": 1.0, "eval_prec_PRON": 0.9347368421052632, "eval_f1_PRON": 0.9579288025889967, "eval_support_PRON": 452.0, "eval_prec_PROPN": 0.8870246085011185, "eval_f1_PROPN": 0.9264018691588785, "eval_support_PROPN": 818.0, "eval_prec_PUNCT": 0.997643362136685, "eval_f1_PUNCT": 0.9988202909948879, "eval_support_PUNCT": 1270.0, "eval_prec_SCONJ": 0.9028571428571428, "eval_f1_SCONJ": 0.9199417758369723, "eval_support_SCONJ": 337.0, "eval_prec_SYM": 0.9047619047619048, "eval_f1_SYM": 0.8260869565217391, "eval_support_SYM": 25.0, "eval_prec_VERB": 0.9853068280034573, "eval_f1_VERB": 0.9798023205844435, "eval_support_VERB": 1170.0, "eval_prec_X": 0.48484848484848486, "eval_f1_X": 0.4050632911392405, "eval_support_X": 46.0, "eval_runtime": 8.9037, "eval_samples_per_second": 47.958, "eval_steps_per_second": 1.572}