{"eval_loss": 0.5355582237243652, "eval_token_acc": 0.8731170797800271, "eval_f1_macro": 0.7133259626969393, "eval_prec_ADJ": 0.7995296884185773, "eval_f1_ADJ": 0.7795930065921467, "eval_support_ADJ": 1788.0, "eval_prec_ADP": 0.894320987654321, "eval_f1_ADP": 0.894320987654321, "eval_support_ADP": 2025.0, "eval_prec_ADV": 0.6832611832611832, "eval_f1_ADV": 0.7349631354287932, "eval_support_ADV": 1191.0, "eval_prec_AUX": 0.9130710659898477, "eval_f1_AUX": 0.9227316447579352, "eval_support_AUX": 1543.0, "eval_prec_CCONJ": 0.9422572178477691, "eval_f1_CCONJ": 0.9586114819759679, "eval_support_CCONJ": 736.0, "eval_prec_DET": 0.7634408602150538, "eval_f1_DET": 0.8556199304750869, "eval_support_DET": 1897.0, "eval_prec_INTJ": 0.0, "eval_f1_INTJ": 0.0, "eval_support_INTJ": 121.0, "eval_prec_NOUN": 0.9407564136471833, "eval_f1_NOUN": 0.9000506072874493, "eval_support_NOUN": 4123.0, "eval_prec_NUM": 0.9199134199134199, "eval_f1_NUM": 0.8466135458167331, "eval_support_NUM": 542.0, "eval_prec_PART": 0.988394584139265, "eval_f1_PART": 0.8765008576329331, "eval_support_PART": 649.0, "eval_prec_PRON": 0.9829545454545454, "eval_f1_PRON": 0.8817533129459735, "eval_support_PRON": 2164.0, "eval_prec_PROPN": 0.7028112449799196, "eval_f1_PROPN": 0.7997507270461155, "eval_support_PROPN": 2075.0, "eval_prec_PUNCT": 0.9692982456140351, "eval_f1_PUNCT": 0.9840966921119593, "eval_support_PUNCT": 3096.0, "eval_prec_SCONJ": 0.8312883435582822, "eval_f1_SCONJ": 0.7633802816901408, "eval_support_SCONJ": 384.0, "eval_prec_SYM": 0.08333333333333333, "eval_f1_SYM": 0.016, "eval_support_SYM": 113.0, "eval_prec_VERB": 0.9554808903821923, "eval_f1_VERB": 0.9125551544324108, "eval_support_VERB": 2605.0, "eval_prec_X": 0.0, "eval_f1_X": 0.0, "eval_support_X": 42.0, "eval_runtime": 24.6174, "eval_samples_per_second": 84.371, "eval_steps_per_second": 2.64}