{"eval_loss": 3.6075873374938965, "eval_token_acc": 0.4196502914238135, "eval_f1_macro": 0.32457209101487583, "eval_prec_ADJ": 0.2846715328467153, "eval_f1_ADJ": 0.19070904645476772, "eval_support_ADJ": 272.0, "eval_prec_ADP": 0.4397163120567376, "eval_f1_ADP": 0.30354957160342716, "eval_support_ADP": 535.0, "eval_prec_ADV": 0.18181818181818182, "eval_f1_ADV": 0.0670391061452514, "eval_support_ADV": 292.0, "eval_prec_AUX": 0.95, "eval_f1_AUX": 0.1648590021691974, "eval_support_AUX": 421.0, "eval_prec_CCONJ": 0.04477611940298507, "eval_f1_CCONJ": 0.023255813953488372, "eval_support_CCONJ": 191.0, "eval_prec_DET": 0.6451612903225806, "eval_f1_DET": 0.5172413793103449, "eval_support_DET": 139.0, "eval_prec_INTJ": 0.0, "eval_f1_INTJ": 0.0, "eval_support_INTJ": 0.0, "eval_prec_NOUN": 0.8542124542124542, "eval_f1_NOUN": 0.49861022022664103, "eval_support_NOUN": 3312.0, "eval_prec_NUM": 0.7882822902796272, "eval_f1_NUM": 0.8433048433048433, "eval_support_NUM": 653.0, "eval_prec_PART": 0.10526315789473684, "eval_f1_PART": 0.003956478733926805, "eval_support_PART": 992.0, "eval_prec_PRON": 0.9439252336448598, "eval_f1_PRON": 0.7345454545454545, "eval_support_PRON": 168.0, "eval_prec_PROPN": 0.7326416600159616, "eval_f1_PROPN": 0.8127490039840638, "eval_support_PROPN": 1006.0, "eval_prec_PUNCT": 0.2251238783982858, "eval_f1_PUNCT": 0.36723102129983615, "eval_support_PUNCT": 1688.0, "eval_prec_SCONJ": 0.0, "eval_f1_SCONJ": 0.0, "eval_support_SCONJ": 505.0, "eval_prec_SYM": 0.23076923076923078, "eval_f1_SYM": 0.375, "eval_support_SYM": 3.0, "eval_prec_VERB": 0.9347826086956522, "eval_f1_VERB": 0.2911025145067698, "eval_support_VERB": 1746.0, "eval_prec_X": 0.0, "eval_f1_X": 0.0, "eval_support_X": 87.0, "eval_runtime": 13.2569, "eval_samples_per_second": 37.716, "eval_steps_per_second": 1.207}