{"eval_loss": 2.4293861389160156, "eval_token_acc": 0.582098251457119, "eval_f1_macro": 0.3299533278784425, "eval_prec_ADJ": 0.47761194029850745, "eval_f1_ADJ": 0.1887905604719764, "eval_support_ADJ": 272.0, "eval_prec_ADP": 0.4036697247706422, "eval_f1_ADP": 0.3062645011600928, "eval_support_ADP": 535.0, "eval_prec_ADV": 0.23786407766990292, "eval_f1_ADV": 0.19678714859437751, "eval_support_ADV": 292.0, "eval_prec_AUX": 1.0, "eval_f1_AUX": 0.04186046511627907, "eval_support_AUX": 421.0, "eval_prec_CCONJ": 0.03389830508474576, "eval_f1_CCONJ": 0.016, "eval_support_CCONJ": 191.0, "eval_prec_DET": 0.22560975609756098, "eval_f1_DET": 0.24422442244224424, "eval_support_DET": 139.0, "eval_prec_INTJ": 0.0, "eval_f1_INTJ": 0.0, "eval_support_INTJ": 0.0, "eval_prec_NOUN": 0.7352297592997812, "eval_f1_NOUN": 0.7715269804822044, "eval_support_NOUN": 3312.0, "eval_prec_NUM": 0.8397626112759644, "eval_f1_NUM": 0.853051996985682, "eval_support_NUM": 653.0, "eval_prec_PART": 0.0, "eval_f1_PART": 0.0, "eval_support_PART": 992.0, "eval_prec_PRON": 0.6586826347305389, "eval_f1_PRON": 0.6567164179104478, "eval_support_PRON": 168.0, "eval_prec_PROPN": 0.8591954022988506, "eval_f1_PROPN": 0.8751219512195122, "eval_support_PROPN": 1006.0, "eval_prec_PUNCT": 0.35108153078202997, "eval_f1_PUNCT": 0.5197044334975369, "eval_support_PUNCT": 1688.0, "eval_prec_SCONJ": 0.0, "eval_f1_SCONJ": 0.0, "eval_support_SCONJ": 505.0, "eval_prec_SYM": 0.0, "eval_f1_SYM": 0.0, "eval_support_SYM": 3.0, "eval_prec_VERB": 0.9547677261613692, "eval_f1_VERB": 0.609204368174727, "eval_support_VERB": 1746.0, "eval_prec_X": 0.0, "eval_f1_X": 0.0, "eval_support_X": 87.0, "eval_runtime": 12.963, "eval_samples_per_second": 38.571, "eval_steps_per_second": 1.234}