{"eval_loss": 0.39924806356430054, "eval_token_acc": 0.9115097884720286, "eval_f1_macro": 0.7046872151490883, "eval_prec_ADJ": 0.9403973509933775, "eval_f1_ADJ": 0.7907192575406032, "eval_support_ADJ": 1249.0, "eval_prec_ADP": 0.9286570743405276, "eval_f1_ADP": 0.9471109752369306, "eval_support_ADP": 1603.0, "eval_prec_ADV": 0.7012417823228634, "eval_f1_ADV": 0.7911001236093943, "eval_support_ADV": 1058.0, "eval_prec_AUX": 0.9672619047619048, "eval_f1_AUX": 0.9537784299339692, "eval_support_AUX": 691.0, "eval_prec_CCONJ": 0.9213250517598344, "eval_f1_CCONJ": 0.943796394485684, "eval_support_CCONJ": 460.0, "eval_prec_DET": 0.9846225535880708, "eval_f1_DET": 0.9582766439909297, "eval_support_DET": 2264.0, "eval_prec_INTJ": 0.0, "eval_f1_INTJ": 0.0, "eval_support_INTJ": 4.0, "eval_prec_NOUN": 0.9847246891651865, "eval_f1_NOUN": 0.9355383057711779, "eval_support_NOUN": 3111.0, "eval_prec_NUM": 0.7979094076655052, "eval_f1_NUM": 0.8807692307692307, "eval_support_NUM": 233.0, "eval_prec_PART": 0.0, "eval_f1_PART": 0.0, "eval_support_PART": 210.0, "eval_prec_PRON": 0.8716302952503209, "eval_f1_PRON": 0.9150943396226415, "eval_support_PRON": 705.0, "eval_prec_PROPN": 0.7305699481865285, "eval_f1_PROPN": 0.831858407079646, "eval_support_PROPN": 1022.0, "eval_prec_PUNCT": 0.9962105263157894, "eval_f1_PUNCT": 0.9981016663151234, "eval_support_PUNCT": 2366.0, "eval_prec_SCONJ": 0.9387755102040817, "eval_f1_SCONJ": 0.8761904761904762, "eval_support_SCONJ": 168.0, "eval_prec_SYM": 0.0, "eval_f1_SYM": 0.0, "eval_support_SYM": 4.0, "eval_prec_VERB": 0.8878954607977991, "eval_f1_VERB": 0.9287769784172661, "eval_support_VERB": 1326.0, "eval_prec_X": 0.17777777777777778, "eval_f1_X": 0.22857142857142856, "eval_support_X": 25.0, "eval_runtime": 11.875, "eval_samples_per_second": 82.274, "eval_steps_per_second": 2.611}