{"eval_loss": 0.6847881078720093, "eval_token_acc": 0.8535904997210488, "eval_f1_macro": 0.6849803544038885, "eval_prec_ADJ": 0.8885224274406333, "eval_f1_ADJ": 0.8153753026634383, "eval_support_ADJ": 1788.0, "eval_prec_ADP": 0.8013640238704177, "eval_f1_ADP": 0.8602150537634409, "eval_support_ADP": 2025.0, "eval_prec_ADV": 0.7126839523475823, "eval_f1_ADV": 0.7769289533995416, "eval_support_ADV": 1191.0, "eval_prec_AUX": 0.953030303030303, "eval_f1_AUX": 0.8787984631505414, "eval_support_AUX": 1543.0, "eval_prec_CCONJ": 0.9366106080206986, "eval_f1_CCONJ": 0.9595758780649437, "eval_support_CCONJ": 736.0, "eval_prec_DET": 0.8154257690592955, "eval_f1_DET": 0.8835748792270531, "eval_support_DET": 1897.0, "eval_prec_INTJ": 0.0, "eval_f1_INTJ": 0.0, "eval_support_INTJ": 121.0, "eval_prec_NOUN": 0.955902492467817, "eval_f1_NOUN": 0.8978646771288912, "eval_support_NOUN": 4123.0, "eval_prec_NUM": 0.9282945736434108, "eval_f1_NUM": 0.9054820415879017, "eval_support_NUM": 542.0, "eval_prec_PART": 0.0, "eval_f1_PART": 0.0, "eval_support_PART": 649.0, "eval_prec_PRON": 0.9167111585691404, "eval_f1_PRON": 0.8506316571711667, "eval_support_PRON": 2164.0, "eval_prec_PROPN": 0.7830148619957538, "eval_f1_PROPN": 0.8325056433408577, "eval_support_PROPN": 2075.0, "eval_prec_PUNCT": 0.947804728277556, "eval_f1_PUNCT": 0.9718243349598615, "eval_support_PUNCT": 3096.0, "eval_prec_SCONJ": 0.6009615384615384, "eval_f1_SCONJ": 0.625, "eval_support_SCONJ": 384.0, "eval_prec_SYM": 0.48484848484848486, "eval_f1_SYM": 0.4528301886792453, "eval_support_SYM": 113.0, "eval_prec_VERB": 0.8649893692416726, "eval_f1_VERB": 0.8995761931085314, "eval_support_VERB": 2605.0, "eval_prec_X": 0.01875, "eval_f1_X": 0.034482758620689655, "eval_support_X": 42.0, "eval_runtime": 24.5557, "eval_samples_per_second": 84.583, "eval_steps_per_second": 2.647}