{"eval_loss": 0.9934199452400208, "eval_token_acc": 0.7859777068744044, "eval_f1_macro": 0.5758950660288318, "eval_prec_ADJ": 0.832967032967033, "eval_f1_ADJ": 0.7537288697381505, "eval_support_ADJ": 1652.0, "eval_prec_ADP": 0.9751434034416826, "eval_f1_ADP": 0.8468947193623381, "eval_support_ADP": 3407.0, "eval_prec_ADV": 0.34615384615384615, "eval_f1_ADV": 0.5021459227467812, "eval_support_ADV": 384.0, "eval_prec_AUX": 0.512856150104239, "eval_f1_AUX": 0.6313088109495295, "eval_support_AUX": 899.0, "eval_prec_CCONJ": 0.9586077140169332, "eval_f1_CCONJ": 0.9755864049784586, "eval_support_CCONJ": 1026.0, "eval_prec_DET": 0.8220858895705522, "eval_f1_DET": 0.8204081632653061, "eval_support_DET": 491.0, "eval_prec_INTJ": 0.5, "eval_f1_INTJ": 0.06896551724137931, "eval_support_INTJ": 27.0, "eval_prec_NOUN": 0.9437883091642996, "eval_f1_NOUN": 0.846927823987121, "eval_support_NOUN": 8219.0, "eval_prec_NUM": 0.6915584415584416, "eval_f1_NUM": 0.7088186356073212, "eval_support_NUM": 293.0, "eval_prec_PART": 0.0, "eval_f1_PART": 0.0, "eval_support_PART": 28.0, "eval_prec_PRON": 0.46382428940568476, "eval_f1_PRON": 0.6247099767981439, "eval_support_PRON": 1126.0, "eval_prec_PROPN": 0.7238532110091743, "eval_f1_PROPN": 0.7169468423443889, "eval_support_PROPN": 1111.0, "eval_prec_PUNCT": 0.9953292853806632, "eval_f1_PUNCT": 0.9953292853806632, "eval_support_PUNCT": 2141.0, "eval_prec_SCONJ": 0.8942857142857142, "eval_f1_SCONJ": 0.6374745417515275, "eval_support_SCONJ": 632.0, "eval_prec_SYM": 0.0, "eval_f1_SYM": 0.0, "eval_support_SYM": 0.0, "eval_prec_VERB": 0.6128010139416984, "eval_f1_VERB": 0.6609706083390294, "eval_support_VERB": 2696.0, "eval_prec_X": 0.0, "eval_f1_X": 0.0, "eval_support_X": 1.0, "eval_runtime": 15.0582, "eval_samples_per_second": 96.625, "eval_steps_per_second": 3.055}