{"eval_loss": 0.49526509642601013, "eval_token_acc": 0.9062807764399403, "eval_f1_macro": 0.6788830201632499, "eval_prec_ADJ": 0.8058510638297872, "eval_f1_ADJ": 0.813149949681315, "eval_support_ADJ": 1477.0, "eval_prec_ADP": 0.9771488469601677, "eval_f1_ADP": 0.9497707590422823, "eval_support_ADP": 5045.0, "eval_prec_ADV": 0.8849315068493151, "eval_f1_ADV": 0.7690476190476191, "eval_support_ADV": 950.0, "eval_prec_AUX": 0.7119205298013245, "eval_f1_AUX": 0.8232291001914487, "eval_support_AUX": 661.0, "eval_prec_CCONJ": 0.9868766404199475, "eval_f1_CCONJ": 0.8411633109619687, "eval_support_CCONJ": 1026.0, "eval_prec_DET": 0.9690450054884742, "eval_f1_DET": 0.9542752134904334, "eval_support_DET": 4696.0, "eval_prec_INTJ": 0.0, "eval_f1_INTJ": 0.0, "eval_support_INTJ": 0.0, "eval_prec_NOUN": 0.9081423195347246, "eval_f1_NOUN": 0.9289588801399825, "eval_support_NOUN": 5584.0, "eval_prec_NUM": 0.9499417927823051, "eval_f1_NUM": 0.9516034985422741, "eval_support_NUM": 856.0, "eval_prec_PART": 0.0038461538461538464, "eval_f1_PART": 0.006535947712418301, "eval_support_PART": 46.0, "eval_prec_PRON": 0.7289293849658315, "eval_f1_PRON": 0.7896360271437385, "eval_support_PRON": 743.0, "eval_prec_PROPN": 0.9164717674574006, "eval_f1_PROPN": 0.8818517923163478, "eval_support_PROPN": 3228.0, "eval_prec_PUNCT": 0.9992524296037877, "eval_f1_PUNCT": 0.9917150983059231, "eval_support_PUNCT": 4074.0, "eval_prec_SCONJ": 0.13175675675675674, "eval_f1_SCONJ": 0.21910112359550563, "eval_support_SCONJ": 120.0, "eval_prec_SYM": 0.5376884422110553, "eval_f1_SYM": 0.6993464052287581, "eval_support_SYM": 107.0, "eval_prec_VERB": 0.9570057581573896, "eval_f1_VERB": 0.9216266173752311, "eval_support_VERB": 2805.0, "eval_prec_X": 0.0, "eval_f1_X": 0.0, "eval_support_X": 59.0, "eval_runtime": 21.6531, "eval_samples_per_second": 55.419, "eval_steps_per_second": 1.755}