{"eval_loss": 0.9277172684669495, "eval_token_acc": 0.7665053242981607, "eval_f1_macro": 0.4904605480536445, "eval_prec_ADJ": 0.5520974289580515, "eval_f1_ADJ": 0.5686411149825784, "eval_support_ADJ": 696.0, "eval_prec_ADP": 1.0, "eval_f1_ADP": 0.7540983606557377, "eval_support_ADP": 152.0, "eval_prec_ADV": 0.2776998597475456, "eval_f1_ADV": 0.40040444893832156, "eval_support_ADV": 276.0, "eval_prec_AUX": 0.8229166666666666, "eval_f1_AUX": 0.4514285714285714, "eval_support_AUX": 254.0, "eval_prec_CCONJ": 0.7570093457943925, "eval_f1_CCONJ": 0.7136563876651982, "eval_support_CCONJ": 120.0, "eval_prec_DET": 0.1771117166212534, "eval_f1_DET": 0.2697095435684647, "eval_support_DET": 115.0, "eval_prec_INTJ": 0.0, "eval_f1_INTJ": 0.0, "eval_support_INTJ": 30.0, "eval_prec_NOUN": 0.8769285970577682, "eval_f1_NOUN": 0.7963506028022157, "eval_support_NOUN": 3351.0, "eval_prec_NUM": 0.7098765432098766, "eval_f1_NUM": 0.5424528301886793, "eval_support_NUM": 262.0, "eval_prec_PART": 0.0, "eval_f1_PART": 0.0, "eval_support_PART": 44.0, "eval_prec_PRON": 0.853515625, "eval_f1_PRON": 0.7099918765231519, "eval_support_PRON": 719.0, "eval_prec_PROPN": 0.08860759493670886, "eval_f1_PROPN": 0.16045845272206305, "eval_support_PROPN": 33.0, "eval_prec_PUNCT": 0.994647201946472, "eval_f1_PUNCT": 0.9973164186386924, "eval_support_PUNCT": 2044.0, "eval_prec_SCONJ": 1.0, "eval_f1_SCONJ": 0.6086956521739131, "eval_support_SCONJ": 16.0, "eval_prec_SYM": 0.0, "eval_f1_SYM": 0.0, "eval_support_SYM": 0.0, "eval_prec_VERB": 0.8368948975141736, "eval_f1_VERB": 0.8519422863485017, "eval_support_VERB": 2212.0, "eval_prec_X": 0.011904761904761904, "eval_f1_X": 0.022222222222222223, "eval_support_X": 6.0, "eval_runtime": 10.6429, "eval_samples_per_second": 84.564, "eval_steps_per_second": 2.725}