{"eval_loss": 0.7364640831947327, "eval_token_acc": 0.8086253369272237, "eval_f1_macro": 0.6124432010521721, "eval_prec_ADJ": 0.6854395604395604, "eval_f1_ADJ": 0.7464472700074795, "eval_support_ADJ": 609.0, "eval_prec_ADP": 0.8891610532761788, "eval_f1_ADP": 0.9331619537275064, "eval_support_ADP": 1479.0, "eval_prec_ADV": 0.9487951807228916, "eval_f1_ADV": 0.7711138310893513, "eval_support_ADV": 485.0, "eval_prec_AUX": 0.8585365853658536, "eval_f1_AUX": 0.624113475177305, "eval_support_AUX": 359.0, "eval_prec_CCONJ": 0.9836734693877551, "eval_f1_CCONJ": 0.9698189134808853, "eval_support_CCONJ": 252.0, "eval_prec_DET": 0.9577464788732394, "eval_f1_DET": 0.736053288925895, "eval_support_DET": 1479.0, "eval_prec_INTJ": 0.4, "eval_f1_INTJ": 0.5, "eval_support_INTJ": 9.0, "eval_prec_NOUN": 0.7738809413936317, "eval_f1_NOUN": 0.8308149616051523, "eval_support_NOUN": 1870.0, "eval_prec_NUM": 0.43410852713178294, "eval_f1_NUM": 0.459958932238193, "eval_support_NUM": 229.0, "eval_prec_PART": 0.0, "eval_f1_PART": 0.0, "eval_support_PART": 0.0, "eval_prec_PRON": 0.776937618147448, "eval_f1_PRON": 0.7562097516099356, "eval_support_PRON": 558.0, "eval_prec_PROPN": 0.5856966707768188, "eval_f1_PROPN": 0.7318952234206472, "eval_support_PROPN": 487.0, "eval_prec_PUNCT": 0.9785478547854786, "eval_f1_PUNCT": 0.9891576313594662, "eval_support_PUNCT": 1186.0, "eval_prec_SCONJ": 0.5473684210526316, "eval_f1_SCONJ": 0.6540880503144654, "eval_support_SCONJ": 128.0, "eval_prec_SYM": 0.0, "eval_f1_SYM": 0.0, "eval_support_SYM": 39.0, "eval_prec_VERB": 0.734640522875817, "eval_f1_VERB": 0.7087011349306431, "eval_support_VERB": 821.0, "eval_prec_X": 0.0, "eval_f1_X": 0.0, "eval_support_X": 27.0, "eval_runtime": 7.4719, "eval_samples_per_second": 55.675, "eval_steps_per_second": 1.74}