{"eval_loss": 2.058400869369507, "eval_token_acc": 0.33692722371967654, "eval_f1_macro": 0.22537442030075974, "eval_prec_ADJ": 0.33858267716535434, "eval_f1_ADJ": 0.11684782608695653, "eval_support_ADJ": 609.0, "eval_prec_ADP": 0.5415318230852212, "eval_f1_ADP": 0.4172901080631754, "eval_support_ADP": 1479.0, "eval_prec_ADV": 0.4444444444444444, "eval_f1_ADV": 0.016194331983805668, "eval_support_ADV": 485.0, "eval_prec_AUX": 0.20883164673413063, "eval_f1_AUX": 0.313969571230982, "eval_support_AUX": 359.0, "eval_prec_CCONJ": 0.0, "eval_f1_CCONJ": 0.0, "eval_support_CCONJ": 252.0, "eval_prec_DET": 0.28735632183908044, "eval_f1_DET": 0.16762452107279693, "eval_support_DET": 1479.0, "eval_prec_INTJ": 0.0, "eval_f1_INTJ": 0.0, "eval_support_INTJ": 9.0, "eval_prec_NOUN": 0.4161849710982659, "eval_f1_NOUN": 0.22482435597189696, "eval_support_NOUN": 1870.0, "eval_prec_NUM": 0.19714540588760035, "eval_f1_NUM": 0.3274074074074074, "eval_support_NUM": 229.0, "eval_prec_PART": 0.0, "eval_f1_PART": 0.0, "eval_support_PART": 0.0, "eval_prec_PRON": 0.6027164685908319, "eval_f1_PRON": 0.6190061028770706, "eval_support_PRON": 558.0, "eval_prec_PROPN": 0.12618296529968454, "eval_f1_PROPN": 0.14272970561998216, "eval_support_PROPN": 487.0, "eval_prec_PUNCT": 0.8600435097897027, "eval_f1_PUNCT": 0.9247563352826511, "eval_support_PUNCT": 1186.0, "eval_prec_SCONJ": 0.15315315315315314, "eval_f1_SCONJ": 0.14225941422594143, "eval_support_SCONJ": 128.0, "eval_prec_SYM": 0.0, "eval_f1_SYM": 0.0, "eval_support_SYM": 39.0, "eval_prec_VERB": 0.5427350427350427, "eval_f1_VERB": 0.39410395655546937, "eval_support_VERB": 821.0, "eval_prec_X": 0.012352309344790547, "eval_f1_X": 0.024351508734780307, "eval_support_X": 27.0, "eval_runtime": 7.355, "eval_samples_per_second": 56.56, "eval_steps_per_second": 1.767}