{"eval_loss": 0.09198544919490814, "eval_token_acc": 0.9766079540926118, "eval_f1_macro": 0.9347449750218176, "eval_prec_ADJ": 0.9618192026951151, "eval_f1_ADJ": 0.9599327542729056, "eval_support_ADJ": 1788.0, "eval_prec_ADP": 0.9783996072655866, "eval_f1_ADP": 0.9812900049236829, "eval_support_ADP": 2025.0, "eval_prec_ADV": 0.9556113902847572, "eval_f1_ADV": 0.9568134171907757, "eval_support_ADV": 1191.0, "eval_prec_AUX": 0.9961064243997404, "eval_f1_AUX": 0.9954604409857328, "eval_support_AUX": 1543.0, "eval_prec_CCONJ": 0.9932065217391305, "eval_f1_CCONJ": 0.9932065217391305, "eval_support_CCONJ": 736.0, "eval_prec_DET": 0.993172268907563, "eval_f1_DET": 0.9950013154433044, "eval_support_DET": 1897.0, "eval_prec_INTJ": 0.9, "eval_f1_INTJ": 0.8962655601659751, "eval_support_INTJ": 121.0, "eval_prec_NOUN": 0.9691629955947136, "eval_f1_NOUN": 0.9647947374832501, "eval_support_NOUN": 4123.0, "eval_prec_NUM": 0.9591474245115453, "eval_f1_NUM": 0.9773755656108597, "eval_support_NUM": 542.0, "eval_prec_PART": 1.0, "eval_f1_PART": 0.9984567901234568, "eval_support_PART": 649.0, "eval_prec_PRON": 0.9953810623556582, "eval_f1_PRON": 0.9956109956109956, "eval_support_PRON": 2164.0, "eval_prec_PROPN": 0.9354838709677419, "eval_f1_PROPN": 0.9359344894026975, "eval_support_PROPN": 2075.0, "eval_prec_PUNCT": 0.996125282531482, "eval_f1_PUNCT": 0.9962861295010496, "eval_support_PUNCT": 3096.0, "eval_prec_SCONJ": 0.9712041884816754, "eval_f1_SCONJ": 0.9686684073107049, "eval_support_SCONJ": 384.0, "eval_prec_SYM": 0.8695652173913043, "eval_f1_SYM": 0.8771929824561403, "eval_support_SYM": 113.0, "eval_prec_VERB": 0.9866054343666284, "eval_f1_VERB": 0.988118052893829, "eval_support_VERB": 2605.0, "eval_prec_X": 0.4444444444444444, "eval_f1_X": 0.41025641025641024, "eval_support_X": 42.0, "eval_runtime": 24.6231, "eval_samples_per_second": 84.352, "eval_steps_per_second": 2.64}