{"eval_loss": 1.0694971084594727, "eval_token_acc": 0.6881628463906945, "eval_f1_macro": 0.47979951642748114, "eval_prec_ADJ": 0.5615491009681881, "eval_f1_ADJ": 0.5631067961165048, "eval_support_ADJ": 719.0, "eval_prec_ADP": 0.8067729083665338, "eval_f1_ADP": 0.7061900610287707, "eval_support_ADP": 645.0, "eval_prec_ADV": 0.27320954907161804, "eval_f1_ADV": 0.1474588403722262, "eval_support_ADV": 1020.0, "eval_prec_AUX": 0.00819672131147541, "eval_f1_AUX": 0.005494505494505495, "eval_support_AUX": 242.0, "eval_prec_CCONJ": 0.5590551181102362, "eval_f1_CCONJ": 0.7135678391959799, "eval_support_CCONJ": 144.0, "eval_prec_DET": 0.5682819383259912, "eval_f1_DET": 0.6649484536082474, "eval_support_DET": 161.0, "eval_prec_INTJ": 0.0, "eval_f1_INTJ": 0.0, "eval_support_INTJ": 17.0, "eval_prec_NOUN": 0.8071821417017147, "eval_f1_NOUN": 0.815359477124183, "eval_support_NOUN": 3029.0, "eval_prec_NUM": 0.924, "eval_f1_NUM": 0.8901734104046243, "eval_support_NUM": 269.0, "eval_prec_PART": 0.04218600191754554, "eval_f1_PART": 0.07773851590106007, "eval_support_PART": 89.0, "eval_prec_PRON": 0.5085158150851582, "eval_f1_PRON": 0.6178861788617886, "eval_support_PRON": 531.0, "eval_prec_PROPN": 0.7489597780859917, "eval_f1_PROPN": 0.8430913348946136, "eval_support_PROPN": 560.0, "eval_prec_PUNCT": 0.9964850615114236, "eval_f1_PUNCT": 0.9976539589442815, "eval_support_PUNCT": 1703.0, "eval_prec_SCONJ": 0.732484076433121, "eval_f1_SCONJ": 0.4267161410018553, "eval_support_SCONJ": 382.0, "eval_prec_SYM": 0.0, "eval_f1_SYM": 0.0, "eval_support_SYM": 7.0, "eval_prec_VERB": 0.7759433962264151, "eval_f1_VERB": 0.6872062663185379, "eval_support_VERB": 2134.0, "eval_prec_X": 0.0, "eval_f1_X": 0.0, "eval_support_X": 40.0, "eval_runtime": 6.1759, "eval_samples_per_second": 129.536, "eval_steps_per_second": 4.048}