{"eval_loss": 1.3992878198623657, "eval_token_acc": 0.6545389336096278, "eval_f1_macro": 0.5072473647560456, "eval_prec_ADJ": 0.6676698194325021, "eval_f1_ADJ": 0.754982984929509, "eval_support_ADJ": 1788.0, "eval_prec_ADP": 0.6902286902286903, "eval_f1_ADP": 0.811240073304826, "eval_support_ADP": 2025.0, "eval_prec_ADV": 0.8132530120481928, "eval_f1_ADV": 0.47957371225577267, "eval_support_ADV": 1191.0, "eval_prec_AUX": 0.9369085173501577, "eval_f1_AUX": 0.3193548387096774, "eval_support_AUX": 1543.0, "eval_prec_CCONJ": 0.7398373983739838, "eval_f1_CCONJ": 0.8465116279069768, "eval_support_CCONJ": 736.0, "eval_prec_DET": 0.649746192893401, "eval_f1_DET": 0.5470085470085471, "eval_support_DET": 1897.0, "eval_prec_INTJ": 0.0, "eval_f1_INTJ": 0.0, "eval_support_INTJ": 121.0, "eval_prec_NOUN": 0.7077181835170996, "eval_f1_NOUN": 0.7994511294067975, "eval_support_NOUN": 4123.0, "eval_prec_NUM": 0.8092948717948718, "eval_f1_NUM": 0.8662092624356775, "eval_support_NUM": 542.0, "eval_prec_PART": 0.5589887640449438, "eval_f1_PART": 0.39601990049751246, "eval_support_PART": 649.0, "eval_prec_PRON": 0.9416755037115588, "eval_f1_PRON": 0.5716124879304796, "eval_support_PRON": 2164.0, "eval_prec_PROPN": 0.0, "eval_f1_PROPN": 0.0, "eval_support_PROPN": 2075.0, "eval_prec_PUNCT": 0.912850812407681, "eval_f1_PUNCT": 0.9535565499151365, "eval_support_PUNCT": 3096.0, "eval_prec_SCONJ": 1.0, "eval_f1_SCONJ": 0.3831578947368421, "eval_support_SCONJ": 384.0, "eval_prec_SYM": 1.0, "eval_f1_SYM": 0.1774193548387097, "eval_support_SYM": 113.0, "eval_prec_VERB": 0.6539618856569709, "eval_f1_VERB": 0.6990707648320229, "eval_support_VERB": 2605.0, "eval_prec_X": 0.009146341463414634, "eval_f1_X": 0.018036072144288578, "eval_support_X": 42.0, "eval_runtime": 23.0396, "eval_samples_per_second": 90.149, "eval_steps_per_second": 2.821}