{"eval_loss": 1.711511254310608, "eval_token_acc": 0.4763067904250122, "eval_f1_macro": 0.3504203110954104, "eval_prec_ADJ": 0.28771929824561404, "eval_f1_ADJ": 0.1661600810536981, "eval_support_ADJ": 702.0, "eval_prec_ADP": 0.6348547717842323, "eval_f1_ADP": 0.4932301740812379, "eval_support_ADP": 1897.0, "eval_prec_ADV": 0.0, "eval_f1_ADV": 0.0, "eval_support_ADV": 433.0, "eval_prec_AUX": 0.1745049504950495, "eval_f1_AUX": 0.2946708463949843, "eval_support_AUX": 149.0, "eval_prec_CCONJ": 0.0, "eval_f1_CCONJ": 0.0, "eval_support_CCONJ": 432.0, "eval_prec_DET": 0.6806930693069307, "eval_f1_DET": 0.3067484662576687, "eval_support_DET": 1389.0, "eval_prec_INTJ": 0.0, "eval_f1_INTJ": 0.0, "eval_support_INTJ": 0.0, "eval_prec_NOUN": 0.6316680779000847, "eval_f1_NOUN": 0.5494384091327564, "eval_support_NOUN": 3069.0, "eval_prec_NUM": 0.4600326264274062, "eval_f1_NUM": 0.6266666666666667, "eval_support_NUM": 287.0, "eval_prec_PART": 0.0, "eval_f1_PART": 0.0, "eval_support_PART": 0.0, "eval_prec_PRON": 0.35805626598465473, "eval_f1_PRON": 0.3267211201866978, "eval_support_PRON": 466.0, "eval_prec_PROPN": 0.5099648300117233, "eval_f1_PROPN": 0.6075418994413407, "eval_support_PROPN": 579.0, "eval_prec_PUNCT": 0.6766616691654173, "eval_f1_PUNCT": 0.7997637330183107, "eval_support_PUNCT": 1385.0, "eval_prec_SCONJ": 0.4496124031007752, "eval_f1_SCONJ": 0.4339152119700748, "eval_support_SCONJ": 415.0, "eval_prec_SYM": 0.0, "eval_f1_SYM": 0.0, "eval_support_SYM": 0.0, "eval_prec_VERB": 0.6387387387387388, "eval_f1_VERB": 0.6495648190563444, "eval_support_VERB": 1073.0, "eval_prec_X": 0.000946969696969697, "eval_f1_X": 0.0018832391713747645, "eval_support_X": 6.0, "eval_runtime": 9.2961, "eval_samples_per_second": 52.818, "eval_steps_per_second": 1.721}