{"eval_loss": 0.07970921695232391, "eval_token_acc": 0.9782380785970709, "eval_f1_macro": 0.8885055324965128, "eval_prec_ADJ": 0.95407813570939, "eval_f1_ADJ": 0.9482288828337875, "eval_support_ADJ": 1477.0, "eval_prec_ADP": 0.9899428120686256, "eval_f1_ADP": 0.992487149070779, "eval_support_ADP": 5045.0, "eval_prec_ADV": 0.9555325749741469, "eval_f1_ADV": 0.9640062597809077, "eval_support_ADV": 950.0, "eval_prec_AUX": 0.9409158050221565, "eval_f1_AUX": 0.9521674140508222, "eval_support_AUX": 661.0, "eval_prec_CCONJ": 0.9340761374187558, "eval_f1_CCONJ": 0.9567284831193533, "eval_support_CCONJ": 1026.0, "eval_prec_DET": 0.9948936170212765, "eval_f1_DET": 0.9953171562366965, "eval_support_DET": 4696.0, "eval_prec_INTJ": 0.0, "eval_f1_INTJ": 0.0, "eval_support_INTJ": 0.0, "eval_prec_NOUN": 0.9817623690863128, "eval_f1_NOUN": 0.9777018521848588, "eval_support_NOUN": 5584.0, "eval_prec_NUM": 0.9687137891077636, "eval_f1_NUM": 0.9726585223967423, "eval_support_NUM": 856.0, "eval_prec_PART": 0.71875, "eval_f1_PART": 0.5897435897435898, "eval_support_PART": 46.0, "eval_prec_PRON": 0.9498018494055482, "eval_f1_PRON": 0.9586666666666667, "eval_support_PRON": 743.0, "eval_prec_PROPN": 0.9617486338797814, "eval_f1_PROPN": 0.9714811407543699, "eval_support_PROPN": 3228.0, "eval_prec_PUNCT": 0.9968129443491052, "eval_f1_PUNCT": 0.9974242610082178, "eval_support_PUNCT": 4074.0, "eval_prec_SCONJ": 0.8048780487804879, "eval_f1_SCONJ": 0.40993788819875776, "eval_support_SCONJ": 120.0, "eval_prec_SYM": 1.0, "eval_f1_SYM": 0.9905660377358491, "eval_support_SYM": 107.0, "eval_prec_VERB": 0.9767108563238982, "eval_f1_VERB": 0.9742673338098642, "eval_support_VERB": 2805.0, "eval_prec_X": 0.9230769230769231, "eval_f1_X": 0.5647058823529412, "eval_support_X": 59.0, "eval_runtime": 20.9781, "eval_samples_per_second": 57.203, "eval_steps_per_second": 1.811}