{"eval_loss": 1.036637306213379, "eval_token_acc": 0.7908826548067054, "eval_f1_macro": 0.5691895417628557, "eval_prec_ADJ": 0.6627218934911243, "eval_f1_ADJ": 0.5481239804241436, "eval_support_ADJ": 719.0, "eval_prec_ADP": 0.7655086848635235, "eval_f1_ADP": 0.850447966919366, "eval_support_ADP": 645.0, "eval_prec_ADV": 0.5246604717655469, "eval_f1_ADV": 0.6068623398098387, "eval_support_ADV": 1020.0, "eval_prec_AUX": 0.5684647302904564, "eval_f1_AUX": 0.567287784679089, "eval_support_AUX": 242.0, "eval_prec_CCONJ": 0.4235294117647059, "eval_f1_CCONJ": 0.5950413223140496, "eval_support_CCONJ": 144.0, "eval_prec_DET": 0.5775193798449613, "eval_f1_DET": 0.711217183770883, "eval_support_DET": 161.0, "eval_prec_INTJ": 1.0, "eval_f1_INTJ": 0.21052631578947367, "eval_support_INTJ": 17.0, "eval_prec_NOUN": 0.8905923344947735, "eval_f1_NOUN": 0.866587557213087, "eval_support_NOUN": 3029.0, "eval_prec_NUM": 0.9107981220657277, "eval_f1_NUM": 0.8049792531120332, "eval_support_NUM": 269.0, "eval_prec_PART": 0.0, "eval_f1_PART": 0.0, "eval_support_PART": 89.0, "eval_prec_PRON": 0.5961227786752827, "eval_f1_PRON": 0.6417391304347826, "eval_support_PRON": 531.0, "eval_prec_PROPN": 0.9393939393939394, "eval_f1_PROPN": 0.9402319357716324, "eval_support_PROPN": 560.0, "eval_prec_PUNCT": 0.997651203758074, "eval_f1_PUNCT": 0.997651203758074, "eval_support_PUNCT": 1703.0, "eval_prec_SCONJ": 0.4606741573033708, "eval_f1_SCONJ": 0.1740976645435244, "eval_support_SCONJ": 382.0, "eval_prec_SYM": 0.2727272727272727, "eval_f1_SYM": 0.3333333333333333, "eval_support_SYM": 7.0, "eval_prec_VERB": 0.8417231364956438, "eval_f1_VERB": 0.8280952380952381, "eval_support_VERB": 2134.0, "eval_prec_X": 0.0, "eval_f1_X": 0.0, "eval_support_X": 40.0, "eval_runtime": 6.1067, "eval_samples_per_second": 131.004, "eval_steps_per_second": 4.094}