{"eval_loss": 0.6970167756080627, "eval_token_acc": 0.8263622729545076, "eval_f1_macro": 0.5892652372259423, "eval_prec_ADJ": 0.7528809218950064, "eval_f1_ADJ": 0.8099173553719008, "eval_support_ADJ": 671.0, "eval_prec_ADP": 0.9430346970481616, "eval_f1_ADP": 0.9536527886881383, "eval_support_ADP": 1888.0, "eval_prec_ADV": 0.9081272084805654, "eval_f1_ADV": 0.7249647390691114, "eval_support_ADV": 426.0, "eval_prec_AUX": 0.7755102040816326, "eval_f1_AUX": 0.4769874476987448, "eval_support_AUX": 331.0, "eval_prec_CCONJ": 0.9859154929577465, "eval_f1_CCONJ": 0.9308510638297872, "eval_support_CCONJ": 397.0, "eval_prec_DET": 0.9661876584953508, "eval_f1_DET": 0.7926490984743412, "eval_support_DET": 1701.0, "eval_prec_INTJ": 0.0, "eval_f1_INTJ": 0.0, "eval_support_INTJ": 1.0, "eval_prec_NOUN": 0.7509157509157509, "eval_f1_NOUN": 0.8252818035426731, "eval_support_NOUN": 2238.0, "eval_prec_NUM": 0.4492753623188406, "eval_f1_NUM": 0.4901185770750988, "eval_support_NUM": 230.0, "eval_prec_PART": 0.0, "eval_f1_PART": 0.0, "eval_support_PART": 1.0, "eval_prec_PRON": 0.6198547215496368, "eval_f1_PRON": 0.5919075144508671, "eval_support_PRON": 452.0, "eval_prec_PROPN": 0.6981300089047195, "eval_f1_PROPN": 0.8078310149407522, "eval_support_PROPN": 818.0, "eval_prec_PUNCT": 0.997643362136685, "eval_f1_PUNCT": 0.9988202909948879, "eval_support_PUNCT": 1270.0, "eval_prec_SCONJ": 0.8284182305630027, "eval_f1_SCONJ": 0.8704225352112676, "eval_support_SCONJ": 337.0, "eval_prec_SYM": 0.0, "eval_f1_SYM": 0.0, "eval_support_SYM": 25.0, "eval_prec_VERB": 0.7607142857142857, "eval_f1_VERB": 0.7441048034934498, "eval_support_VERB": 1170.0, "eval_prec_X": 0.0, "eval_f1_X": 0.0, "eval_support_X": 46.0, "eval_runtime": 9.015, "eval_samples_per_second": 47.366, "eval_steps_per_second": 1.553}