{"eval_loss": 2.192106008529663, "eval_token_acc": 0.274037660389935, "eval_f1_macro": 0.18149000354640446, "eval_prec_ADJ": 0.410958904109589, "eval_f1_ADJ": 0.08064516129032258, "eval_support_ADJ": 671.0, "eval_prec_ADP": 0.5242896425297892, "eval_f1_ADP": 0.3840214837193689, "eval_support_ADP": 1888.0, "eval_prec_ADV": 0.6666666666666666, "eval_f1_ADV": 0.009324009324009324, "eval_support_ADV": 426.0, "eval_prec_AUX": 0.12468951813214109, "eval_f1_AUX": 0.21416382252559726, "eval_support_AUX": 331.0, "eval_prec_CCONJ": 0.0, "eval_f1_CCONJ": 0.0, "eval_support_CCONJ": 397.0, "eval_prec_DET": 0.383289124668435, "eval_f1_DET": 0.23543788187372708, "eval_support_DET": 1701.0, "eval_prec_INTJ": 0.0, "eval_f1_INTJ": 0.0, "eval_support_INTJ": 1.0, "eval_prec_NOUN": 0.3551912568306011, "eval_f1_NOUN": 0.09984639016897082, "eval_support_NOUN": 2238.0, "eval_prec_NUM": 0.14581939799331103, "eval_f1_NUM": 0.2527536231884058, "eval_support_NUM": 230.0, "eval_prec_PART": 0.0, "eval_f1_PART": 0.0, "eval_support_PART": 1.0, "eval_prec_PRON": 0.40816326530612246, "eval_f1_PRON": 0.40313549832026874, "eval_support_PRON": 452.0, "eval_prec_PROPN": 0.18530884808013356, "eval_f1_PROPN": 0.15666901905434016, "eval_support_PROPN": 818.0, "eval_prec_PUNCT": 0.8532974427994616, "eval_f1_PUNCT": 0.9201741654571843, "eval_support_PUNCT": 1270.0, "eval_prec_SCONJ": 0.11206896551724138, "eval_f1_SCONJ": 0.05739514348785872, "eval_support_SCONJ": 337.0, "eval_prec_SYM": 0.0, "eval_f1_SYM": 0.0, "eval_support_SYM": 25.0, "eval_prec_VERB": 0.5077720207253886, "eval_f1_VERB": 0.2519280205655527, "eval_support_VERB": 1170.0, "eval_prec_X": 0.010076441973592773, "eval_f1_X": 0.019835841313269494, "eval_support_X": 46.0, "eval_runtime": 8.813, "eval_samples_per_second": 48.451, "eval_steps_per_second": 1.589}