{"eval_loss": 0.6871393322944641, "eval_token_acc": 0.8419163198525907, "eval_f1_macro": 0.6065201643316138, "eval_prec_ADJ": 0.7878787878787878, "eval_f1_ADJ": 0.7811539774667122, "eval_support_ADJ": 1477.0, "eval_prec_ADP": 0.825836216839677, "eval_f1_ADP": 0.9019254993701638, "eval_support_ADP": 5045.0, "eval_prec_ADV": 0.7065502183406114, "eval_f1_ADV": 0.7723150357995227, "eval_support_ADV": 950.0, "eval_prec_AUX": 0.7131474103585658, "eval_f1_AUX": 0.7595473833097596, "eval_support_AUX": 661.0, "eval_prec_CCONJ": 0.9306071871127634, "eval_f1_CCONJ": 0.8194217130387343, "eval_support_CCONJ": 1026.0, "eval_prec_DET": 0.9779811266800115, "eval_f1_DET": 0.834859025997803, "eval_support_DET": 4696.0, "eval_prec_INTJ": 0.0, "eval_f1_INTJ": 0.0, "eval_support_INTJ": 0.0, "eval_prec_NOUN": 0.7944658182894347, "eval_f1_NOUN": 0.8700372711067899, "eval_support_NOUN": 5584.0, "eval_prec_NUM": 0.8513650151668352, "eval_f1_NUM": 0.9127371273712737, "eval_support_NUM": 856.0, "eval_prec_PART": 0.0, "eval_f1_PART": 0.0, "eval_support_PART": 46.0, "eval_prec_PRON": 0.36348949919224555, "eval_f1_PRON": 0.3303964757709251, "eval_support_PRON": 743.0, "eval_prec_PROPN": 0.9380530973451328, "eval_f1_PROPN": 0.6999417362594679, "eval_support_PROPN": 3228.0, "eval_prec_PUNCT": 0.997037037037037, "eval_f1_PUNCT": 0.9940915805022157, "eval_support_PUNCT": 4074.0, "eval_prec_SCONJ": 0.07621951219512195, "eval_f1_SCONJ": 0.12886597938144329, "eval_support_SCONJ": 120.0, "eval_prec_SYM": 0.0, "eval_f1_SYM": 0.0, "eval_support_SYM": 107.0, "eval_prec_VERB": 0.90619340818544, "eval_f1_VERB": 0.8990298239310097, "eval_support_VERB": 2805.0, "eval_prec_X": 0.0, "eval_f1_X": 0.0, "eval_support_X": 59.0, "eval_runtime": 20.4387, "eval_samples_per_second": 58.712, "eval_steps_per_second": 1.859}