{"eval_loss": 4.711056709289551, "eval_token_acc": 0.22173189009159033, "eval_f1_macro": 0.16389722209522192, "eval_prec_ADJ": 0.05555555555555555, "eval_f1_ADJ": 0.006896551724137931, "eval_support_ADJ": 272.0, "eval_prec_ADP": 0.45017182130584193, "eval_f1_ADP": 0.3171912832929782, "eval_support_ADP": 535.0, "eval_prec_ADV": 0.11764705882352941, "eval_f1_ADV": 0.012944983818770227, "eval_support_ADV": 292.0, "eval_prec_AUX": 0.8648648648648649, "eval_f1_AUX": 0.13973799126637554, "eval_support_AUX": 421.0, "eval_prec_CCONJ": 0.0, "eval_f1_CCONJ": 0.0, "eval_support_CCONJ": 191.0, "eval_prec_DET": 0.0, "eval_f1_DET": 0.0, "eval_support_DET": 139.0, "eval_prec_INTJ": 0.0, "eval_f1_INTJ": 0.0, "eval_support_INTJ": 0.0, "eval_prec_NOUN": 0.27450980392156865, "eval_f1_NOUN": 0.04643449419568822, "eval_support_NOUN": 3312.0, "eval_prec_NUM": 0.9869848156182213, "eval_f1_NUM": 0.8168761220825853, "eval_support_NUM": 653.0, "eval_prec_PART": 0.0, "eval_f1_PART": 0.0, "eval_support_PART": 992.0, "eval_prec_PRON": 0.6580645161290323, "eval_f1_PRON": 0.631578947368421, "eval_support_PRON": 168.0, "eval_prec_PROPN": 0.6647398843930635, "eval_f1_PROPN": 0.19508057675996607, "eval_support_PROPN": 1006.0, "eval_prec_PUNCT": 0.1609611900448174, "eval_f1_PUNCT": 0.2772895277207392, "eval_support_PUNCT": 1688.0, "eval_prec_SCONJ": 0.8305084745762712, "eval_f1_SCONJ": 0.17375886524822695, "eval_support_SCONJ": 505.0, "eval_prec_SYM": 0.0, "eval_f1_SYM": 0.0, "eval_support_SYM": 3.0, "eval_prec_VERB": 0.6666666666666666, "eval_f1_VERB": 0.0045662100456621, "eval_support_VERB": 1746.0, "eval_prec_X": 0.0, "eval_f1_X": 0.0, "eval_support_X": 87.0, "eval_runtime": 13.0471, "eval_samples_per_second": 38.323, "eval_steps_per_second": 1.226}