{"eval_loss": 2.4401283264160156, "eval_token_acc": 0.44021648626144877, "eval_f1_macro": 0.18860605380689494, "eval_prec_ADJ": 0.32038834951456313, "eval_f1_ADJ": 0.176, "eval_support_ADJ": 272.0, "eval_prec_ADP": 0.6, "eval_f1_ADP": 0.011111111111111112, "eval_support_ADP": 535.0, "eval_prec_ADV": 0.4166666666666667, "eval_f1_ADV": 0.06329113924050633, "eval_support_ADV": 292.0, "eval_prec_AUX": 0.6, "eval_f1_AUX": 0.11587982832618025, "eval_support_AUX": 421.0, "eval_prec_CCONJ": 0.01694915254237288, "eval_f1_CCONJ": 0.008, "eval_support_CCONJ": 191.0, "eval_prec_DET": 0.0, "eval_f1_DET": 0.0, "eval_support_DET": 139.0, "eval_prec_INTJ": 0.0, "eval_f1_INTJ": 0.0, "eval_support_INTJ": 0.0, "eval_prec_NOUN": 0.502944640753828, "eval_f1_NOUN": 0.609564596716631, "eval_support_NOUN": 3312.0, "eval_prec_NUM": 0.6147672552166934, "eval_f1_NUM": 0.6003134796238244, "eval_support_NUM": 653.0, "eval_prec_PART": 0.0, "eval_f1_PART": 0.0, "eval_support_PART": 992.0, "eval_prec_PRON": 0.47085201793721976, "eval_f1_PRON": 0.5370843989769821, "eval_support_PRON": 168.0, "eval_prec_PROPN": 0.0, "eval_f1_PROPN": 0.0, "eval_support_PROPN": 1006.0, "eval_prec_PUNCT": 0.320303605313093, "eval_f1_PUNCT": 0.48519689565967233, "eval_support_PUNCT": 1688.0, "eval_prec_SCONJ": 0.0, "eval_f1_SCONJ": 0.0, "eval_support_SCONJ": 505.0, "eval_prec_SYM": 0.0, "eval_f1_SYM": 0.0, "eval_support_SYM": 3.0, "eval_prec_VERB": 0.8421985815602837, "eval_f1_VERB": 0.41125541125541126, "eval_support_VERB": 1746.0, "eval_prec_X": 0.0, "eval_f1_X": 0.0, "eval_support_X": 87.0, "eval_runtime": 13.3691, "eval_samples_per_second": 37.4, "eval_steps_per_second": 1.197}