{"eval_loss": 1.5472092628479004, "eval_token_acc": 0.6683101445359989, "eval_f1_macro": 0.5795085546798262, "eval_prec_ADJ": 0.7209515096065874, "eval_f1_ADJ": 0.6973451327433628, "eval_support_ADJ": 1167.0, "eval_prec_ADP": 0.940952380952381, "eval_f1_ADP": 0.27429205996668515, "eval_support_ADP": 3077.0, "eval_prec_ADV": 0.17357001972386588, "eval_f1_ADV": 0.27848101265822783, "eval_support_ADV": 125.0, "eval_prec_AUX": 0.5338474721508141, "eval_f1_AUX": 0.6125860373647984, "eval_support_AUX": 867.0, "eval_prec_CCONJ": 0.9275766016713092, "eval_f1_CCONJ": 0.9555236728837877, "eval_support_CCONJ": 338.0, "eval_prec_DET": 0.5846153846153846, "eval_f1_DET": 0.6761565836298933, "eval_support_DET": 237.0, "eval_prec_INTJ": 0.0, "eval_f1_INTJ": 0.0, "eval_support_INTJ": 0.0, "eval_prec_NOUN": 0.8820754716981132, "eval_f1_NOUN": 0.8449590511155041, "eval_support_NOUN": 3690.0, "eval_prec_NUM": 0.7647058823529411, "eval_f1_NUM": 0.7717996289424861, "eval_support_NUM": 267.0, "eval_prec_PART": 0.02939575394665215, "eval_f1_PART": 0.04967801287948482, "eval_support_PART": 337.0, "eval_prec_PRON": 0.9132530120481928, "eval_f1_PRON": 0.8293216630196937, "eval_support_PRON": 499.0, "eval_prec_PROPN": 0.7949087415946205, "eval_f1_PROPN": 0.8158737983731822, "eval_support_PROPN": 1975.0, "eval_prec_PUNCT": 0.9941520467836257, "eval_f1_PUNCT": 0.9956076134699854, "eval_support_PUNCT": 682.0, "eval_prec_SCONJ": 0.5448113207547169, "eval_f1_SCONJ": 0.6875, "eval_support_SCONJ": 248.0, "eval_prec_SYM": 0.0, "eval_f1_SYM": 0.0, "eval_support_SYM": 0.0, "eval_prec_VERB": 0.6872451951077461, "eval_f1_VERB": 0.783012607830126, "eval_support_VERB": 1297.0, "eval_prec_X": 0.0, "eval_f1_X": 0.0, "eval_support_X": 0.0, "eval_runtime": 10.1447, "eval_samples_per_second": 52.737, "eval_steps_per_second": 1.676}