{"eval_loss": 0.5291982293128967, "eval_token_acc": 0.8568571904682553, "eval_f1_macro": 0.6249947013008048, "eval_prec_ADJ": 0.877742946708464, "eval_f1_ADJ": 0.8556149732620321, "eval_support_ADJ": 671.0, "eval_prec_ADP": 0.833926981300089, "eval_f1_ADP": 0.9061441702951137, "eval_support_ADP": 1888.0, "eval_prec_ADV": 0.6235864297253635, "eval_f1_ADV": 0.738755980861244, "eval_support_ADV": 426.0, "eval_prec_AUX": 0.8098591549295775, "eval_f1_AUX": 0.7479674796747967, "eval_support_AUX": 331.0, "eval_prec_CCONJ": 0.9293193717277487, "eval_f1_CCONJ": 0.9114249037227214, "eval_support_CCONJ": 397.0, "eval_prec_DET": 0.9665198237885463, "eval_f1_DET": 0.7736248236953456, "eval_support_DET": 1701.0, "eval_prec_INTJ": 0.0, "eval_f1_INTJ": 0.0, "eval_support_INTJ": 1.0, "eval_prec_NOUN": 0.8993630573248408, "eval_f1_NOUN": 0.922273024167211, "eval_support_NOUN": 2238.0, "eval_prec_NUM": 0.7533333333333333, "eval_f1_NUM": 0.8528301886792453, "eval_support_NUM": 230.0, "eval_prec_PART": 0.0, "eval_f1_PART": 0.0, "eval_support_PART": 1.0, "eval_prec_PRON": 0.39276485788113696, "eval_f1_PRON": 0.36233611442193087, "eval_support_PRON": 452.0, "eval_prec_PROPN": 0.9306784660766961, "eval_f1_PROPN": 0.8435828877005348, "eval_support_PROPN": 818.0, "eval_prec_PUNCT": 0.997643362136685, "eval_f1_PUNCT": 0.9988202909948879, "eval_support_PUNCT": 1270.0, "eval_prec_SCONJ": 0.7769423558897243, "eval_f1_SCONJ": 0.842391304347826, "eval_support_SCONJ": 337.0, "eval_prec_SYM": 0.0, "eval_f1_SYM": 0.0, "eval_support_SYM": 25.0, "eval_prec_VERB": 0.8238897396630934, "eval_f1_VERB": 0.8691437802907916, "eval_support_VERB": 1170.0, "eval_prec_X": 0.0, "eval_f1_X": 0.0, "eval_support_X": 46.0, "eval_runtime": 8.8664, "eval_samples_per_second": 48.159, "eval_steps_per_second": 1.579}