{"eval_loss": 0.74828040599823, "eval_token_acc": 0.7818655676101582, "eval_f1_macro": 0.5783661331011608, "eval_prec_ADJ": 0.8885832187070152, "eval_f1_ADJ": 0.6538461538461539, "eval_support_ADJ": 1249.0, "eval_prec_ADP": 0.5428063943161634, "eval_f1_ADP": 0.6917157084653689, "eval_support_ADP": 1603.0, "eval_prec_ADV": 0.5919610231425091, "eval_f1_ADV": 0.72, "eval_support_ADV": 1058.0, "eval_prec_AUX": 0.889795918367347, "eval_f1_AUX": 0.7383573243014394, "eval_support_AUX": 691.0, "eval_prec_CCONJ": 0.9553571428571429, "eval_f1_CCONJ": 0.9427312775330396, "eval_support_CCONJ": 460.0, "eval_prec_DET": 0.9583333333333334, "eval_f1_DET": 0.43869209809264303, "eval_support_DET": 2264.0, "eval_prec_INTJ": 0.0, "eval_f1_INTJ": 0.0, "eval_support_INTJ": 4.0, "eval_prec_NOUN": 0.9277638190954773, "eval_f1_NOUN": 0.9385226370135028, "eval_support_NOUN": 3111.0, "eval_prec_NUM": 0.6391184573002755, "eval_f1_NUM": 0.7785234899328859, "eval_support_NUM": 233.0, "eval_prec_PART": 0.0, "eval_f1_PART": 0.0, "eval_support_PART": 210.0, "eval_prec_PRON": 0.5611764705882353, "eval_f1_PRON": 0.6135048231511254, "eval_support_PRON": 705.0, "eval_prec_PROPN": 0.8475103734439834, "eval_f1_PROPN": 0.8227593152064451, "eval_support_PROPN": 1022.0, "eval_prec_PUNCT": 0.9966301600673968, "eval_f1_PUNCT": 0.9983122362869198, "eval_support_PUNCT": 2366.0, "eval_prec_SCONJ": 0.5690376569037657, "eval_f1_SCONJ": 0.6683046683046683, "eval_support_SCONJ": 168.0, "eval_prec_SYM": 0.0, "eval_f1_SYM": 0.0, "eval_support_SYM": 4.0, "eval_prec_VERB": 0.7302137492778741, "eval_f1_VERB": 0.8269545305855414, "eval_support_VERB": 1326.0, "eval_prec_X": 0.0, "eval_f1_X": 0.0, "eval_support_X": 25.0, "eval_runtime": 11.7336, "eval_samples_per_second": 83.265, "eval_steps_per_second": 2.642}