{"eval_loss": 0.9402026534080505, "eval_token_acc": 0.7708946256163759, "eval_f1_macro": 0.4917923167701428, "eval_prec_ADJ": 0.7506702412868632, "eval_f1_ADJ": 0.796133067955644, "eval_support_ADJ": 1652.0, "eval_prec_ADP": 0.9473684210526315, "eval_f1_ADP": 0.8535483870967742, "eval_support_ADP": 3407.0, "eval_prec_ADV": 0.68, "eval_f1_ADV": 0.5362776025236593, "eval_support_ADV": 384.0, "eval_prec_AUX": 0.775, "eval_f1_AUX": 0.06602768903088392, "eval_support_AUX": 899.0, "eval_prec_CCONJ": 0.7925407925407926, "eval_f1_CCONJ": 0.8819714656290532, "eval_support_CCONJ": 1026.0, "eval_prec_DET": 0.3982202447163515, "eval_f1_DET": 0.5151079136690647, "eval_support_DET": 491.0, "eval_prec_INTJ": 0.0, "eval_f1_INTJ": 0.0, "eval_support_INTJ": 27.0, "eval_prec_NOUN": 0.8970976253298153, "eval_f1_NOUN": 0.8826801829645197, "eval_support_NOUN": 8219.0, "eval_prec_NUM": 0.7107692307692308, "eval_f1_NUM": 0.7475728155339806, "eval_support_NUM": 293.0, "eval_prec_PART": 0.12, "eval_f1_PART": 0.21052631578947367, "eval_support_PART": 28.0, "eval_prec_PRON": 0.7685873605947955, "eval_f1_PRON": 0.7511353315168029, "eval_support_PRON": 1126.0, "eval_prec_PROPN": 1.0, "eval_f1_PROPN": 0.007174887892376682, "eval_support_PROPN": 1111.0, "eval_prec_PUNCT": 1.0, "eval_f1_PUNCT": 1.0, "eval_support_PUNCT": 2141.0, "eval_prec_SCONJ": 0.9084507042253521, "eval_f1_SCONJ": 0.3333333333333333, "eval_support_SCONJ": 632.0, "eval_prec_SYM": 0.0, "eval_f1_SYM": 0.0, "eval_support_SYM": 0.0, "eval_prec_VERB": 0.6749116607773852, "eval_f1_VERB": 0.7789803921568628, "eval_support_VERB": 2696.0, "eval_prec_X": 0.0, "eval_f1_X": 0.0, "eval_support_X": 1.0, "eval_runtime": 15.2211, "eval_samples_per_second": 95.591, "eval_steps_per_second": 3.022}