{"eval_loss": 0.7596450448036194, "eval_token_acc": 0.7836838596278562, "eval_f1_macro": 0.5835540848971214, "eval_prec_ADJ": 0.7308567096285065, "eval_f1_ADJ": 0.7507788161993769, "eval_support_ADJ": 1249.0, "eval_prec_ADP": 0.7325812873258128, "eval_f1_ADP": 0.7099678456591639, "eval_support_ADP": 1603.0, "eval_prec_ADV": 0.5122549019607843, "eval_f1_ADV": 0.44610458911419426, "eval_support_ADV": 1058.0, "eval_prec_AUX": 0.7913043478260869, "eval_f1_AUX": 0.3952225841476656, "eval_support_AUX": 691.0, "eval_prec_CCONJ": 0.9612756264236902, "eval_f1_CCONJ": 0.9388209121245829, "eval_support_CCONJ": 460.0, "eval_prec_DET": 0.9735449735449735, "eval_f1_DET": 0.7796610169491526, "eval_support_DET": 2264.0, "eval_prec_INTJ": 0.0, "eval_f1_INTJ": 0.0, "eval_support_INTJ": 4.0, "eval_prec_NOUN": 0.929903536977492, "eval_f1_NOUN": 0.929754058832985, "eval_support_NOUN": 3111.0, "eval_prec_NUM": 0.59, "eval_f1_NUM": 0.6641651031894934, "eval_support_NUM": 233.0, "eval_prec_PART": 0.24363636363636362, "eval_f1_PART": 0.3526315789473684, "eval_support_PART": 210.0, "eval_prec_PRON": 0.5484429065743944, "eval_f1_PRON": 0.6813541106931758, "eval_support_PRON": 705.0, "eval_prec_PROPN": 0.7065217391304348, "eval_f1_PROPN": 0.7878787878787878, "eval_support_PROPN": 1022.0, "eval_prec_PUNCT": 0.9953723180479596, "eval_f1_PUNCT": 0.9976807927472064, "eval_support_PUNCT": 2366.0, "eval_prec_SCONJ": 0.7158469945355191, "eval_f1_SCONJ": 0.7464387464387464, "eval_support_SCONJ": 168.0, "eval_prec_SYM": 0.0, "eval_f1_SYM": 0.0, "eval_support_SYM": 4.0, "eval_prec_VERB": 0.6565420560747663, "eval_f1_VERB": 0.7399605003291639, "eval_support_VERB": 1326.0, "eval_prec_X": 0.0, "eval_f1_X": 0.0, "eval_support_X": 25.0, "eval_runtime": 12.6712, "eval_samples_per_second": 77.104, "eval_steps_per_second": 2.446}