{"eval_loss": 0.25634869933128357, "eval_token_acc": 0.9385583124185913, "eval_f1_macro": 0.7572899054003184, "eval_prec_ADJ": 0.8950863213811421, "eval_f1_ADJ": 0.9037881327522628, "eval_support_ADJ": 1477.0, "eval_prec_ADP": 0.9793307086614174, "eval_f1_ADP": 0.9827160493827161, "eval_support_ADP": 5045.0, "eval_prec_ADV": 0.9620390455531453, "eval_f1_ADV": 0.9476495726495726, "eval_support_ADV": 950.0, "eval_prec_AUX": 0.8108108108108109, "eval_f1_AUX": 0.8762169680111266, "eval_support_AUX": 661.0, "eval_prec_CCONJ": 0.9704749679075738, "eval_f1_CCONJ": 0.8376731301939058, "eval_support_CCONJ": 1026.0, "eval_prec_DET": 0.9824412946900782, "eval_f1_DET": 0.9856733524355301, "eval_support_DET": 4696.0, "eval_prec_INTJ": 0.0, "eval_f1_INTJ": 0.0, "eval_support_INTJ": 0.0, "eval_prec_NOUN": 0.9380993897122929, "eval_f1_NOUN": 0.9506140118385016, "eval_support_NOUN": 5584.0, "eval_prec_NUM": 0.9668711656441717, "eval_f1_NUM": 0.943147815679234, "eval_support_NUM": 856.0, "eval_prec_PART": 0.0, "eval_f1_PART": 0.0, "eval_support_PART": 46.0, "eval_prec_PRON": 0.8172231985940246, "eval_f1_PRON": 0.7088414634146342, "eval_support_PRON": 743.0, "eval_prec_PROPN": 0.963200540175557, "eval_f1_PROPN": 0.9218093699515347, "eval_support_PROPN": 3228.0, "eval_prec_PUNCT": 0.999008428358949, "eval_f1_PUNCT": 0.9940799210656142, "eval_support_PUNCT": 4074.0, "eval_prec_SCONJ": 0.08404802744425385, "eval_f1_SCONJ": 0.13940256045519203, "eval_support_SCONJ": 120.0, "eval_prec_SYM": 0.6331360946745562, "eval_f1_SYM": 0.7753623188405797, "eval_support_SYM": 107.0, "eval_prec_VERB": 0.9684951816160119, "eval_f1_VERB": 0.9496638197346902, "eval_support_VERB": 2805.0, "eval_prec_X": 0.1487603305785124, "eval_f1_X": 0.2, "eval_support_X": 59.0, "eval_runtime": 18.3436, "eval_samples_per_second": 65.418, "eval_steps_per_second": 2.072}